#ifndef AMBEDKAR_IMAGES_H
#define AMBEDKAR_IMAGES_H

#include <Arduino.h>

#define LIFE_IMG_W 90
#define LIFE_IMG_H 120

const uint16_t life_01[10800] = {
  0x0000, 0x0000, 0x0000, 0x0000, 0x0000, 0x0000, 0x0000, 0x0000, 0x0000, 0x0000, 0x0000, 0x0000, 0x0000, 0x0000, 0x0000, 0x0000,
  0x0000, 0x0000, 0x0000, 0x0000, 0x0000, 0x0000, 0x0000, 0x0000, 0x0000, 0x0000, 0x0000, 0x0000, 0x0000, 0x0000, 0x0000, 0x0000,
  0x0000, 0x0000, 0x0000, 0x0000, 0x0000, 0x0000, 0x0000, 0x0000, 0x0000, 0x0000, 0x0000, 0x0000, 0x0000, 0x0000, 0x0000, 0x0000,
  0x0000, 0x0000, 0x0000, 0x0000, 0x0000, 0x0000, 0x0000, 0x0000, 0x0000, 0x0000, 0x0000, 0x0000, 0x0000, 0x0000, 0x0000, 0x0000,
  0x0000, 0x0000, 0x0000, 0x0000, 0x0000, 0x0000, 0x0000, 0x0000, 0x0000, 0x0000, 0x0000, 0x0000, 0x0000, 0x0000, 0x0000, 0x0000,
  0x0000, 0x0000, 0x0000, 0x0000, 0x0000, 0x0000, 0x0000, 0x0000, 0x0000, 0x0000, 0x0000, 0x0000, 0x0000, 0x0000, 0x0000, 0x0000,
  0x0000, 0x0000, 0x0000, 0x0000, 0x0000, 0x0000, 0x0000, 0x0000, 0x0000, 0x0000, 0x0000, 0x0000, 0x0000, 0x0000, 0x0000, 0x0000,
  0x0000, 0x0000, 0x0000, 0x0000, 0x0000, 0x0000, 0x0000, 0x0000, 0x0000, 0x0000, 0x0000, 0x0000, 0x0000, 0x0000, 0x0000, 0x0000,
  0x0000, 0x0000, 0x0000, 0x0000, 0x0000, 0x0000, 0x0000, 0x0000, 0x0000, 0x0000, 0x0000, 0x0000, 0x0000, 0x0000, 0x0000, 0x0000,
  0x0000, 0x0000, 0x0000, 0x0000, 0x0000, 0x0000, 0x0000, 0x0000, 0x0000, 0x0000, 0x0000, 0x0000, 0x0000, 0x0000, 0x0000, 0x0000,
  0x0000, 0x0000, 0x0000, 0x0000, 0x0000, 0x0000, 0x0000, 0x0000, 0x0000, 0x0000, 0x0000, 0x0000, 0x0000, 0x0000, 0x0000, 0x0000,
  0x0000, 0x0000, 0x0000, 0x0000, 0x0000, 0x0000, 0x0000, 0x0000, 0x0000, 0x0000, 0x0000, 0x0000, 0x0000, 0x0000, 0x0000, 0x0000,
  0x0000, 0x0000, 0x0000, 0x0000, 0x0000, 0x0000, 0x0000, 0x0000, 0x0000, 0x0000, 0x0000, 0x0000, 0x0000, 0x0000, 0x0000, 0x0000,
  0x0000, 0x0000, 0x0000, 0x0000, 0x0000, 0x0000, 0x0000, 0x0000, 0x0000, 0x0000, 0x0000, 0x0000, 0x0000, 0x0000, 0x0000, 0x0000,
  0x0000, 0x0000, 0x0000, 0x0000, 0x0000, 0x0000, 0x0000, 0x0000, 0x0000, 0x0000, 0x0000, 0x0000, 0x0000, 0x0000, 0x0000, 0x0000,
  0x0000, 0x0000, 0x0000, 0x0000, 0x0000, 0x0000, 0x0000, 0x0000, 0x0000, 0x0000, 0x0000, 0x0000, 0x0000, 0x0000, 0x0000, 0x0000,
  0x0000, 0x0000, 0x0000, 0x0000, 0x0000, 0x0000, 0x0000, 0x0000, 0x0000, 0x0000, 0x0000, 0x0000, 0x0000, 0x0000, 0x0000, 0x0000,
  0x0000, 0x0000, 0x0000, 0x0000, 0x0000, 0x0000, 0x0000, 0x0000, 0x0000, 0x0000, 0x0000, 0x0000, 0x0000, 0x0000, 0x0000, 0x0000,
  0x0000, 0x0000, 0x0000, 0x0000, 0x0000, 0x0000, 0x0000, 0x0000, 0x0000, 0x0000, 0x0000, 0x0000, 0x0000, 0x0000, 0x0000, 0x0000,
  0x0000, 0x0000, 0x0000, 0x0000, 0x0000, 0x0000, 0x0000, 0x0000, 0x0000, 0x0000, 0x0000, 0x0000, 0x0000, 0x0000, 0x0000, 0x0000,
  0x0000, 0x0000, 0x0000, 0x0000, 0x0000, 0x0000, 0x0000, 0x0000, 0x0000, 0x0000, 0x0000, 0x0000, 0x0000, 0x0000, 0x0000, 0x0000,
  0x0000, 0x0000, 0x0000, 0x0000, 0x0000, 0x0000, 0x0000, 0x0000, 0x0000, 0x0000, 0x0000, 0x0000, 0x0000, 0x0000, 0x0000, 0x0000,
  0x0000, 0x0000, 0x0000, 0x0000, 0x0000, 0x0000, 0x0000, 0x0000, 0x0000, 0x0000, 0x0000, 0x0000, 0x0000, 0x0000, 0x0000, 0x0000,
  0x0000, 0x0000, 0x0000, 0x0000, 0x0000, 0x0000, 0x0000, 0x0000, 0x0000, 0x0000, 0x0000, 0x0000, 0x0000, 0x0000, 0x0000, 0x0000,
  0x0000, 0x0000, 0x0000, 0x0000, 0x0000, 0x0000, 0x0000, 0x0000, 0x0000, 0x0000, 0x0000, 0x0000, 0x0000, 0x0000, 0x0000, 0x0000,
  0x0000, 0x0000, 0x0000, 0x0000, 0x0000, 0x0000, 0x0000, 0x0000, 0x0000, 0x0000, 0x0000, 0x0000, 0x0000, 0x0000, 0x0000, 0x0000,
  0x0000, 0x0000, 0x0000, 0x0000, 0x0000, 0x0000, 0x0000, 0x0000, 0x0000, 0x0000, 0x0000, 0x0000, 0x0000, 0x0000, 0x0000, 0x0000,
  0x0000, 0x0000, 0x0000, 0x0000, 0x0000, 0x0000, 0x0000, 0x0000, 0x0000, 0x0000, 0x0000, 0x0000, 0x0000, 0x0000, 0x0000, 0x0000,
  0x0000, 0x0000, 0x0000, 0x0000, 0x0000, 0x0000, 0x0000, 0x0000, 0x0000, 0x0000, 0x0000, 0x0000, 0x0000, 0x0000, 0x0000, 0x0000,
  0x0000, 0x0000, 0x0000, 0x0000, 0x0000, 0x0000, 0x0000, 0x0000, 0x0000, 0x0000, 0x0000, 0x0000, 0x0000, 0x0000, 0x0000, 0x0000,
  0x0000, 0x0000, 0x0000, 0x0000, 0x0000, 0x0000, 0x0000, 0x0000, 0x0000, 0x0000, 0x0000, 0x0000, 0x0000, 0x0000, 0x0000, 0x0000,
  0x0000, 0x0000, 0x0000, 0x0000, 0x0000, 0x0000, 0x0000, 0x0000, 0x0000, 0x0000, 0x0000, 0x0000, 0x0000, 0x0000, 0x0000, 0x0000,
  0x0000, 0x0000, 0x0000, 0x0000, 0x0000, 0x0000, 0x0000, 0x0000, 0x0000, 0x0000, 0x0000, 0x0000, 0x0000, 0x0000, 0x0000, 0x0000,
  0x0000, 0x0000, 0x0000, 0x0000, 0x0000, 0x0000, 0x0000, 0x0000, 0x0000, 0x0000, 0x0000, 0x0000, 0x0000, 0x0000, 0x0000, 0x0000,
  0x0000, 0x0000, 0x0000, 0x0000, 0x0000, 0x0000, 0x0000, 0x0000, 0x0000, 0x0000, 0x0000, 0x0000, 0x0000, 0x0000, 0x0000, 0x0000,
  0x0000, 0x0000, 0x0000, 0x0000, 0x0000, 0x0000, 0x0000, 0x0000, 0x0000, 0x0000, 0x0000, 0x0000, 0x0000, 0x0000, 0x0000, 0x0000,
  0x0000, 0x0000, 0x0000, 0x0000, 0x0000, 0x0000, 0x0000, 0x0000, 0x0000, 0x0000, 0x0000, 0x0000, 0x0000, 0x0000, 0x0000, 0x0000,
  0x0000, 0x0000, 0x0000, 0x0000, 0x0000, 0x0000, 0x0000, 0x0000, 0x0000, 0x0000, 0x0000, 0x0000, 0x0000, 0x0000, 0x0000, 0x0000,
  0x0000, 0x0000, 0x0000, 0x0000, 0x0000, 0x0000, 0x0000, 0x0000, 0x0000, 0x0000, 0x0000, 0x0000, 0x0000, 0x0000, 0x0000, 0x0000,
  0x0000, 0x0000, 0x0000, 0x0000, 0x0000, 0x0000, 0x0000, 0x0000, 0x0000, 0x0000, 0x0000, 0x0000, 0x0000, 0x0000, 0x0000, 0x0000,
  0x0000, 0x0000, 0x0000, 0x0000, 0x0000, 0x0000, 0x0000, 0x0000, 0x0000, 0x0000, 0x0000, 0x0000, 0x0000, 0x0000, 0x0000, 0x0000,
  0x0000, 0x0000, 0x0000, 0x0000, 0x0000, 0x0000, 0x0000, 0x0000, 0x0000, 0x0000, 0x0000, 0x0000, 0x0000, 0x0000, 0x0000, 0x0000,
  0x0000, 0x0000, 0x0000, 0x0000, 0x0000, 0x0000, 0x0000, 0x0000, 0x0000, 0x0000, 0x0000, 0x0000, 0x0000, 0x0000, 0x0000, 0x0000,
  0x0000, 0x0000, 0x0000, 0x0000, 0x0000, 0x0000, 0x0000, 0x0000, 0x0000, 0x0000, 0x0000, 0x0000, 0x0000, 0x0000, 0x0000, 0x0000,
  0x0000, 0x0000, 0x0000, 0x0000, 0x0000, 0x0000, 0x0000, 0x0000, 0x0000, 0x0000, 0x0000, 0x0000, 0x0000, 0x0000, 0x0000, 0x0000,
  0x0000, 0x0000, 0x0000, 0x0000, 0x0000, 0x0000, 0x0000, 0x0000, 0x0000, 0x0000, 0x0000, 0x0000, 0x0000, 0x0000, 0x0000, 0x0000,
  0x0000, 0x0000, 0x0000, 0x0000, 0x0000, 0x0000, 0x0000, 0x0000, 0x0000, 0x0000, 0x0000, 0x0000, 0x0000, 0x0000, 0x0000, 0x0000,
  0x0000, 0x0000, 0x0000, 0x0000, 0x0000, 0x0000, 0x0000, 0x0000, 0x0000, 0x0000, 0x0000, 0x0000, 0x0000, 0x0000, 0x0000, 0x0000,
  0x0000, 0x0000, 0x0000, 0x0000, 0x0000, 0x0000, 0x0000, 0x0000, 0x0000, 0x0000, 0x0000, 0x0000, 0x0000, 0x0000, 0x0000, 0x0000,
  0x0000, 0x0000, 0x0000, 0x0000, 0x0000, 0x0000, 0x0000, 0x0000, 0x0000, 0x0000, 0x0000, 0x0000, 0x0000, 0x0000, 0x0000, 0x0000,
  0x0000, 0x0000, 0x0000, 0x0000, 0x0000, 0x0000, 0x0000, 0x0000, 0x0000, 0x0000, 0x0000, 0x0000, 0x0000, 0x0000, 0x0000, 0x0000,
  0x0000, 0x0000, 0x0000, 0x0000, 0x0000, 0x0000, 0x0000, 0x0000, 0x0000, 0x0000, 0x0000, 0x0000, 0x0000, 0x0000, 0x0000, 0x0000,
  0x0000, 0x0000, 0x0000, 0x0000, 0x0000, 0x0000, 0x0000, 0x0000, 0x0000, 0x0000, 0x0000, 0x0000, 0x0000, 0x0000, 0x0000, 0x0000,
  0x0000, 0x0000, 0x0000, 0x0000, 0x0000, 0x0000, 0x0000, 0x0000, 0x0000, 0x0000, 0x0000, 0x0000, 0x0000, 0x0000, 0x0000, 0x0000,
  0x0000, 0x0000, 0x0000, 0x0000, 0x0000, 0x0000, 0x0000, 0x0000, 0x0000, 0x0000, 0x0000, 0x0000, 0x0000, 0x0000, 0x0000, 0x0000,
  0x0000, 0x0000, 0x0000, 0x0000, 0x0000, 0x0000, 0x0000, 0x0000, 0x0000, 0x0000, 0x0000, 0x0000, 0x0000, 0x0000, 0x0000, 0x0000,
  0x0000, 0x0000, 0x0000, 0x0000, 0x0000, 0x0000, 0x0000, 0x0000, 0x0000, 0x0000, 0x0000, 0x0000, 0x0000, 0x0000, 0x0000, 0x0000,
  0x0000, 0x0000, 0x0000, 0x0000, 0x0000, 0x0000, 0x0000, 0x0000, 0x0000, 0x0000, 0x0000, 0x0000, 0x0000, 0x0000, 0x0000, 0x0000,
  0x0000, 0x0000, 0x0000, 0x0000, 0x0000, 0x0000, 0x0000, 0x0000, 0x0000, 0x0000, 0x0000, 0x0000, 0x0000, 0x0000, 0x0000, 0x0000,
  0x0000, 0x0000, 0x0000, 0x0000, 0x0000, 0x0000, 0x0000, 0x0000, 0x0000, 0x0000, 0x0000, 0x0000, 0x0000, 0x0000, 0x0000, 0x0000,
  0x0000, 0x0000, 0x0000, 0x0000, 0x0000, 0x0000, 0x0000, 0x0000, 0x0000, 0x0000, 0x0000, 0x0000, 0x0000, 0x0000, 0x0000, 0x0000,
  0x0000, 0x0000, 0x0000, 0x0000, 0x0000, 0x0000, 0x0000, 0x0000, 0x0000, 0x0000, 0x0000, 0x0000, 0x0000, 0x0000, 0x0000, 0x0000,
  0x0000, 0x0000, 0x0000, 0x0000, 0x0000, 0x0000, 0x0000, 0x0000, 0x0000, 0x0000, 0x0000, 0x0000, 0x0000, 0x0000, 0x0000, 0x0000,
  0x0000, 0x0000, 0x0000, 0x0000, 0x0000, 0x0000, 0x0000, 0x0000, 0x0000, 0x0000, 0x0000, 0x0000, 0x0000, 0x0000, 0x0000, 0x0000,
  0x0000, 0x0000, 0x0000, 0x0000, 0x0000, 0x0000, 0x0000, 0x0000, 0x0000, 0x0000, 0x0000, 0x0000, 0x0000, 0x0000, 0x0000, 0x0000,
  0x0000, 0x0000, 0x0000, 0x0000, 0x0000, 0x0000, 0x0000, 0x0000, 0x0000, 0x0000, 0x0000, 0x0000, 0x0000, 0x0000, 0x0000, 0x0000,
  0x0000, 0x0000, 0x0000, 0x0000, 0x0000, 0x0000, 0x0000, 0x0000, 0x0000, 0x0000, 0x0000, 0x0000, 0x0000, 0x0000, 0x0000, 0x0000,
  0x0000, 0x0000, 0x0000, 0x0000, 0x0000, 0x0000, 0x0000, 0x0000, 0x0000, 0x0000, 0x0000, 0x0000, 0x0000, 0x0000, 0x0000, 0x0000,
  0x0000, 0x0000, 0x0000, 0x0000, 0x0000, 0x0000, 0x0000, 0x0000, 0x0000, 0x0000, 0x0000, 0x0000, 0x0000, 0x0000, 0x0000, 0x0000,
  0x0000, 0x0000, 0x0000, 0x0000, 0x0000, 0x0000, 0x0000, 0x0000, 0x0000, 0x0000, 0x0000, 0x0000, 0x0000, 0x0000, 0x0000, 0x0000,
  0x0000, 0x0000, 0x0000, 0x0000, 0x0000, 0x0000, 0x0000, 0x0000, 0x0000, 0x0000, 0x0000, 0x0000, 0x0000, 0x0000, 0x0000, 0x0000,
  0x0000, 0x0000, 0x0000, 0x0000, 0x0000, 0x0000, 0x0000, 0x0000, 0x0000, 0x0000, 0x0000, 0x0000, 0x0000, 0x0000, 0x0000, 0x0000,
  0x0000, 0x0000, 0x0000, 0x0000, 0x0000, 0x0000, 0x0000, 0x0000, 0x0000, 0x0000, 0x0000, 0x0000, 0x0000, 0x0000, 0x0000, 0x0000,
  0x0000, 0x0000, 0x0000, 0x0000, 0x0000, 0x0000, 0x0000, 0x0000, 0x0000, 0x0000, 0x0000, 0x0000, 0x0000, 0x0000, 0x0000, 0x0000,
  0x0000, 0x0000, 0x0000, 0x0000, 0x0000, 0x0000, 0x0000, 0x0000, 0x0000, 0x0000, 0x0000, 0x0000, 0x0000, 0x0000, 0x0000, 0x0000,
  0x0000, 0x0000, 0x0000, 0x0000, 0x0000, 0x0000, 0x0000, 0x0000, 0x0000, 0x0000, 0x0000, 0x0000, 0x0000, 0x0000, 0x0000, 0x0000,
  0x0000, 0x0000, 0x0000, 0x0000, 0x0000, 0x0000, 0x0000, 0x0000, 0x0000, 0x0000, 0x0000, 0x0000, 0x0000, 0x0000, 0x0000, 0x0000,
  0x0000, 0x0000, 0x0000, 0x0000, 0x0000, 0x0000, 0x0000, 0x0000, 0x0000, 0x0000, 0x0000, 0x0000, 0x0000, 0x0000, 0x0000, 0x0000,
  0x0000, 0x0000, 0x0000, 0x0000, 0x0000, 0x0000, 0x0000, 0x0000, 0x0000, 0x0000, 0x0000, 0x0000, 0x0000, 0x0000, 0x0000, 0x0000,
  0x0000, 0x0000, 0x0000, 0x0000, 0x0000, 0x0000, 0x0000, 0x0000, 0x0000, 0x0000, 0x0000, 0x0000, 0x0000, 0x0000, 0x0000, 0x0000,
  0x0000, 0x0000, 0x0000, 0x0000, 0x0000, 0x0000, 0x0000, 0x0000, 0x0000, 0x0000, 0x0000, 0x0000, 0x0000, 0x0000, 0x0000, 0x0000,
  0x0000, 0x0000, 0x0000, 0x0000, 0x0000, 0x0000, 0x0000, 0x0000, 0x0000, 0x0000, 0x0000, 0x0000, 0x0000, 0x0000, 0x0000, 0x0000,
  0x0000, 0x0000, 0x0000, 0x0000, 0x0000, 0x0000, 0x0000, 0x0000, 0x0000, 0x0000, 0x0000, 0x0000, 0x0000, 0x0000, 0x0000, 0x0000,
  0x0000, 0x0000, 0x0000, 0x0000, 0x0000, 0x0000, 0x0000, 0x0000, 0x0000, 0x0000, 0x0000, 0x0000, 0x0000, 0x0000, 0x0000, 0x0000,
  0x0000, 0x0000, 0x0000, 0x0000, 0x0000, 0x0000, 0x0000, 0x0000, 0x0000, 0x0000, 0x0000, 0x0000, 0x0000, 0x0000, 0x0000, 0x0000,
  0x0000, 0x0000, 0x0000, 0x0000, 0x0000, 0x0000, 0x0000, 0x0000, 0x0000, 0x0000, 0x0000, 0x0000, 0x0000, 0x0000, 0x0000, 0x0000,
  0x0000, 0x0000, 0x0000, 0x0000, 0x0000, 0x0000, 0x0000, 0x0000, 0x0000, 0x0000, 0x0000, 0x0000, 0x0000, 0x0000, 0x0000, 0x0000,
  0x0000, 0x0000, 0x0000, 0x0000, 0x0000, 0x0000, 0x0000, 0x0000, 0x0000, 0x0000, 0x0000, 0x0000, 0x0000, 0x0000, 0x0000, 0x0000,
  0x0000, 0x0000, 0x0000, 0x0000, 0x0000, 0x0000, 0x0000, 0x0000, 0x0000, 0x0000, 0x0000, 0x0000, 0x0000, 0x0000, 0x0000, 0x0000,
  0x0000, 0x0000, 0x0000, 0x0000, 0x0000, 0x0000, 0x0000, 0x0000, 0x0000, 0x0000, 0x0000, 0x0000, 0x0000, 0x0000, 0x0000, 0x0000,
  0xBDD6, 0xBDF7, 0xBDF7, 0xBDF7, 0xBDF7, 0xBDF7, 0xBDF7, 0xBDF7, 0xBDF7, 0xBDF7, 0xBDF7, 0xBDF7, 0xBDF7, 0xBDF7, 0xBDF7, 0xC5F7,
  0xC5F7, 0xC5F7, 0xC5F7, 0xC5F7, 0xC5F7, 0xC5F7, 0xC5F7, 0xBDF7, 0xBDF7, 0xBDF7, 0xBDF7, 0xBDF7, 0xBDF7, 0xBDF7, 0xBDF7, 0xBDF7,
  0xBDF7, 0xBDF7, 0xBDF7, 0xBDF7, 0xBDF7, 0xBDF7, 0xBDF7, 0xBDF7, 0xBDF7, 0xBDF7, 0xBDF7, 0xBDF7, 0xBDF7, 0xBDF7, 0xBDF7, 0xBDF7,
  0xBDF7, 0xBDF7, 0xBDF7, 0xBDF7, 0xBDF7, 0xBDF7, 0xC5F7, 0xC5F7, 0xBDF7, 0xBDF7, 0xBDF7, 0xBDF7, 0xBDF7, 0xBDF7, 0xBDF7, 0xBDF7,
  0xC5F7, 0xC5F7, 0xBDF7, 0xBDF7, 0xBDF7, 0xBDF7, 0xBDF7, 0xBDF7, 0xBDF7, 0xBDF7, 0xBDF7, 0xBDF7, 0xBDF7, 0xBDF7, 0xBDF7, 0xBE17,
  0xBDF7, 0xBDF7, 0xBDF7, 0xBDF7, 0xBDF7, 0xBDF7, 0xBDF7, 0xBDF7, 0xBDD7, 0xB575, 0xCE38, 0xB555, 0xB575, 0xB555, 0xB555, 0xB555,
  0xB555, 0xB575, 0xB575, 0xB575, 0xB575, 0xB575, 0xB555, 0xB555, 0xB555, 0xB555, 0xB555, 0xB555, 0xB555, 0xB555, 0xB575, 0xB575,
  0xB575, 0xB575, 0xB575, 0xB575, 0xB555, 0xB555, 0xB555, 0xB575, 0xB575, 0xB575, 0xB575, 0xB575, 0xB575, 0xB575, 0xB575, 0xB575,
  0xB575, 0xB575, 0xB555, 0xB555, 0xB555, 0xB555, 0xB555, 0xB575, 0xB575, 0xB575, 0xB575, 0xB575, 0xB575, 0xB575, 0xB575, 0xB575,
  0xB555, 0xB555, 0xB555, 0xB555, 0xB555, 0xB555, 0xB555, 0xB555, 0xB555, 0xB555, 0xB555, 0xB555, 0xB555, 0xB555, 0xB555, 0xB555,
  0xB555, 0xB575, 0xB575, 0xB575, 0xB575, 0xB575, 0xB575, 0xB575, 0xB575, 0xB575, 0xAD75, 0xAD75, 0xAD75, 0xAD75, 0xAD75, 0xAD55,
  0xAD75, 0xAD55, 0xC5F8, 0xFFFF, 0x5249, 0x0000, 0x0800, 0x0800, 0x0800, 0x0800, 0x0800, 0x0800, 0x0800, 0x0800, 0x0800, 0x0800,
  0x0800, 0x0800, 0x0800, 0x0800, 0x0800, 0x0800, 0x0800, 0x0800, 0x0800, 0x0800, 0x0800, 0x0800, 0x0800, 0x0800, 0x1000, 0x1000,
  0x1000, 0x1000, 0x1000, 0x1000, 0x1000, 0x1000, 0x0800, 0x0800, 0x0800, 0x0800, 0x0800, 0x1000, 0x1000, 0x1000, 0x1000, 0x1000,
  0x1000, 0x1000, 0x1000, 0x0800, 0x0800, 0x0800, 0x1000, 0x1000, 0x1000, 0x1000, 0x1000, 0x1800, 0x1800, 0x1800, 0x2000, 0x2000,
  0x1800, 0x1800, 0x1800, 0x1800, 0x1800, 0x1800, 0x1000, 0x1000, 0x1000, 0x1000, 0x1000, 0x1800, 0x1800, 0x1800, 0x1000, 0x1000,
  0x1000, 0x1000, 0x1000, 0x1000, 0x0800, 0x0800, 0x0800, 0x0800, 0x0800, 0x0800, 0x1000, 0x0000, 0x39A7, 0xEF7D, 0x628A, 0x1800,
  0x2020, 0x2020, 0x2020, 0x2020, 0x2020, 0x2800, 0x2800, 0x2800, 0x2800, 0x2800, 0x2800, 0x2020, 0x2020, 0x2020, 0x2020, 0x2000,
  0x2800, 0x2800, 0x2800, 0x2800, 0x2800, 0x2800, 0x2800, 0x2800, 0x3000, 0x3000, 0x3000, 0x3000, 0x3000, 0x3000, 0x3000, 0x3000,
  0x2800, 0x2800, 0x2800, 0x2800, 0x2800, 0x2800, 0x3000, 0x3000, 0x3000, 0x3000, 0x3000, 0x3000, 0x3000, 0x2800, 0x2800, 0x2800,
  0x2800, 0x2800, 0x3000, 0x3000, 0x3021, 0x3801, 0x3801, 0x3801, 0x3801, 0x3801, 0x3801, 0x3021, 0x3021, 0x3021, 0x3000, 0x3000,
  0x3000, 0x3000, 0x3001, 0x3000, 0x3000, 0x3001, 0x3001, 0x3001, 0x3001, 0x3001, 0x3001, 0x3000, 0x3000, 0x2800, 0x2800, 0x2800,
  0x2800, 0x2800, 0x2800, 0x2800, 0x2821, 0x1800, 0x4A08, 0xF79E, 0x626A, 0x1800, 0x2820, 0x2800, 0x2800, 0x2800, 0x2800, 0x2000,
  0x2000, 0x2000, 0x2000, 0x2000, 0x2800, 0x2800, 0x2800, 0x2800, 0x2800, 0x2800, 0x2000, 0x2000, 0x2000, 0x2000, 0x2000, 0x2800,
  0x2800, 0x2800, 0x2800, 0x2800, 0x2800, 0x2800, 0x2800, 0x2800, 0x2800, 0x2800, 0x2820, 0x2800, 0x2000, 0x2000, 0x2000, 0x2800,
  0x2800, 0x2800, 0x2820, 0x2820, 0x2800, 0x2800, 0x2800, 0x2800, 0x2800, 0x2800, 0x2800, 0x2820, 0x2800, 0x2800, 0x2800, 0x2820,
  0x2800, 0x2800, 0x3020, 0x3020, 0x3020, 0x2820, 0x2820, 0x2820, 0x2820, 0x2800, 0x2800, 0x2800, 0x2820, 0x2800, 0x2800, 0x2820,
  0x3020, 0x3020, 0x3000, 0x3000, 0x3000, 0x2800, 0x2800, 0x2000, 0x2000, 0x2000, 0x2000, 0x2000, 0x2000, 0x2000, 0x2020, 0x1000,
  0x4A08, 0xF79E, 0x628A, 0x1800, 0x2020, 0x2000, 0x2000, 0x2800, 0x2800, 0x2000, 0x2800, 0x2800, 0x2800, 0x2800, 0x2800, 0x2800,
  0x2800, 0x2800, 0x2800, 0x2800, 0x2800, 0x2800, 0x2800, 0x2800, 0x2800, 0x2800, 0x2800, 0x2800, 0x2800, 0x2800, 0x2800, 0x2800,
  0x2800, 0x3000, 0x3020, 0x3000, 0x2800, 0x2800, 0x2800, 0x2800, 0x2000, 0x2800, 0x2800, 0x2800, 0x2800, 0x2800, 0x2800, 0x2800,
  0x2800, 0x2800, 0x2800, 0x2800, 0x2800, 0x2800, 0x2800, 0x2800, 0x2800, 0x3020, 0x3000, 0x3000, 0x3020, 0x3020, 0x3020, 0x3020,
  0x3000, 0x2800, 0x2820, 0x2820, 0x2800, 0x3000, 0x3000, 0x2800, 0x3000, 0x3020, 0x2800, 0x3020, 0x3000, 0x2800, 0x2800, 0x2800,
  0x2800, 0x2800, 0x2000, 0x2000, 0x2000, 0x2000, 0x2000, 0x2000, 0x2020, 0x1000, 0x4A08, 0xF79E, 0x628A, 0x1800, 0x2020, 0x2000,
  0x2000, 0x2800, 0x2800, 0x2800, 0x2800, 0x2800, 0x2800, 0x2800, 0x2800, 0x2800, 0x2800, 0x2800, 0x2800, 0x2800, 0x2800, 0x2800,
  0x2800, 0x2800, 0x2800, 0x2800, 0x2800, 0x2800, 0x2800, 0x2800, 0x2800, 0x2800, 0x3000, 0x3000, 0x3000, 0x3000, 0x3000, 0x3000,
  0x2800, 0x2800, 0x2800, 0x2800, 0x2800, 0x2800, 0x2800, 0x2800, 0x2800, 0x2800, 0x2800, 0x2800, 0x2800, 0x2800, 0x2800, 0x2800,
  0x2800, 0x2800, 0x3000, 0x3000, 0x3000, 0x3000, 0x3000, 0x3000, 0x3000, 0x3000, 0x3000, 0x3000, 0x2800, 0x2800, 0x3000, 0x3000,
  0x3000, 0x3000, 0x3000, 0x3000, 0x3000, 0x3020, 0x3000, 0x3000, 0x3000, 0x2800, 0x2800, 0x2800, 0x2800, 0x2000, 0x2000, 0x2000,
  0x2000, 0x2000, 0x2000, 0x1000, 0x4A08, 0xF79E, 0x628A, 0x1800, 0x2020, 0x2000, 0x2000, 0x2800, 0x2800, 0x2800, 0x2800, 0x2800,
  0x2800, 0x2800, 0x2800, 0x2800, 0x2800, 0x2800, 0x2800, 0x2800, 0x2800, 0x2800, 0x2800, 0x2800, 0x2800, 0x2800, 0x2800, 0x2800,
  0x2800, 0x2800, 0x2800, 0x3000, 0x3020, 0x3000, 0x3000, 0x3000, 0x3000, 0x3020, 0x3000, 0x2800, 0x2800, 0x2800, 0x2800, 0x2800,
  0x2800, 0x2800, 0x2800, 0x2800, 0x2800, 0x2800, 0x2800, 0x2800, 0x2800, 0x2800, 0x2800, 0x2800, 0x3000, 0x3000, 0x3020, 0x3020,
  0x3000, 0x3000, 0x3000, 0x3000, 0x3000, 0x3000, 0x3000, 0x3000, 0x3000, 0x3000, 0x3000, 0x3000, 0x3000, 0x3000, 0x3000, 0x3000,
  0x3000, 0x3000, 0x3000, 0x2800, 0x2800, 0x2800, 0x2800, 0x2000, 0x2000, 0x2000, 0x2000, 0x2000, 0x2000, 0x1000, 0x4A08, 0xF79E,
  0x628A, 0x1800, 0x2020, 0x2000, 0x2000, 0x2800, 0x2800, 0x2800, 0x2800, 0x2800, 0x2800, 0x2800, 0x2800, 0x2800, 0x2800, 0x2800,
  0x2800, 0x2800, 0x2800, 0x2800, 0x2800, 0x2800, 0x2800, 0x2800, 0x2800, 0x3020, 0x2800, 0x2800, 0x3000, 0x3000, 0x3020, 0x3020,
  0x3821, 0x3000, 0x3000, 0x3020, 0x3000, 0x2800, 0x2800, 0x2800, 0x2800, 0x2800, 0x2800, 0x2800, 0x2800, 0x2800, 0x2800, 0x2800,
  0x2800, 0x2800, 0x2800, 0x2800, 0x2800, 0x2800, 0x3001, 0x3000, 0x3000, 0x3820, 0x3000, 0x3000, 0x3000, 0x3800, 0x3000, 0x3000,
  0x3000, 0x3000, 0x3000, 0x3000, 0x3000, 0x3000, 0x3000, 0x3000, 0x3000, 0x3000, 0x3000, 0x3000, 0x3000, 0x3000, 0x2800, 0x2800,
  0x2800, 0x2000, 0x2000, 0x2000, 0x2000, 0x2000, 0x2000, 0x1000, 0x4A08, 0xF79E, 0x628A, 0x1800, 0x2020, 0x2000, 0x2000, 0x2800,
  0x2800, 0x2800, 0x2800, 0x2800, 0x2800, 0x2800, 0x2800, 0x2800, 0x2800, 0x2800, 0x2800, 0x2800, 0x2800, 0x2800, 0x2800, 0x2800,
  0x2800, 0x2800, 0x3000, 0x3000, 0x3000, 0x3000, 0x3000, 0x3000, 0x3020, 0x3000, 0x3821, 0x3800, 0x3000, 0x3000, 0x3020, 0x3000,
  0x3020, 0x2820, 0x2800, 0x2800, 0x2800, 0x2800, 0x2800, 0x2800, 0x2800, 0x2800, 0x2800, 0x2800, 0x2800, 0x2800, 0x2800, 0x2800,
  0x3001, 0x3000, 0x3000, 0x3800, 0x3820, 0x3820, 0x3820, 0x3801, 0x3000, 0x3000, 0x3000, 0x3000, 0x3000, 0x3000, 0x3000, 0x3000,
  0x3000, 0x3000, 0x3000, 0x3000, 0x3000, 0x3001, 0x3001, 0x3021, 0x2820, 0x2800, 0x2800, 0x2000, 0x2000, 0x2000, 0x2000, 0x2000,
  0x2000, 0x1000, 0x4A08, 0xF79E, 0x628A, 0x1800, 0x2020, 0x2000, 0x2800, 0x2800, 0x2800, 0x2800, 0x3000, 0x3000, 0x3000, 0x2800,
  0x2800, 0x2800, 0x2800, 0x2800, 0x2800, 0x2800, 0x2800, 0x2800, 0x2800, 0x2800, 0x2800, 0x3000, 0x3000, 0x3001, 0x3000, 0x3000,
  0x3000, 0x3000, 0x3800, 0x3800, 0x3800, 0x3800, 0x3020, 0x3020, 0x3020, 0x3020, 0x3020, 0x3020, 0x2800, 0x2800, 0x2800, 0x2800,
  0x2800, 0x2800, 0x2800, 0x2800, 0x2800, 0x2800, 0x2800, 0x2800, 0x2800, 0x2800, 0x3000, 0x3000, 0x3000, 0x3820, 0x3820, 0x3820,
  0x3820, 0x3800, 0x3800, 0x3000, 0x3000, 0x3000, 0x3000, 0x3000, 0x3000, 0x3000, 0x3000, 0x3000, 0x3000, 0x3000, 0x3820, 0x3800,
  0x3800, 0x3021, 0x3000, 0x2800, 0x2800, 0x2800, 0x2000, 0x2000, 0x2000, 0x2000, 0x2800, 0x1800, 0x4A08, 0xF79E, 0x628A, 0x1800,
  0x2800, 0x2000, 0x2800, 0x2800, 0x2800, 0x3000, 0x3000, 0x3001, 0x3001, 0x3000, 0x2800, 0x2800, 0x2800, 0x2800, 0x2800, 0x2800,
  0x3000, 0x3000, 0x3000, 0x3000, 0x3000, 0x3001, 0x3001, 0x3001, 0x3000, 0x3000, 0x3000, 0x3800, 0x3800, 0x3800, 0x3800, 0x3800,
  0x3820, 0x3820, 0x3820, 0x3020, 0x3820, 0x3020, 0x2800, 0x2800, 0x2800, 0x2800, 0x2800, 0x2800, 0x3000, 0x3000, 0x2800, 0x2800,
  0x2800, 0x3000, 0x3000, 0x3000, 0x3000, 0x3000, 0x3000, 0x3820, 0x3820, 0x3800, 0x3800, 0x3800, 0x3800, 0x3800, 0x3000, 0x3000,
  0x3000, 0x3000, 0x3000, 0x3000, 0x3000, 0x3000, 0x3000, 0x3000, 0x3820, 0x3800, 0x3800, 0x3001, 0x3000, 0x2800, 0x2800, 0x2800,
  0x2000, 0x2000, 0x2000, 0x2000, 0x2800, 0x1800, 0x4A08, 0xF79E, 0x628A, 0x1800, 0x2800, 0x2000, 0x2800, 0x2800, 0x2800, 0x3000,
  0x3000, 0x3001, 0x3001, 0x3000, 0x2800, 0x2800, 0x2800, 0x2800, 0x2800, 0x2800, 0x3000, 0x3000, 0x3000, 0x3000, 0x3000, 0x3000,
  0x3000, 0x3000, 0x3000, 0x3000, 0x3800, 0x3800, 0x3820, 0x3800, 0x3800, 0x3800, 0x3800, 0x3800, 0x3800, 0x3000, 0x3820, 0x3021,
  0x2800, 0x2800, 0x2800, 0x2800, 0x2800, 0x2800, 0x3001, 0x3001, 0x2821, 0x2820, 0x2801, 0x3001, 0x3000, 0x3000, 0x3000, 0x3800,
  0x3800, 0x3800, 0x3800, 0x3800, 0x3800, 0x3800, 0x3800, 0x3800, 0x3820, 0x3020, 0x3020, 0x3000, 0x3000, 0x3000, 0x3000, 0x3000,
  0x3000, 0x3000, 0x3820, 0x3800, 0x3800, 0x3001, 0x3000, 0x2800, 0x2800, 0x2800, 0x2000, 0x2000, 0x2000, 0x2000, 0x2800, 0x1800,
  0x4A08, 0xF79E, 0x628A, 0x1800, 0x2800, 0x2000, 0x2800, 0x2800, 0x2800, 0x3000, 0x3000, 0x3001, 0x3001, 0x3000, 0x3000, 0x2800,
  0x2800, 0x2800, 0x2800, 0x2800, 0x2800, 0x2800, 0x2800, 0x3000, 0x3000, 0x3000, 0x3000, 0x3800, 0x3800, 0x3800, 0x3800, 0x3800,
  0x3800, 0x3800, 0x3800, 0x3800, 0x3800, 0x3800, 0x3800, 0x3020, 0x3020, 0x3021, 0x2820, 0x2020, 0x2020, 0x2841, 0x2821, 0x2821,
  0x2841, 0x2841, 0x2020, 0x2020, 0x2000, 0x2000, 0x2821, 0x3021, 0x3020, 0x3020, 0x3800, 0x3800, 0x3820, 0x3800, 0x3800, 0x3800,
  0x3800, 0x3800, 0x3000, 0x3020, 0x3020, 0x3020, 0x3020, 0x3000, 0x3000, 0x3000, 0x3000, 0x3000, 0x3000, 0x3800, 0x3800, 0x3000,
  0x3000, 0x2800, 0x2800, 0x2800, 0x2000, 0x2000, 0x2000, 0x2000, 0x2800, 0x1800, 0x49E8, 0xF79E, 0x628A, 0x1800, 0x2800, 0x2000,
  0x2800, 0x2800, 0x2800, 0x3000, 0x3000, 0x3001, 0x3001, 0x3000, 0x3000, 0x3000, 0x2800, 0x2800, 0x2800, 0x2800, 0x2800, 0x2800,
  0x2800, 0x3000, 0x3000, 0x3000, 0x3800, 0x3821, 0x4021, 0x4020, 0x4000, 0x3800, 0x3800, 0x3800, 0x3800, 0x3800, 0x3801, 0x3801,
  0x3821, 0x3020, 0x2800, 0x2820, 0x2840, 0x2040, 0x1840, 0x1861, 0x2881, 0x2041, 0x1820, 0x0820, 0x0820, 0x0800, 0x0800, 0x1020,
  0x1820, 0x2020, 0x2820, 0x3020, 0x3020, 0x3020, 0x3820, 0x3820, 0x3800, 0x3800, 0x3800, 0x3800, 0x3000, 0x3020, 0x3020, 0x3020,
  0x3020, 0x3000, 0x3000, 0x3000, 0x3000, 0x3000, 0x3000, 0x3000, 0x3800, 0x3000, 0x3000, 0x2800, 0x2800, 0x2800, 0x2000, 0x2000,
  0x2000, 0x2000, 0x2800, 0x1800, 0x49E8, 0xF79E, 0x628A, 0x1800, 0x2800, 0x2000, 0x2800, 0x2800, 0x2800, 0x3000, 0x3000, 0x3000,
  0x3000, 0x3000, 0x3000, 0x3000, 0x3000, 0x3000, 0x3000, 0x2800, 0x2800, 0x2800, 0x3000, 0x3000, 0x3000, 0x3000, 0x3821, 0x4021,
  0x4021, 0x4820, 0x4000, 0x3800, 0x3800, 0x3800, 0x3800, 0x3820, 0x3821, 0x3000, 0x2800, 0x2020, 0x2020, 0x2841, 0x2881, 0x2081,
  0x1881, 0x1060, 0x1040, 0x1020, 0x0820, 0x0020, 0x0020, 0x0020, 0x0020, 0x0820, 0x0820, 0x1020, 0x1020, 0x1820, 0x2820, 0x2820,
  0x3020, 0x3020, 0x3000, 0x3800, 0x3800, 0x3800, 0x3000, 0x3020, 0x3020, 0x3020, 0x3020, 0x3000, 0x3000, 0x3000, 0x3000, 0x3000,
  0x3000, 0x3000, 0x3000, 0x3000, 0x3000, 0x2800, 0x2800, 0x2800, 0x2000, 0x2000, 0x2000, 0x2000, 0x2800, 0x1800, 0x49E8, 0xF79E,
  0x628A, 0x1800, 0x2800, 0x2000, 0x2800, 0x2800, 0x2800, 0x3000, 0x3000, 0x3000, 0x3000, 0x3000, 0x3000, 0x3000, 0x3000, 0x3000,
  0x3000, 0x3000, 0x3000, 0x3000, 0x3000, 0x3000, 0x3000, 0x3800, 0x3800, 0x4000, 0x4020, 0x4020, 0x3820, 0x4000, 0x4000, 0x3800,
  0x3821, 0x3021, 0x2820, 0x2020, 0x1881, 0x1881, 0x1841, 0x1841, 0x1041, 0x1040, 0x0820, 0x0840, 0x0841, 0x0020, 0x0040, 0x0840,
  0x0020, 0x0040, 0x0821, 0x0821, 0x0020, 0x0020, 0x0020, 0x0820, 0x1020, 0x2041, 0x2820, 0x3000, 0x3800, 0x3800, 0x3800, 0x3800,
  0x3800, 0x3020, 0x3020, 0x3020, 0x3020, 0x3000, 0x3000, 0x3000, 0x3000, 0x3000, 0x3000, 0x3800, 0x3000, 0x3020, 0x3000, 0x2800,
  0x2800, 0x2800, 0x2800, 0x2800, 0x2800, 0x2800, 0x2800, 0x1800, 0x49E8, 0xF79E, 0x628A, 0x1800, 0x2800, 0x2000, 0x2800, 0x2800,
  0x2800, 0x3000, 0x3000, 0x3000, 0x3000, 0x3020, 0x3020, 0x3000, 0x3000, 0x3000, 0x3020, 0x3000, 0x3000, 0x3000, 0x3000, 0x3000,
  0x3000, 0x3800, 0x3800, 0x4000, 0x4020, 0x3820, 0x3800, 0x4000, 0x3800, 0x3000, 0x2820, 0x2020, 0x2061, 0x1861, 0x0840, 0x0020,
  0x0820, 0x0840, 0x0861, 0x0060, 0x0060, 0x0060, 0x0040, 0x0840, 0x0840, 0x0020, 0x0861, 0x0840, 0x0020, 0x0020, 0x0020, 0x0020,
  0x0020, 0x1060, 0x1020, 0x1840, 0x2861, 0x2800, 0x3000, 0x3020, 0x3000, 0x3800, 0x3800, 0x3000, 0x3020, 0x3020, 0x3020, 0x3000,
  0x3000, 0x3000, 0x3000, 0x3000, 0x3000, 0x3000, 0x3000, 0x3000, 0x3000, 0x2800, 0x2800, 0x2800, 0x2800, 0x2800, 0x2800, 0x2800,
  0x2800, 0x1800, 0x49E8, 0xF79E, 0x628A, 0x1800, 0x2800, 0x2000, 0x2800, 0x2800, 0x2800, 0x3000, 0x3800, 0x3820, 0x3820, 0x3800,
  0x3000, 0x3000, 0x3000, 0x3000, 0x3020, 0x3000, 0x3000, 0x3000, 0x3000, 0x3000, 0x3000, 0x3800, 0x3800, 0x4000, 0x4000, 0x3820,
  0x3820, 0x3801, 0x3021, 0x2820, 0x2040, 0x2081, 0x1882, 0x0820, 0x0040, 0x0860, 0x0861, 0x18C2, 0x2944, 0x2123, 0x18C1, 0x0860,
  0x0820, 0x0841, 0x1081, 0x1082, 0x1082, 0x1082, 0x0860, 0x0020, 0x0820, 0x0840, 0x18A1, 0x28E2, 0x28A2, 0x2061, 0x30C2, 0x30C2,
  0x2841, 0x2820, 0x2820, 0x3020, 0x3020, 0x3800, 0x3020, 0x3020, 0x3000, 0x3020, 0x3000, 0x3000, 0x3000, 0x3000, 0x3000, 0x3000,
  0x3000, 0x3000, 0x3000, 0x3000, 0x2800, 0x2800, 0x2800, 0x2000, 0x2000, 0x2000, 0x2800, 0x1800, 0x49E8, 0xF79E, 0x628A, 0x1800,
  0x2800, 0x2000, 0x2800, 0x2800, 0x2820, 0x3800, 0x3800, 0x3820, 0x3820, 0x3800, 0x3000, 0x3000, 0x3000, 0x3000, 0x3000, 0x3000,
  0x3000, 0x3000, 0x3000, 0x3000, 0x3000, 0x3800, 0x4020, 0x4000, 0x4020, 0x4020, 0x3821, 0x3821, 0x2820, 0x2061, 0x1040, 0x1061,
  0x0841, 0x0000, 0x0861, 0x10A2, 0x10A1, 0x1061, 0x20A2, 0x3103, 0x3103, 0x2082, 0x1861, 0x0841, 0x1061, 0x18C2, 0x18C3, 0x1082,
  0x18C2, 0x1081, 0x1060, 0x1060, 0x20E2, 0x2902, 0x28E2, 0x28C2, 0x3103, 0x3124, 0x28C2, 0x1840, 0x1840, 0x2020, 0x3021, 0x3800,
  0x3020, 0x3020, 0x3000, 0x3020, 0x3000, 0x3000, 0x2820, 0x2800, 0x3000, 0x3000, 0x3000, 0x3000, 0x3000, 0x3000, 0x3000, 0x2800,
  0x2800, 0x2800, 0x2800, 0x2800, 0x2800, 0x1800, 0x49E8, 0xF79E, 0x628A, 0x1800, 0x2800, 0x2000, 0x2800, 0x2800, 0x3021, 0x3800,
  0x3800, 0x3800, 0x3800, 0x3800, 0x3800, 0x3801, 0x3000, 0x3000, 0x3800, 0x3000, 0x3000, 0x3000, 0x3800, 0x3801, 0x3801, 0x3800,
  0x4020, 0x4020, 0x4020, 0x4041, 0x3820, 0x2800, 0x2061, 0x1861, 0x1060, 0x0820, 0x0801, 0x1862, 0x20A2, 0x20E3, 0x18A2, 0x1040,
  0x1061, 0x20A1, 0x2081, 0x2061, 0x1841, 0x0841, 0x0841, 0x0841, 0x1061, 0x1061, 0x0861, 0x1081, 0x1882, 0x1061, 0x1040, 0x2081,
  0x30E2, 0x28E2, 0x1881, 0x1061, 0x1081, 0x18A1, 0x1060, 0x1020, 0x2000, 0x3000, 0x3020, 0x3020, 0x3000, 0x3020, 0x3000, 0x3000,
  0x2820, 0x2800, 0x3000, 0x3000, 0x3000, 0x3000, 0x3000, 0x3000, 0x3000, 0x3000, 0x2800, 0x2800, 0x2800, 0x2800, 0x2820, 0x1800,
  0x4A08, 0xF79E, 0x628A, 0x1800, 0x2020, 0x2000, 0x2800, 0x2800, 0x3000, 0x3800, 0x3800, 0x3800, 0x3800, 0x3800, 0x3800, 0x3800,
  0x3800, 0x3800, 0x3800, 0x3800, 0x3801, 0x3800, 0x3800, 0x3800, 0x3800, 0x3820, 0x4020, 0x4801, 0x4801, 0x4021, 0x3021, 0x2841,
  0x1841, 0x1020, 0x0840, 0x1061, 0x20C3, 0x2903, 0x20C2, 0x1041, 0x0840, 0x1040, 0x1820, 0x2060, 0x2080, 0x30E2, 0x3102, 0x20A2,
  0x1861, 0x1861, 0x1840, 0x2081, 0x1861, 0x2081, 0x2881, 0x30C1, 0x3943, 0x49C6, 0x41A5, 0x2903, 0x1081, 0x0861, 0x0020, 0x10C2,
  0x18E2, 0x18A1, 0x1840, 0x2020, 0x2820, 0x3000, 0x3000, 0x3800, 0x3000, 0x3000, 0x3000, 0x3000, 0x3000, 0x3000, 0x3000, 0x3020,
  0x3000, 0x3000, 0x3000, 0x3000, 0x2800, 0x2800, 0x2800, 0x2800, 0x2820, 0x2000, 0x5207, 0xF79E, 0x628A, 0x1800, 0x2020, 0x2000,
  0x2800, 0x3000, 0x3000, 0x3800, 0x3800, 0x3800, 0x3800, 0x3800, 0x3800, 0x3800, 0x3800, 0x3000, 0x3800, 0x3800, 0x3801, 0x3800,
  0x3800, 0x3800, 0x3800, 0x3820, 0x4021, 0x4801, 0x4021, 0x3021, 0x2841, 0x2061, 0x1861, 0x1061, 0x0841, 0x18C2, 0x1860, 0x1000,
  0x1020, 0x1840, 0x2061, 0x38E2, 0x5144, 0x61E6, 0x7AA8, 0x932A, 0x936B, 0x8B0A, 0x82C9, 0x82E9, 0x82C9, 0x82E9, 0x7AE9, 0x7AC9,
  0x7A67, 0x7247, 0x6226, 0x3943, 0x2081, 0x1881, 0x0881, 0x0020, 0x0020, 0x10A1, 0x20E2, 0x20C2, 0x28E3, 0x1840, 0x2000, 0x3001,
  0x3000, 0x3800, 0x3800, 0x3000, 0x3000, 0x3000, 0x3000, 0x3000, 0x3000, 0x3020, 0x3000, 0x3000, 0x3000, 0x3000, 0x2800, 0x2820,
  0x2800, 0x2800, 0x2820, 0x2000, 0x5207, 0xF79D, 0x628A, 0x1800, 0x2020, 0x2800, 0x2800, 0x3000, 0x3000, 0x3800, 0x3800, 0x3800,
  0x3800, 0x3800, 0x3800, 0x3800, 0x3000, 0x3000, 0x3000, 0x3800, 0x3801, 0x3800, 0x3800, 0x3800, 0x3800, 0x3800, 0x4021, 0x4021,
  0x3841, 0x1840, 0x1860, 0x20A1, 0x1882, 0x1082, 0x0861, 0x0861, 0x1800, 0x2881, 0x4923, 0x69E6, 0x8268, 0x9B2A, 0xB3AC, 0xBC0D,
  0xC42D, 0xC44E, 0xC44E, 0xCC6E, 0xC44E, 0xCC6F, 0xCC8F, 0xCC6E, 0xB42D, 0xABAB, 0xA36A, 0x7246, 0x2880, 0x1840, 0x1861, 0x1082,
  0x1082, 0x0021, 0x0041, 0x0881, 0x18A1, 0x20A2, 0x28C2, 0x28A2, 0x1800, 0x2800, 0x3021, 0x3800, 0x3800, 0x3000, 0x3000, 0x3000,
  0x3000, 0x3000, 0x3000, 0x3020, 0x3000, 0x3000, 0x3000, 0x3000, 0x2800, 0x2800, 0x2800, 0x2800, 0x3020, 0x2000, 0x51E7, 0xF79D,
  0x628A, 0x1800, 0x2820, 0x2800, 0x2800, 0x3001, 0x3800, 0x3800, 0x3800, 0x3800, 0x3800, 0x3800, 0x3000, 0x3000, 0x3000, 0x3000,
  0x3000, 0x3000, 0x3000, 0x3000, 0x3000, 0x3000, 0x3000, 0x4000, 0x4821, 0x4021, 0x3041, 0x1040, 0x10C1, 0x20C1, 0x1881, 0x1061,
  0x0820, 0x28C2, 0x61C5, 0x82A9, 0xA36B, 0xBBCD, 0xCC0E, 0xD44E, 0xD46F, 0xDC8F, 0xDCAF, 0xDCD0, 0xDCD0, 0xD4F1, 0xD4D1, 0xD4F1,
  0xD4D1, 0xCCB0, 0xCCAF, 0xC42D, 0xB3AB, 0x8AC8, 0x4943, 0x2061, 0x28C3, 0x20E3, 0x0841, 0x0021, 0x0021, 0x0840, 0x0860, 0x20A2,
  0x28A2, 0x30C2, 0x2061, 0x2000, 0x3021, 0x3800, 0x3800, 0x3800, 0x3000, 0x3000, 0x3000, 0x3000, 0x3000, 0x3000, 0x3000, 0x3000,
  0x3000, 0x3000, 0x3020, 0x2800, 0x2800, 0x2800, 0x3020, 0x2000, 0x5207, 0xF79D, 0x628A, 0x1800, 0x2800, 0x2800, 0x3000, 0x3001,
  0x3800, 0x3000, 0x3000, 0x3000, 0x3820, 0x3820, 0x3000, 0x3000, 0x3000, 0x3000, 0x3001, 0x3000, 0x3000, 0x3000, 0x3000, 0x3000,
  0x3000, 0x4000, 0x4821, 0x4021, 0x2841, 0x1060, 0x10A0, 0x18C1, 0x1881, 0x1820, 0x38C2, 0x7A48, 0xA32A, 0xBBCC, 0xCC0E, 0xD46F,
  0xDCB0, 0xE4B0, 0xE4D0, 0xE4F1, 0xE511, 0xE532, 0xE552, 0xDD53, 0xDD53, 0xDD33, 0xD512, 0xD4F1, 0xD4D0, 0xCC6F, 0xBC0D, 0x9B4A,
  0x61E5, 0x3903, 0x28E2, 0x2903, 0x1081, 0x0841, 0x0820, 0x0860, 0x0860, 0x1881, 0x2081, 0x28A2, 0x2060, 0x2020, 0x2820, 0x3800,
  0x3800, 0x3800, 0x3000, 0x3000, 0x3000, 0x3000, 0x3000, 0x3000, 0x3000, 0x3000, 0x3000, 0x3000, 0x3020, 0x2800, 0x3000, 0x3000,
  0x3020, 0x2000, 0x5207, 0xF79D, 0x628A, 0x1800, 0x2800, 0x2800, 0x3000, 0x3000, 0x3000, 0x3000, 0x3000, 0x3000, 0x3800, 0x3800,
  0x3000, 0x3000, 0x3000, 0x3000, 0x3000, 0x3000, 0x3001, 0x3000, 0x3000, 0x3000, 0x3000, 0x4000, 0x4021, 0x4041, 0x2820, 0x1060,
  0x18E2, 0x18A1, 0x1840, 0x38A1, 0x7A06, 0xA32A, 0xCBEC, 0xDC6F, 0xE4F0, 0xE532, 0xE552, 0xE532, 0xED53, 0xED73, 0xED94, 0xEDB4,
  0xEDB4, 0xEDB4, 0xEDB4, 0xED94, 0xE573, 0xE532, 0xD4F1, 0xCCB0, 0xC44E, 0xAB8C, 0x6A06, 0x4923, 0x38E2, 0x28C2, 0x20C2, 0x1040,
  0x0800, 0x0840, 0x1081, 0x1061, 0x1861, 0x2081, 0x1841, 0x2041, 0x3061, 0x3801, 0x3800, 0x3800, 0x3000, 0x3000, 0x3000, 0x3000,
  0x3000, 0x3000, 0x3000, 0x3000, 0x3000, 0x3000, 0x3000, 0x3000, 0x3000, 0x3000, 0x3021, 0x2000, 0x5207, 0xF79D, 0x628A, 0x1800,
  0x2800, 0x2800, 0x2800, 0x3000, 0x3000, 0x3000, 0x3000, 0x3000, 0x3800, 0x3800, 0x3000, 0x3000, 0x3000, 0x3000, 0x3000, 0x3000,
  0x3000, 0x3000, 0x3000, 0x3000, 0x3800, 0x3820, 0x4020, 0x4040, 0x2820, 0x20C2, 0x2924, 0x1860, 0x4101, 0x8A68, 0xAB0A, 0xC3CC,
  0xDC90, 0xED32, 0xEDB4, 0xEDD4, 0xEDD4, 0xF5D5, 0xF5F5, 0xF615, 0xF615, 0xF635, 0xF636, 0xEE36, 0xEE16, 0xF616, 0xEDD5, 0xED94,
  0xDD31, 0xD4D0, 0xCC6E, 0xB3EC, 0x8AA8, 0x5102, 0x4103, 0x28C2, 0x20A2, 0x1040, 0x0800, 0x0820, 0x1881, 0x1041, 0x1040, 0x1061,
  0x1041, 0x1841, 0x2862, 0x3021, 0x3800, 0x3800, 0x3000, 0x3000, 0x3000, 0x3000, 0x3001, 0x3000, 0x3000, 0x3000, 0x3001, 0x3001,
  0x3000, 0x3000, 0x3000, 0x3020, 0x3041, 0x2000, 0x5207, 0xF79D, 0x628A, 0x1800, 0x2800, 0x2800, 0x2800, 0x3000, 0x3000, 0x3000,
  0x3000, 0x3000, 0x3800, 0x3800, 0x3000, 0x3000, 0x3000, 0x3000, 0x3000, 0x3000, 0x3000, 0x3000, 0x3000, 0x3000, 0x3800, 0x3820,
  0x4020, 0x4040, 0x3040, 0x20A2, 0x1881, 0x30A0, 0x8AE8, 0xAB0A, 0xB34B, 0xCC2D, 0xE511, 0xF5B4, 0xF615, 0xF636, 0xF615, 0xF615,
  0xF615, 0xF636, 0xF656, 0xF656, 0xF657, 0xF677, 0xF657, 0xF656, 0xEDF5, 0xEDD4, 0xE573, 0xDD11, 0xCC8F, 0xBC0D, 0xA34A, 0x6184,
  0x38E2, 0x3103, 0x10A2, 0x0861, 0x0820, 0x0020, 0x0840, 0x1081, 0x0820, 0x0020, 0x0820, 0x1021, 0x1820, 0x3041, 0x3800, 0x3800,
  0x3800, 0x3800, 0x3800, 0x3000, 0x3000, 0x3000, 0x3000, 0x3000, 0x3801, 0x3000, 0x3000, 0x3000, 0x3000, 0x3000, 0x3021, 0x2000,
  0x5207, 0xF79D, 0x628A, 0x1800, 0x2800, 0x2800, 0x2800, 0x3000, 0x3000, 0x3000, 0x3000, 0x3000, 0x3000, 0x3800, 0x3000, 0x3000,
  0x3000, 0x3000, 0x3000, 0x3000, 0x3000, 0x3000, 0x3800, 0x3800, 0x3800, 0x4020, 0x4820, 0x4820, 0x3841, 0x1881, 0x1861, 0x59C4,
  0xAB69, 0xAAE8, 0xC38B, 0xD48E, 0xED73, 0xF615, 0xF656, 0xEE56, 0xEE36, 0xEE15, 0xEE15, 0xF636, 0xF656, 0xF657, 0xF677, 0xF697,
  0xF697, 0xF677, 0xEE36, 0xEDF5, 0xED93, 0xE532, 0xD4AF, 0xC44E, 0xAB8B, 0x7A67, 0x30A1, 0x1860, 0x0861, 0x0020, 0x0020, 0x0020,
  0x0020, 0x0040, 0x0040, 0x0040, 0x0020, 0x0820, 0x0800, 0x2841, 0x3820, 0x3800, 0x3800, 0x3800, 0x3800, 0x3800, 0x3800, 0x3800,
  0x3800, 0x3800, 0x3800, 0x3800, 0x3000, 0x3000, 0x3000, 0x3000, 0x3021, 0x2000, 0x51E7, 0xF79D, 0x628A, 0x1800, 0x2800, 0x2800,
  0x2800, 0x3000, 0x3000, 0x3000, 0x3000, 0x3000, 0x3000, 0x3800, 0x3000, 0x3000, 0x3000, 0x3000, 0x3000, 0x3000, 0x3820, 0x3000,
  0x3800, 0x3800, 0x3820, 0x4020, 0x4821, 0x4800, 0x4041, 0x1840, 0x1861, 0x8288, 0xAB48, 0xB309, 0xCBED, 0xDCD0, 0xED93, 0xF615,
  0xF656, 0xF656, 0xEE36, 0xEDF5, 0xEDF5, 0xF615, 0xF636, 0xF657, 0xF677, 0xF698, 0xF698, 0xF677, 0xF636, 0xEDF5, 0xED94, 0xE552,
  0xDCF0, 0xCC6E, 0xBBCC, 0x92E9, 0x59A5, 0x1840, 0x0820, 0x0020, 0x0000, 0x0020, 0x0020, 0x0000, 0x0020, 0x0020, 0x0020, 0x0820,
  0x0820, 0x2861, 0x3820, 0x4000, 0x3800, 0x3800, 0x3800, 0x3800, 0x3800, 0x3800, 0x3820, 0x3820, 0x3820, 0x3820, 0x3800, 0x3000,
  0x3000, 0x3000, 0x3021, 0x2000, 0x51E7, 0xF79D, 0x628A, 0x1800, 0x2800, 0x2800, 0x2800, 0x3000, 0x3000, 0x3000, 0x3000, 0x3000,
  0x3000, 0x3800, 0x3000, 0x3000, 0x3000, 0x3020, 0x3020, 0x3020, 0x3820, 0x3820, 0x3820, 0x3800, 0x4020, 0x4020, 0x4821, 0x5000,
  0x4041, 0x1840, 0x1861, 0x8AE9, 0xA308, 0xBB29, 0xCC0E, 0xD4D0, 0xED73, 0xF5D5, 0xF636, 0xEE36, 0xEE16, 0xEDB5, 0xED94, 0xEDB5,
  0xF5F6, 0xF636, 0xF657, 0xF698, 0xF698, 0xF677, 0xF636, 0xEDF5, 0xEDB5, 0xED73, 0xE511, 0xD48F, 0xC40D, 0x9B2A, 0x7227, 0x3903,
  0x0820, 0x0000, 0x0000, 0x0820, 0x0820, 0x0000, 0x0820, 0x0000, 0x0000, 0x0020, 0x0800, 0x2861, 0x4041, 0x4000, 0x3820, 0x3800,
  0x3800, 0x3800, 0x3800, 0x3820, 0x3820, 0x3820, 0x3820, 0x3820, 0x3800, 0x3000, 0x3000, 0x3000, 0x3021, 0x2000, 0x51E7, 0xF79D,
  0x628A, 0x1800, 0x2800, 0x2800, 0x2800, 0x3000, 0x3000, 0x3000, 0x3000, 0x3000, 0x3000, 0x3000, 0x3800, 0x3000, 0x3800, 0x3800,
  0x3800, 0x3800, 0x4000, 0x4000, 0x4000, 0x4000, 0x4020, 0x4821, 0x5020, 0x5000, 0x4041, 0x1800, 0x28A1, 0x9AE9, 0xA2A7, 0xBB29,
  0xCC0D, 0xDCD0, 0xED73, 0xF5B5, 0xF5F5, 0xF5D5, 0xF5D5, 0xED74, 0xED33, 0xF574, 0xF5B5, 0xF5F6, 0xF657, 0xF677, 0xF677, 0xF677,
  0xF636, 0xF5F5, 0xEDB4, 0xED73, 0xE532, 0xDCB0, 0xCC2E, 0xA32A, 0x7A26, 0x5185, 0x28C3, 0x0821, 0x0021, 0x0020, 0x0020, 0x0000,
  0x0820, 0x0820, 0x0020, 0x0020, 0x0820, 0x2861, 0x4841, 0x4800, 0x4020, 0x4000, 0x4000, 0x4000, 0x4000, 0x4000, 0x4000, 0x4000,
  0x4020, 0x4020, 0x3800, 0x3800, 0x3800, 0x3800, 0x3020, 0x2000, 0x5207, 0xF79D, 0x628A, 0x1800, 0x2800, 0x2800, 0x2800, 0x3000,
  0x3000, 0x3000, 0x3000, 0x3000, 0x3000, 0x3000, 0x3000, 0x3000, 0x3800, 0x3800, 0x3800, 0x4020, 0x4020, 0x4020, 0x4020, 0x4820,
  0x4820, 0x4820, 0x5020, 0x5020, 0x4041, 0x1000, 0x4123, 0x9AC8, 0x9A86, 0xBB29, 0xCC0D, 0xDCD0, 0xED73, 0xED94, 0xED94, 0xED94,
  0xED94, 0xE512, 0xE4F2, 0xED33, 0xED74, 0xF5F6, 0xF657, 0xF678, 0xF678, 0xF657, 0xF636, 0xF616, 0xF5D4, 0xED93, 0xED52, 0xE4F1,
  0xD44E, 0xB38B, 0x8246, 0x5984, 0x3924, 0x1041, 0x0020, 0x0020, 0x0020, 0x0000, 0x0020, 0x0020, 0x0020, 0x0840, 0x0820, 0x2841,
  0x4841, 0x5000, 0x4021, 0x4020, 0x4000, 0x4000, 0x4000, 0x4020, 0x4020, 0x4020, 0x4000, 0x4000, 0x4020, 0x4020, 0x4000, 0x3800,
  0x3820, 0x2000, 0x5A07, 0xF79D, 0x628A, 0x1800, 0x2800, 0x2800, 0x2800, 0x3000, 0x3000, 0x3000, 0x3000, 0x3000, 0x3000, 0x3000,
  0x3000, 0x3000, 0x3000, 0x3800, 0x3800, 0x4020, 0x4020, 0x4020, 0x4820, 0x4820, 0x4821, 0x4820, 0x5000, 0x5021, 0x4040, 0x1000,
  0x59C4, 0x92A7, 0x9266, 0xB329, 0xCC0D, 0xDCD1, 0xED53, 0xE573, 0xE553, 0xED73, 0xE553, 0xE512, 0xED12, 0xED33, 0xF5B5, 0xF636,
  0xF677, 0xF678, 0xF658, 0xF657, 0xF637, 0xF616, 0xF5F5, 0xF5B4, 0xED73, 0xE511, 0xDC8F, 0xC40D, 0x92C8, 0x5943, 0x38E3, 0x1841,
  0x0020, 0x0020, 0x0020, 0x0000, 0x0020, 0x0020, 0x0020, 0x0841, 0x1840, 0x3040, 0x4820, 0x5000, 0x4821, 0x4820, 0x4820, 0x4820,
  0x4020, 0x4020, 0x4020, 0x4020, 0x4000, 0x4000, 0x4020, 0x4021, 0x4020, 0x4000, 0x3820, 0x2800, 0x59E7, 0xF79D, 0x628A, 0x1800,
  0x2800, 0x2800, 0x2800, 0x3020, 0x3000, 0x2800, 0x3000, 0x3000, 0x3000, 0x3000, 0x3020, 0x3000, 0x3000, 0x3800, 0x4021, 0x4020,
  0x4820, 0x4820, 0x4820, 0x4820, 0x4800, 0x4820, 0x5020, 0x5021, 0x4841, 0x3020, 0x7226, 0x8A45, 0x9266, 0xB329, 0xCC0D, 0xE4F1,
  0xED53, 0xE552, 0xE532, 0xED73, 0xE553, 0xE512, 0xED33, 0xF573, 0xF5D5, 0xF636, 0xF657, 0xF678, 0xF657, 0xF657, 0xF636, 0xF616,
  0xF5D4, 0xF5B4, 0xED73, 0xED32, 0xE4D0, 0xD46E, 0xB38B, 0x71C5, 0x3880, 0x1820, 0x0000, 0x0020, 0x0820, 0x0020, 0x0020, 0x0020,
  0x0020, 0x1061, 0x2881, 0x3840, 0x5020, 0x5800, 0x5021, 0x5020, 0x4820, 0x4820, 0x4820, 0x4820, 0x4821, 0x4821, 0x4000, 0x4000,
  0x4820, 0x4821, 0x4821, 0x4800, 0x4020, 0x2800, 0x59E7, 0xF79D, 0x628A, 0x1800, 0x2800, 0x2800, 0x2800, 0x3020, 0x3000, 0x3000,
  0x2800, 0x2800, 0x2800, 0x3000, 0x3000, 0x3000, 0x3000, 0x3800, 0x4021, 0x4821, 0x4821, 0x4821, 0x4821, 0x4821, 0x4821, 0x4840,
  0x5021, 0x5001, 0x4800, 0x5061, 0x8A66, 0x8A24, 0x9245, 0xAB09, 0xCC2E, 0xE4F1, 0xED53, 0xE532, 0xE532, 0xED53, 0xE552, 0xE532,
  0xED53, 0xF594, 0xF5D5, 0xF615, 0xF656, 0xF657, 0xF636, 0xF636, 0xF5F5, 0xF5F5, 0xEDB4, 0xED93, 0xED73, 0xED32, 0xED11, 0xDCB0,
  0xCC2D, 0x9AE9, 0x5102, 0x1800, 0x0800, 0x0820, 0x0820, 0x0020, 0x0020, 0x0020, 0x0020, 0x1881, 0x3061, 0x4020, 0x5040, 0x5820,
  0x5821, 0x5020, 0x4820, 0x4820, 0x4820, 0x4821, 0x4821, 0x4821, 0x4821, 0x4800, 0x4821, 0x5021, 0x5021, 0x4821, 0x4820, 0x3000,
  0x59E7, 0xF79D, 0x628A, 0x1800, 0x2820, 0x2800, 0x3000, 0x3000, 0x2800, 0x2800, 0x2800, 0x2800, 0x2800, 0x2800, 0x3000, 0x3000,
  0x3000, 0x4021, 0x4821, 0x4821, 0x4821, 0x4821, 0x4821, 0x4821, 0x4821, 0x4821, 0x5021, 0x5000, 0x5000, 0x5881, 0x9266, 0x9245,
  0x9AA7, 0xB3AC, 0xDCF1, 0xF5B4, 0xF5D4, 0xED52, 0xE511, 0xED52, 0xED52, 0xED12, 0xED53, 0xF594, 0xF5D5, 0xFE36, 0xF636, 0xFE15,
  0xF5D4, 0xED73, 0xE552, 0xEDB3, 0xED94, 0xED53, 0xED52, 0xED31, 0xE511, 0xDCF0, 0xD48E, 0xBBAC, 0x8247, 0x3081, 0x1841, 0x1041,
  0x1041, 0x0820, 0x0800, 0x0020, 0x0020, 0x1861, 0x2861, 0x4021, 0x5820, 0x6000, 0x5800, 0x5000, 0x5020, 0x5020, 0x5020, 0x4821,
  0x4821, 0x4821, 0x4821, 0x4821, 0x4820, 0x5020, 0x5000, 0x5020, 0x5021, 0x3000, 0x6208, 0xF79D, 0x628A, 0x1800, 0x2820, 0x3000,
  0x3000, 0x3000, 0x2800, 0x2800, 0x2800, 0x2800, 0x2800, 0x3000, 0x3020, 0x3000, 0x3000, 0x4021, 0x4821, 0x4821, 0x4821, 0x4821,
  0x4821, 0x4821, 0x5021, 0x4821, 0x5021, 0x5020, 0x4800, 0x58C2, 0x92A8, 0x7225, 0x61C5, 0x59A5, 0x7289, 0xA3CE, 0xC4B0, 0xDD11,
  0xDCF0, 0xED31, 0xED32, 0xED12, 0xED33, 0xCC70, 0xA36C, 0x8AEA, 0x92EA, 0x930A, 0x9B0B, 0x92CA, 0x8A89, 0x8AC9, 0xB3CD, 0xCC6F,
  0xDC8F, 0xE4F0, 0xE4F0, 0xDCF0, 0xD4AF, 0xCC2D, 0xAB4B, 0x69C5, 0x30C2, 0x3104, 0x20A2, 0x1061, 0x0820, 0x0020, 0x0040, 0x1041,
  0x2841, 0x4821, 0x5820, 0x6000, 0x5800, 0x5000, 0x5000, 0x5000, 0x5000, 0x5000, 0x5020, 0x5020, 0x4820, 0x4820, 0x4820, 0x5020,
  0x5820, 0x5820, 0x5021, 0x3800, 0x6207, 0xF77D, 0x628A, 0x1800, 0x2800, 0x3000, 0x3000, 0x3000, 0x3000, 0x2800, 0x2800, 0x2800,
  0x3000, 0x3000, 0x3000, 0x3000, 0x3800, 0x4021, 0x4821, 0x4821, 0x4820, 0x4800, 0x4821, 0x4821, 0x5021, 0x5020, 0x5001, 0x5021,
  0x4821, 0x50A3, 0x48E3, 0x2060, 0x20A2, 0x28E4, 0x28E4, 0x1821, 0x2840, 0x7227, 0xB3ED, 0xC44F, 0xC44F, 0xD490, 0xBC0E, 0x6185,
  0x3861, 0x2000, 0x2021, 0x2041, 0x2841, 0x2841, 0x40C3, 0x4902, 0x6123, 0x9267, 0xB38B, 0xD44E, 0xDCAF, 0xD4AF, 0xD4AE, 0xCC4D,
  0xBBAC, 0x92C9, 0x48E2, 0x30E3, 0x3144, 0x20E2, 0x1061, 0x0840, 0x0060, 0x1060, 0x3821, 0x5001, 0x5820, 0x5820, 0x5800, 0x5000,
  0x5000, 0x5000, 0x5000, 0x5000, 0x5000, 0x5020, 0x5020, 0x4820, 0x4820, 0x5020, 0x5820, 0x5821, 0x4820, 0x3800, 0x6207, 0xF77D,
  0x628A, 0x1800, 0x3000, 0x3000, 0x3000, 0x3000, 0x3000, 0x2800, 0x2800, 0x3000, 0x3000, 0x3000, 0x3020, 0x3000, 0x3800, 0x4021,
  0x4821, 0x4801, 0x4821, 0x4821, 0x4821, 0x4821, 0x5021, 0x5020, 0x5021, 0x4821, 0x4021, 0x3821, 0x4904, 0x59C6, 0x59E7, 0x7AEC,
  0xAC93, 0xAC52, 0x4986, 0x2861, 0x82A9, 0xA38C, 0xBC0E, 0xBC0F, 0x92EA, 0x48E3, 0x38A2, 0x38E4, 0x38E4, 0x4125, 0x51A7, 0x30C3,
  0x5985, 0xB42F, 0xBBEE, 0xB38C, 0xBB8B, 0xC3CC, 0xD44E, 0xD48E, 0xCC8E, 0xCC4D, 0xBBCC, 0x9B0A, 0x6185, 0x1000, 0x2061, 0x20A1,
  0x1881, 0x0820, 0x0820, 0x1000, 0x4020, 0x5800, 0x5800, 0x5820, 0x5800, 0x5000, 0x5000, 0x5020, 0x5000, 0x5001, 0x5001, 0x5021,
  0x5020, 0x5020, 0x5020, 0x5020, 0x5820, 0x5800, 0x4820, 0x3800, 0x6207, 0xF79D, 0x628A, 0x1800, 0x3000, 0x3000, 0x3800, 0x3000,
  0x3000, 0x3000, 0x3000, 0x3000, 0x3000, 0x3000, 0x3000, 0x3000, 0x3800, 0x4021, 0x4821, 0x4801, 0x4821, 0x4821, 0x4821, 0x4821,
  0x5021, 0x5021, 0x5021, 0x4821, 0x4020, 0x3041, 0x7A89, 0x69E6, 0x4103, 0x38C3, 0x4145, 0x51E7, 0x5229, 0x4124, 0x61A6, 0x7A48,
  0x8AA9, 0xABCE, 0x7A89, 0x38A2, 0x5165, 0x30A2, 0x3062, 0x4944, 0x4986, 0x5A08, 0x51C6, 0x5164, 0xA30A, 0xBB8C, 0xBB8B, 0xC3AC,
  0xC3EC, 0xCC2D, 0xCC4E, 0xCC4D, 0xBBED, 0x92E9, 0x61E6, 0x51A7, 0x51C7, 0x38E3, 0x1820, 0x6268, 0xACB1, 0xA40E, 0x50C2, 0x5020,
  0x6020, 0x5800, 0x5800, 0x5000, 0x5000, 0x5020, 0x5001, 0x5001, 0x5001, 0x5001, 0x5000, 0x5020, 0x5020, 0x5020, 0x5820, 0x5000,
  0x4820, 0x3800, 0x6207, 0xF79D, 0x628A, 0x2000, 0x3020, 0x3000, 0x3800, 0x3000, 0x3000, 0x3000, 0x3000, 0x3000, 0x3000, 0x3000,
  0x3800, 0x3800, 0x3800, 0x4821, 0x5021, 0x5001, 0x4821, 0x4821, 0x4821, 0x4821, 0x5021, 0x5021, 0x5021, 0x4821, 0x40A1, 0x59C6,
  0x7A88, 0x4102, 0x4165, 0x3165, 0x2103, 0x4207, 0x7B2D, 0x30C3, 0x40A2, 0xA34B, 0xC44F, 0xB42F, 0x5165, 0x4924, 0x3882, 0x61A7,
  0x5A07, 0x30E3, 0x3125, 0x4A49, 0x628A, 0x30C3, 0x58E2, 0x6922, 0x81E5, 0xA2E8, 0xBBAB, 0xCC2E, 0xD470, 0xCC6F, 0xBC2E, 0x9B8C,
  0x82EA, 0x6A49, 0x59E7, 0x7A89, 0xB450, 0xCD12, 0x936C, 0xBCB0, 0x9B4C, 0x4800, 0x6020, 0x6000, 0x5800, 0x5000, 0x5000, 0x5020,
  0x5021, 0x5001, 0x5001, 0x5001, 0x5000, 0x5000, 0x5020, 0x5020, 0x5820, 0x5800, 0x4820, 0x3800, 0x6207, 0xF79D, 0x628A, 0x2000,
  0x3820, 0x3800, 0x3800, 0x3000, 0x3000, 0x3000, 0x3000, 0x3000, 0x3800, 0x3820, 0x3800, 0x3820, 0x4000, 0x4821, 0x4821, 0x4801,
  0x4821, 0x4821, 0x4821, 0x4820, 0x4820, 0x4821, 0x5021, 0x4000, 0x4144, 0x8BAD, 0x8289, 0x5943, 0x6248, 0x9430, 0x41A6, 0x7B4D,
  0x9BCF, 0x3861, 0x6144, 0xDCD0, 0xF5D3, 0xE593, 0x6A27, 0x61E6, 0x6125, 0x69C7, 0x93EE, 0x4A07, 0x734D, 0xACB3, 0x6AAA, 0x4124,
  0x61C6, 0x934B, 0xA3CC, 0xB42D, 0xBC4F, 0xABCE, 0xABAD, 0x9B4C, 0x9B2B, 0x9B0B, 0x71E6, 0x3860, 0x61A5, 0xCC70, 0xB36C, 0x79C5,
  0x8246, 0x5962, 0x8AA8, 0x5882, 0x5800, 0x5800, 0x5800, 0x5800, 0x5800, 0x5000, 0x5020, 0x5000, 0x5001, 0x5001, 0x5001, 0x5001,
  0x5000, 0x5800, 0x5800, 0x5800, 0x5020, 0x4000, 0x6208, 0xF79D, 0x628A, 0x2000, 0x3820, 0x3800, 0x3800, 0x3800, 0x3000, 0x3000,
  0x3000, 0x3000, 0x3800, 0x3800, 0x3800, 0x4020, 0x4000, 0x4821, 0x4821, 0x4801, 0x4821, 0x4821, 0x4820, 0x4820, 0x5020, 0x5020,
  0x5001, 0x4821, 0x3061, 0x838D, 0x82C9, 0x8246, 0x71A5, 0x8A48, 0x8AA9, 0x7226, 0x5145, 0x3861, 0x79E6, 0xED52, 0xEDB3, 0xF5D4,
  0x8B0B, 0x938D, 0xA36D, 0x6964, 0x5943, 0x7A48, 0x8268, 0x5903, 0x61A6, 0x4104, 0x2862, 0x830B, 0xAC2E, 0xA3AC, 0x9B6C, 0xA34B,
  0xABAC, 0xB3ED, 0xBBED, 0xB3AC, 0x9288, 0x6943, 0x9AA8, 0xC3ED, 0xAB4A, 0xD48F, 0xCC8E, 0x9B6A, 0x8AE9, 0x58A2, 0x5000, 0x5020,
  0x5020, 0x5820, 0x5000, 0x5000, 0x5800, 0x5000, 0x5000, 0x5000, 0x5000, 0x5000, 0x5020, 0x5020, 0x5820, 0x5020, 0x5020, 0x3800,
  0x6208, 0xF79D, 0x628A, 0x2000, 0x3841, 0x3820, 0x3800, 0x3800, 0x3820, 0x3820, 0x3800, 0x3800, 0x3800, 0x3800, 0x4000, 0x4021,
  0x4020, 0x4821, 0x4821, 0x4801, 0x4821, 0x4821, 0x5020, 0x5020, 0x5000, 0x5800, 0x5800, 0x5841, 0x4020, 0x59C6, 0xAC6F, 0x7A66,
  0x8A06, 0x8184, 0x7983, 0x7A05, 0x69E6, 0x4820, 0xA2EA, 0xEDB4, 0xEDD3, 0xE532, 0xABCE, 0x8B6C, 0xD5B4, 0xB3CC, 0x8A26, 0x7184,
  0x7963, 0x7963, 0x7A27, 0x4124, 0x59C6, 0x8B0B, 0xB40D, 0xCC8F, 0xDCF1, 0xDCF0, 0xDCCF, 0xD46E, 0xCC0C, 0xBB6A, 0xAAE8, 0x9A46,
  0x9A46, 0x9226, 0xA2C8, 0xE531, 0xB3CB, 0xBC2D, 0xA3AC, 0x58A2, 0x4800, 0x4820, 0x4820, 0x5040, 0x5020, 0x5800, 0x5800, 0x5800,
  0x5000, 0x5000, 0x5000, 0x5000, 0x5020, 0x5020, 0x5020, 0x5020, 0x4820, 0x3800, 0x6208, 0xF77D, 0x628A, 0x2000, 0x4021, 0x4000,
  0x4000, 0x3800, 0x3800, 0x3800, 0x3800, 0x3800, 0x3800, 0x4020, 0x4000, 0x4821, 0x4821, 0x4821, 0x4821, 0x4820, 0x4820, 0x4820,
  0x5020, 0x5020, 0x5800, 0x6000, 0x5800, 0x5820, 0x5821, 0x4881, 0x7AE9, 0xAC6F, 0xABAC, 0xAB6B, 0xABCC, 0x8B2A, 0x5102, 0x60A2,
  0xC3AD, 0xF635, 0xEDB3, 0xD46F, 0xCC4F, 0x7227, 0xD5B4, 0xDD93, 0xAB8B, 0x92C8, 0x8A67, 0x9B2A, 0x7227, 0x5185, 0xC44F, 0xDD11,
  0xE551, 0xE530, 0xECEF, 0xDCCE, 0xD4AE, 0xCC4D, 0xC3CB, 0xBB49, 0xAAA7, 0x9A05, 0x91C4, 0x8163, 0x7962, 0xCC6E, 0xB38B, 0xCCAF,
  0xA38C, 0x4820, 0x5020, 0x4820, 0x5020, 0x5020, 0x5820, 0x6000, 0x6000, 0x5800, 0x5800, 0x5800, 0x5800, 0x5800, 0x5000, 0x5020,
  0x5020, 0x5020, 0x5020, 0x3800, 0x6208, 0xF77D, 0x628A, 0x2000, 0x4021, 0x4000, 0x4000, 0x3800, 0x3800, 0x3800, 0x3800, 0x3800,
  0x3800, 0x4000, 0x4000, 0x4801, 0x4801, 0x4821, 0x4821, 0x4820, 0x4820, 0x4820, 0x5020, 0x5820, 0x5820, 0x6000, 0x6020, 0x6820,
  0x7001, 0x8145, 0x69E7, 0x59E7, 0x93AD, 0x8B4B, 0x6A69, 0x4986, 0x7A47, 0x8965, 0xDC4F, 0xF676, 0xEDB4, 0xD46D, 0xC3AB, 0xA30B,
  0x72EA, 0xA4B1, 0xB42E, 0xAB8B, 0xA38D, 0x82AB, 0x50E3, 0xAB4B, 0xDD11, 0xEDB3, 0xED93, 0xED52, 0xE531, 0xDD10, 0xD4AF, 0xD44D,
  0xCBCC, 0xBB4A, 0xAAA8, 0x91E4, 0x9A05, 0xCBAB, 0xAAC8, 0xC3ED, 0xA309, 0xD4F0, 0x7A26, 0x4000, 0x5841, 0x5841, 0x5800, 0x5820,
  0x6020, 0x6000, 0x6000, 0x5800, 0x5800, 0x5800, 0x5800, 0x5800, 0x5800, 0x5820, 0x5800, 0x5800, 0x5020, 0x4000, 0x6208, 0xF77D,
  0x628A, 0x2800, 0x4020, 0x4020, 0x4020, 0x3800, 0x3800, 0x3820, 0x3800, 0x3800, 0x3800, 0x4000, 0x4000, 0x4820, 0x4820, 0x4820,
  0x4820, 0x4820, 0x4820, 0x4800, 0x5800, 0x6020, 0x6820, 0x6820, 0x6820, 0x6800, 0x6800, 0x8103, 0x9A87, 0x9AE9, 0x8AA8, 0x7AE9,
  0xA44F, 0xE5F5, 0xBB6B, 0x8985, 0xEDB5, 0xF697, 0xF593, 0xE46E, 0xCBCC, 0xAAC9, 0xB3CD, 0x830A, 0x72A9, 0x7288, 0x6227, 0x69E7,
  0xB3AD, 0xED12, 0xF5F5, 0xF615, 0xEDD4, 0xEDB3, 0xE572, 0xDD10, 0xDC8F, 0xD42D, 0xCBAC, 0xC329, 0xB287, 0x9A25, 0x9A66, 0xE4D0,
  0xCC4E, 0xBBCC, 0xAB4A, 0xB3CD, 0x4820, 0x5820, 0x6021, 0x6020, 0x6000, 0x6000, 0x6800, 0x6800, 0x6800, 0x5820, 0x5800, 0x6000,
  0x6000, 0x6000, 0x5820, 0x6000, 0x6000, 0x5800, 0x5820, 0x4000, 0x6208, 0xF77D, 0x628A, 0x2800, 0x4020, 0x4020, 0x4020, 0x3800,
  0x3800, 0x3820, 0x3800, 0x3800, 0x4000, 0x4000, 0x4000, 0x4820, 0x4820, 0x4820, 0x4820, 0x4820, 0x4820, 0x4800, 0x5800, 0x6800,
  0x6800, 0x6820, 0x7000, 0x7000, 0x6800, 0x8102, 0xAA66, 0xD3EC, 0xF533, 0xF616, 0xFEB8, 0xFDB4, 0xA206, 0xAAEA, 0xFE99, 0xF697,
  0xFDB3, 0xE48F, 0xDC4F, 0xB309, 0x9A88, 0xD4F1, 0xCD12, 0xC533, 0xD573, 0xEDF5, 0xF5D5, 0xF616, 0xF636, 0xF636, 0xF5F5, 0xEDD4,
  0xE572, 0xDCF0, 0xD46E, 0xCC0C, 0xCB8B, 0xBB09, 0xB287, 0x9A05, 0xA2C8, 0xF572, 0xDCF1, 0xA309, 0xCC4F, 0x81A5, 0x5000, 0x6021,
  0x6820, 0x6820, 0x6820, 0x6820, 0x6800, 0x6800, 0x6800, 0x6020, 0x6000, 0x6800, 0x6800, 0x6020, 0x6020, 0x6000, 0x6800, 0x6000,
  0x5821, 0x4000, 0x61E8, 0xF77D, 0x628A, 0x2800, 0x4020, 0x4020, 0x4020, 0x3800, 0x3800, 0x3820, 0x3800, 0x4000, 0x4000, 0x4000,
  0x4820, 0x4821, 0x4821, 0x4820, 0x4820, 0x4820, 0x4820, 0x4800, 0x5800, 0x6000, 0x6800, 0x7000, 0x7000, 0x7001, 0x7000, 0x8902,
  0xAA87, 0xD3EC, 0xFD73, 0xF5F6, 0xF5D5, 0xDC4F, 0xBB0A, 0xC38D, 0xFE37, 0xF657, 0xED52, 0xED11, 0xF593, 0xF552, 0x9A87, 0xAB2A,
  0xE512, 0xFE36, 0xFE57, 0xF636, 0xF636, 0xF657, 0xF657, 0xF637, 0xF5F5, 0xEDB4, 0xE552, 0xDCAF, 0xD44D, 0xCBEC, 0xC36A, 0xBAE8,
  0xAA67, 0x99E5, 0xAAC8, 0xDCB0, 0xAB6A, 0xCC6F, 0xC3CD, 0x6020, 0x6840, 0x6821, 0x6801, 0x7000, 0x7000, 0x7000, 0x7000, 0x7000,
  0x7000, 0x6020, 0x6020, 0x6800, 0x6820, 0x6820, 0x6820, 0x6800, 0x6800, 0x6000, 0x5821, 0x4000, 0x61E8, 0xF77D, 0x628A, 0x2800,
  0x4020, 0x4020, 0x4020, 0x3800, 0x4020, 0x4020, 0x4000, 0x4000, 0x4000, 0x4820, 0x4821, 0x4821, 0x4821, 0x4821, 0x4821, 0x4820,
  0x4820, 0x5020, 0x5820, 0x6020, 0x6800, 0x7000, 0x7000, 0x7801, 0x7000, 0x8902, 0xAA87, 0xCC2D, 0xF594, 0xF616, 0xF5D5, 0xC3AD,
  0x9206, 0x8A07, 0xA2EB, 0xA2EA, 0xA309, 0xAB8B, 0xD4D1, 0xED52, 0xA2C8, 0xAB09, 0xDCB0, 0xED52, 0xF5D5, 0xF636, 0xF657, 0xF677,
  0xF657, 0xF636, 0xEDD5, 0xED73, 0xE511, 0xD46F, 0xCC0D, 0xC3AB, 0xBB49, 0xB2E8, 0xAA66, 0x9A05, 0xBB2A, 0xE490, 0xCC4E, 0xED32,
  0x7903, 0x6800, 0x6820, 0x6820, 0x7001, 0x7001, 0x7000, 0x7000, 0x6800, 0x7000, 0x7001, 0x6820, 0x6820, 0x7000, 0x7000, 0x6800,
  0x6820, 0x6800, 0x6800, 0x6800, 0x5820, 0x3800, 0x61E7, 0xF77D, 0x628A, 0x2800, 0x4020, 0x4020, 0x4020, 0x3800, 0x4020, 0x4020,
  0x4000, 0x4000, 0x4821, 0x4821, 0x4821, 0x4821, 0x4821, 0x4821, 0x4821, 0x4820, 0x4820, 0x5020, 0x5820, 0x6820, 0x6820, 0x7020,
  0x7000, 0x7001, 0x7000, 0x8902, 0xB2A7, 0xCBEC, 0xF553, 0xF5F6, 0xF616, 0xDC70, 0x81A5, 0x4860, 0x6081, 0x68A2, 0x58E2, 0x40A2,
  0x50A2, 0x79E5, 0x9AE9, 0xDCB0, 0xE4D1, 0xE532, 0xED94, 0xF5F5, 0xF636, 0xF657, 0xF657, 0xF615, 0xED93, 0xE532, 0xDCD0, 0xD44E,
  0xCBCC, 0xBB6A, 0xBB29, 0xB2C8, 0xA266, 0x9A05, 0xC36B, 0xDC6F, 0xE4D1, 0xB2EA, 0x6000, 0x7020, 0x7020, 0x6820, 0x6801, 0x6801,
  0x6820, 0x6820, 0x6800, 0x6821, 0x6821, 0x6800, 0x7000, 0x7800, 0x7800, 0x7000, 0x7020, 0x7000, 0x7000, 0x6820, 0x5820, 0x3800,
  0x61E7, 0xF77D, 0x628A, 0x2800, 0x4020, 0x4020, 0x4020, 0x3800, 0x3820, 0x4000, 0x4000, 0x4800, 0x4820, 0x4821, 0x5021, 0x5020,
  0x4820, 0x4821, 0x4821, 0x4820, 0x4820, 0x5020, 0x5820, 0x6820, 0x7020, 0x7020, 0x7000, 0x7000, 0x7000, 0x78A1, 0xB287, 0xCB8B,
  0xECD1, 0xF5B5, 0xFDF5, 0xF512, 0xC36C, 0x7984, 0x7944, 0x7903, 0x9AE9, 0xCCB1, 0x9B2B, 0xA32A, 0xDCF0, 0xF593, 0xED32, 0xE533,
  0xE553, 0xF5B5, 0xF5F6, 0xF616, 0xF636, 0xEDF5, 0xED73, 0xE4F1, 0xDC8F, 0xCC0D, 0xCBAB, 0xBB4A, 0xB308, 0xAAC7, 0xA266, 0x9A25,
  0xC38B, 0xE4B0, 0xD3CD, 0x70C2, 0x6800, 0x7020, 0x7020, 0x7020, 0x6800, 0x6821, 0x6800, 0x6000, 0x6000, 0x6820, 0x6821, 0x6800,
  0x7020, 0x7820, 0x7820, 0x7800, 0x7000, 0x7000, 0x7000, 0x6820, 0x5820, 0x4000, 0x61E8, 0xF77D, 0x628A, 0x2800, 0x4020, 0x4000,
  0x4000, 0x4020, 0x3820, 0x3820, 0x4020, 0x4820, 0x5000, 0x5000, 0x5820, 0x5020, 0x5020, 0x5021, 0x4821, 0x4820, 0x4820, 0x5020,
  0x5820, 0x6820, 0x7020, 0x7020, 0x7020, 0x7000, 0x7000, 0x7861, 0xAA46, 0xBB49, 0xDC6F, 0xF552, 0xF552, 0xDC4E, 0xC32A, 0x99E5,
  0xAAA9, 0xAAE9, 0x9AC8, 0xF5F5, 0xEDB4, 0xED92, 0xED51, 0xE511, 0xED52, 0xED52, 0xED52, 0xED94, 0xEDD5, 0xF5F6, 0xF5D6, 0xF5B5,
  0xED53, 0xE4D1, 0xD46F, 0xCBEC, 0xC38A, 0xBB29, 0xB2E8, 0xAAA7, 0x9A45, 0xA246, 0x9A06, 0x91A6, 0x7082, 0x6800, 0x7020, 0x7000,
  0x7000, 0x7000, 0x7000, 0x6820, 0x6800, 0x6000, 0x6000, 0x6821, 0x6821, 0x6820, 0x6820, 0x7020, 0x7020, 0x7800, 0x7800, 0x7000,
  0x7000, 0x6800, 0x5800, 0x4000, 0x69E8, 0xF77D, 0x628A, 0x2800, 0x4020, 0x4020, 0x4020, 0x4000, 0x3820, 0x4000, 0x4000, 0x4820,
  0x5020, 0x5820, 0x5820, 0x5820, 0x5020, 0x5020, 0x4820, 0x4820, 0x4820, 0x5000, 0x6020, 0x6820, 0x7020, 0x7020, 0x7020, 0x7820,
  0x7000, 0x6820, 0x99E5, 0xBAE8, 0xD3EC, 0xECD0, 0xECD0, 0xCBCC, 0xBB2A, 0x9A47, 0xDC70, 0xD44F, 0xB34B, 0xF5F5, 0xFE77, 0xF5F4,
  0xED72, 0xE552, 0xE532, 0xED32, 0xED32, 0xED53, 0xED74, 0xED94, 0xED94, 0xED53, 0xE512, 0xDC90, 0xD42E, 0xCBAB, 0xC349, 0xBB09,
  0xB2C7, 0xA286, 0x9A25, 0xA226, 0x8123, 0x6000, 0x7020, 0x7020, 0x7000, 0x7000, 0x7000, 0x7000, 0x7000, 0x6820, 0x6800, 0x6000,
  0x6020, 0x6821, 0x6821, 0x6800, 0x6800, 0x7020, 0x7020, 0x7800, 0x7800, 0x7020, 0x7000, 0x6800, 0x5800, 0x4000, 0x69E8, 0xF77D,
  0x628A, 0x2000, 0x3820, 0x4000, 0x4020, 0x4020, 0x4020, 0x4020, 0x4800, 0x4800, 0x5800, 0x5800, 0x5820, 0x5820, 0x5820, 0x5020,
  0x5020, 0x4820, 0x4820, 0x5020, 0x6020, 0x6820, 0x7020, 0x7020, 0x7020, 0x7000, 0x7020, 0x6800, 0x9184, 0xAA66, 0xCB6A, 0xE46E,
  0xE48F, 0xCBCC, 0xBB6B, 0x9A88, 0xB36C, 0xBB8C, 0xAB2B, 0x9AE9, 0xB3ED, 0xE5B4, 0xF615, 0xE572, 0xE531, 0xED11, 0xED11, 0xED32,
  0xED32, 0xED52, 0xED32, 0xED12, 0xE4D1, 0xDC6F, 0xD3ED, 0xC38B, 0xBB29, 0xB2E8, 0xAAA7, 0xA266, 0x9A05, 0x99E5, 0x8103, 0x7020,
  0x7020, 0x7800, 0x7000, 0x7000, 0x7000, 0x7000, 0x7000, 0x6800, 0x6821, 0x6020, 0x6000, 0x6020, 0x6800, 0x6800, 0x6800, 0x7000,
  0x7020, 0x7820, 0x7820, 0x7820, 0x7000, 0x7000, 0x6020, 0x4000, 0x69E8, 0xF77D, 0x628A, 0x2000, 0x3820, 0x3800, 0x4020, 0x4020,
  0x4020, 0x4820, 0x4800, 0x5000, 0x5800, 0x6001, 0x6000, 0x5820, 0x5820, 0x5820, 0x5020, 0x5020, 0x5020, 0x5820, 0x6020, 0x6800,
  0x7020, 0x7020, 0x7020, 0x7000, 0x7020, 0x6820, 0x8102, 0x9A04, 0xC308, 0xE40C, 0xE46E, 0xC3AC, 0x9A88, 0x6903, 0x60E2, 0x68E3,
  0x7103, 0x6923, 0x58C1, 0x5923, 0x9B2A, 0xCC8F, 0xD48F, 0xDCB0, 0xE4D0, 0xE4F1, 0xE4F1, 0xE4F1, 0xE4F1, 0xE4D1, 0xDC6F, 0xD40D,
  0xCBAC, 0xC34A, 0xBAE8, 0xAAA7, 0xAA66, 0xA225, 0x91E4, 0x91A4, 0x80E2, 0x7000, 0x7801, 0x7000, 0x7000, 0x7000, 0x7000, 0x7000,
  0x7000, 0x6800, 0x6821, 0x6000, 0x6000, 0x6020, 0x6800, 0x6800, 0x6820, 0x7000, 0x7000, 0x7820, 0x7820, 0x7800, 0x7800, 0x7001,
  0x6020, 0x4000, 0x69E8, 0xF77D, 0x628A, 0x2000, 0x3820, 0x3800, 0x4020, 0x4000, 0x4000, 0x4800, 0x4800, 0x5000, 0x5801, 0x6001,
  0x6020, 0x6020, 0x6020, 0x5820, 0x5820, 0x5020, 0x5020, 0x5820, 0x6020, 0x6800, 0x7020, 0x7020, 0x7020, 0x7000, 0x7020, 0x6820,
  0x7080, 0x8982, 0xB286, 0xD3CB, 0xE46E, 0xCC0D, 0x7143, 0x5881, 0x8186, 0x89C7, 0x7924, 0xA2A9, 0xB34C, 0x8268, 0x6164, 0x8206,
  0xAB2A, 0xBBAB, 0xC3EC, 0xD42D, 0xD44E, 0xDC6E, 0xDC8F, 0xDC6F, 0xD42E, 0xCBCC, 0xCB6A, 0xBB09, 0xB2A7, 0xAA66, 0x9A05, 0x99E4,
  0x91A3, 0x8983, 0x80E2, 0x7000, 0x7801, 0x7020, 0x7020, 0x7000, 0x7000, 0x7000, 0x7000, 0x6800, 0x6000, 0x6000, 0x6000, 0x6020,
  0x6800, 0x6800, 0x6820, 0x6800, 0x7000, 0x7820, 0x7820, 0x7800, 0x7800, 0x7021, 0x6021, 0x4000, 0x69E8, 0xF77D, 0x628A, 0x2000,
  0x3820, 0x3820, 0x4000, 0x4020, 0x4821, 0x4821, 0x4820, 0x5820, 0x6000, 0x6820, 0x6820, 0x6820, 0x6820, 0x6000, 0x5820, 0x5020,
  0x5020, 0x5820, 0x6820, 0x6820, 0x7020, 0x7000, 0x7000, 0x7000, 0x7000, 0x7000, 0x7040, 0x8102, 0x99E4, 0xC349, 0xD42C, 0xE4AF,
  0xAAC9, 0x68E2, 0x91E6, 0xAACA, 0xA248, 0xB30B, 0x9A89, 0xA2C9, 0xDCB0, 0xD42E, 0xB34A, 0xB329, 0xBB6A, 0xC3AB, 0xC3CC, 0xCC0C,
  0xD44D, 0xD42D, 0xCBEB, 0xC38A, 0xBB29, 0xB2C8, 0xAA67, 0xA205, 0x99C4, 0x91C4, 0x8963, 0x8984, 0x8103, 0x7000, 0x7801, 0x7021,
  0x7020, 0x7000, 0x7000, 0x7000, 0x7000, 0x7000, 0x6800, 0x6800, 0x6800, 0x6820, 0x6821, 0x6000, 0x6800, 0x6800, 0x7000, 0x7000,
  0x7800, 0x7800, 0x7800, 0x7020, 0x6820, 0x5000, 0x6A08, 0xF77D, 0x628A, 0x2000, 0x3820, 0x3820, 0x4000, 0x4020, 0x4821, 0x4821,
  0x4820, 0x5820, 0x6020, 0x6820, 0x6820, 0x6020, 0x6820, 0x6000, 0x5820, 0x5020, 0x5020, 0x5820, 0x6820, 0x7020, 0x7020, 0x7000,
  0x7000, 0x7000, 0x7000, 0x7000, 0x6820, 0x70A1, 0x8963, 0xAA87, 0xCBAB, 0xD40D, 0xB2E9, 0x7943, 0x68A1, 0x70E2, 0x70E3, 0x68C2,
  0x7123, 0x9A68, 0xBB8B, 0xBB6B, 0xB34A, 0xBB6A, 0xBB8B, 0xC3AB, 0xBB8B, 0xBBAA, 0xC3CB, 0xCBCB, 0xC38A, 0xBB29, 0xB2C7, 0xAA46,
  0xA1E5, 0x99C4, 0x9183, 0x9162, 0x8922, 0x9144, 0x7924, 0x6021, 0x7021, 0x7020, 0x7020, 0x7000, 0x7000, 0x7000, 0x7000, 0x7000,
  0x6821, 0x6800, 0x6800, 0x6820, 0x6820, 0x6000, 0x6800, 0x6800, 0x7000, 0x7000, 0x7820, 0x7800, 0x7800, 0x7020, 0x6821, 0x5000,
  0x71E8, 0xF77D, 0x628A, 0x2800, 0x3820, 0x3820, 0x4000, 0x4020, 0x4821, 0x4821, 0x4820, 0x5020, 0x5820, 0x6020, 0x6020, 0x6020,
  0x6820, 0x6020, 0x6021, 0x5820, 0x5020, 0x6020, 0x6820, 0x7000, 0x7020, 0x7000, 0x7000, 0x7000, 0x7000, 0x7000, 0x7020, 0x6840,
  0x78E1, 0x91C4, 0xB2C8, 0xBB09, 0xA267, 0x9205, 0x7943, 0x68C2, 0x60C2, 0x7123, 0x7985, 0x89E6, 0xA2C9, 0xB34A, 0xBB6A, 0xBB8B,
  0xC3AB, 0xBB8A, 0xBB4A, 0xB329, 0xBB49, 0xBB49, 0xBB08, 0xB2C7, 0xAA66, 0xA1E4, 0x99A3, 0x9183, 0x9162, 0x8942, 0x8942, 0x89C6,
  0x69C6, 0x40A3, 0x6062, 0x7800, 0x7800, 0x7000, 0x7000, 0x7000, 0x7000, 0x7000, 0x7021, 0x7020, 0x7020, 0x7020, 0x6800, 0x6800,
  0x6800, 0x6800, 0x7000, 0x7800, 0x7820, 0x7820, 0x7800, 0x7000, 0x7041, 0x5800, 0x7208, 0xF77D, 0x628A, 0x2800, 0x3820, 0x3820,
  0x4000, 0x4020, 0x4821, 0x4020, 0x4820, 0x5020, 0x5820, 0x6000, 0x6020, 0x6020, 0x6820, 0x6020, 0x6021, 0x5820, 0x5020, 0x6000,
  0x6821, 0x7001, 0x7000, 0x7000, 0x7020, 0x7020, 0x7000, 0x7000, 0x7020, 0x6840, 0x6861, 0x7943, 0x9A26, 0xA267, 0xA246, 0x9205,
  0x89E5, 0x81A5, 0x6943, 0x6963, 0x79C5, 0x8A26, 0x9AA8, 0xAB29, 0xBB6A, 0xBBCC, 0xC3AC, 0xBB8A, 0xB308, 0xAAA7, 0xB2E8, 0xB2C7,
  0xB2A7, 0xAA46, 0xA205, 0x99A3, 0x9182, 0x8962, 0x8142, 0x8942, 0x7942, 0x938C, 0x5B0C, 0x18A5, 0x4064, 0x6822, 0x7800, 0x7000,
  0x7000, 0x7000, 0x7000, 0x7000, 0x7000, 0x7020, 0x7021, 0x7020, 0x7000, 0x6800, 0x6800, 0x7000, 0x7800, 0x7820, 0x8000, 0x8000,
  0x7800, 0x7800, 0x7021, 0x5800, 0x7208, 0xF77D, 0x628A, 0x2800, 0x3820, 0x3820, 0x4000, 0x4020, 0x4821, 0x4020, 0x4800, 0x5000,
  0x5800, 0x6020, 0x6040, 0x6020, 0x6820, 0x6020, 0x6021, 0x5820, 0x5820, 0x6000, 0x6801, 0x7001, 0x7000, 0x7000, 0x7020, 0x7020,
  0x7020, 0x7000, 0x7800, 0x7020, 0x6841, 0x68C2, 0x8184, 0x9A25, 0xA246, 0xA267, 0xB32A, 0xC40E, 0xD4B0, 0xD4D1, 0xCCB0, 0xC46F,
  0xC44E, 0xC40D, 0xC40D, 0xC40C, 0xC3CC, 0xB34A, 0xA287, 0xA286, 0xAA86, 0xAA66, 0xA245, 0xA1E4, 0x99A3, 0x9962, 0x9142, 0x8922,
  0x8143, 0x7943, 0x8A06, 0xBD54, 0x42CC, 0x00A7, 0x1886, 0x40C5, 0x6041, 0x7800, 0x7000, 0x7000, 0x7000, 0x7000, 0x7000, 0x7000,
  0x7000, 0x7000, 0x7000, 0x6800, 0x6800, 0x7000, 0x7800, 0x7820, 0x8000, 0x8000, 0x7800, 0x7800, 0x7021, 0x5800, 0x71E8, 0xF77D,
  0x628A, 0x2800, 0x3820, 0x3820, 0x4000, 0x4020, 0x4820, 0x4020, 0x4820, 0x4800, 0x5000, 0x6000, 0x6020, 0x5820, 0x6020, 0x6020,
  0x6021, 0x5820, 0x5800, 0x6000, 0x6820, 0x7000, 0x7000, 0x7000, 0x7000, 0x7000, 0x7020, 0x7000, 0x7800, 0x7821, 0x6820, 0x6040,
  0x70E1, 0x89C4, 0xAA67, 0xC36B, 0xDC6F, 0xF553, 0xF5F5, 0xF636, 0xF656, 0xEE55, 0xEDF4, 0xE572, 0xDCD0, 0xD42D, 0xC38B, 0x9A66,
  0x9205, 0x9A45, 0xA245, 0x9A04, 0x99C3, 0x9183, 0x9143, 0x8922, 0x8902, 0x8922, 0x7122, 0x69E5, 0xBD33, 0xB596, 0x2A2B, 0x00E8,
  0x08E7, 0x1148, 0x40A4, 0x7022, 0x7800, 0x7800, 0x7000, 0x7000, 0x7000, 0x7800, 0x7800, 0x7800, 0x7800, 0x6800, 0x7000, 0x7000,
  0x7800, 0x7800, 0x8000, 0x8000, 0x7800, 0x7800, 0x7021, 0x5800, 0x6A08, 0xF77D, 0x628A, 0x2800, 0x3820, 0x3820, 0x4000, 0x4020,
  0x4820, 0x4000, 0x4820, 0x4800, 0x5000, 0x5800, 0x6020, 0x5800, 0x6040, 0x5820, 0x5820, 0x5820, 0x5800, 0x6020, 0x6820, 0x7020,
  0x7000, 0x7000, 0x7000, 0x7000, 0x7000, 0x7000, 0x7000, 0x7801, 0x7020, 0x6820, 0x6840, 0x78E2, 0x91E5, 0xB329, 0xD42E, 0xE4B0,
  0xD4F0, 0xDD52, 0xEDD4, 0xEE35, 0xF615, 0xED73, 0xE4B0, 0xD3CC, 0xAA87, 0x89A3, 0x91C4, 0x91E4, 0x91C4, 0x91A3, 0x8982, 0x8942,
  0x8922, 0x8102, 0x7922, 0x6902, 0x71C5, 0xC554, 0xCE79, 0xAD96, 0x2A2B, 0x0128, 0x0907, 0x096A, 0x18E7, 0x4863, 0x7821, 0x8001,
  0x7020, 0x6820, 0x7001, 0x7801, 0x7800, 0x7000, 0x6800, 0x6800, 0x7001, 0x7801, 0x7800, 0x8000, 0x8000, 0x7800, 0x7800, 0x7800,
  0x7020, 0x5800, 0x6A08, 0xF77D, 0x6A8A, 0x2800, 0x3820, 0x3820, 0x3800, 0x4020, 0x4020, 0x4000, 0x4820, 0x4800, 0x5000, 0x5800,
  0x6020, 0x5800, 0x6020, 0x5800, 0x5800, 0x6020, 0x5820, 0x6020, 0x6820, 0x7020, 0x7000, 0x7000, 0x7000, 0x7020, 0x7020, 0x7020,
  0x7000, 0x7020, 0x7020, 0x7000, 0x6820, 0x7040, 0x8102, 0x9226, 0xAB09, 0xB32A, 0xAB2A, 0xBB8C, 0xD44F, 0xE4F1, 0xED11, 0xEC90,
  0xD3CD, 0xB2A9, 0x8984, 0x8963, 0x8984, 0x8983, 0x8163, 0x8163, 0x8942, 0x8122, 0x8102, 0x7102, 0x58E1, 0x7AAA, 0xC575, 0xDE99,
  0xCE37, 0x9D15, 0x1169, 0x0949, 0x00E8, 0x116B, 0x0128, 0x1884, 0x5063, 0x6842, 0x6821, 0x7020, 0x7800, 0x7800, 0x7000, 0x7020,
  0x6841, 0x6800, 0x7000, 0x7020, 0x7800, 0x7800, 0x8000, 0x7800, 0x7800, 0x7800, 0x7020, 0x5800, 0x6A08, 0xF77D, 0x628A, 0x2000,
  0x3000, 0x3000, 0x3800, 0x4020, 0x4020, 0x4020, 0x4820, 0x4800, 0x5020, 0x6001, 0x6020, 0x6020, 0x6020, 0x6000, 0x6000, 0x5820,
  0x5820, 0x6020, 0x6820, 0x6820, 0x7020, 0x7000, 0x7020, 0x7020, 0x7020, 0x7020, 0x7020, 0x7020, 0x7020, 0x7000, 0x7021, 0x7021,
  0x6842, 0x6924, 0x7164, 0x8185, 0x91E6, 0x9A27, 0xA288, 0xB2EA, 0xBB2B, 0xB2C9, 0xA227, 0x8164, 0x7902, 0x8143, 0x8163, 0x8143,
  0x7943, 0x7943, 0x7943, 0x7123, 0x5881, 0x48A1, 0x8B8D, 0xD639, 0xCE9B, 0xC659, 0xCE58, 0x6BD1, 0x0108, 0x094A, 0x00E8, 0x118C,
  0x092B, 0x00A5, 0x1105, 0x28E5, 0x5064, 0x7001, 0x7800, 0x7800, 0x7800, 0x7800, 0x7820, 0x6800, 0x6800, 0x6800, 0x7000, 0x7800,
  0x8000, 0x8000, 0x7800, 0x7800, 0x7020, 0x5000, 0x61E7, 0xF77D, 0x628A, 0x2000, 0x3000, 0x3000, 0x3800, 0x4020, 0x4020, 0x4020,
  0x4820, 0x4800, 0x5020, 0x6001, 0x6021, 0x6020, 0x6020, 0x6000, 0x6000, 0x5820, 0x5820, 0x6020, 0x6820, 0x6820, 0x7020, 0x7020,
  0x7020, 0x7020, 0x7020, 0x7020, 0x7000, 0x7020, 0x7020, 0x7021, 0x7021, 0x7021, 0x5064, 0x51A7, 0x834C, 0x5104, 0x4841, 0x60E2,
  0x6903, 0x7123, 0x7123, 0x7122, 0x68C1, 0x60A1, 0x7103, 0x7143, 0x7143, 0x7143, 0x7143, 0x7123, 0x60C1, 0x4881, 0x728A, 0xC576,
  0xDEBA, 0xC639, 0xCE79, 0xCE79, 0xC639, 0x3A6C, 0x0128, 0x0108, 0x00C7, 0x098C, 0x096C, 0x00A7, 0x00E6, 0x0948, 0x2108, 0x40C5,
  0x50A3, 0x5862, 0x6841, 0x7020, 0x7800, 0x7000, 0x6800, 0x6000, 0x6800, 0x7800, 0x8000, 0x8000, 0x7800, 0x7800, 0x7020, 0x5000,
  0x61E7, 0xF77D, 0x628A, 0x2000, 0x3000, 0x3000, 0x3800, 0x3820, 0x4020, 0x4020, 0x4820, 0x4800, 0x5000, 0x5800, 0x6021, 0x6020,
  0x6020, 0x6000, 0x6000, 0x6000, 0x5820, 0x5820, 0x6020, 0x6820, 0x6800, 0x7000, 0x7020, 0x7020, 0x7020, 0x7020, 0x7020, 0x7020,
  0x7020, 0x7000, 0x7021, 0x6042, 0x30E7, 0x29C8, 0x8492, 0xBD75, 0x4965, 0x2800, 0x4020, 0x4840, 0x5040, 0x5060, 0x5060, 0x5881,
  0x68E2, 0x68E3, 0x7103, 0x7143, 0x58C2, 0x5081, 0x71E7, 0xC514, 0xEF1D, 0xD6DC, 0xC65A, 0xCE79, 0xD6BA, 0xD69A, 0xB597, 0x1147,
  0x0948, 0x00E7, 0x00C7, 0x096B, 0x09AC, 0x00C7, 0x0887, 0x090A, 0x016A, 0x098A, 0x1968, 0x2907, 0x38A6, 0x5084, 0x5843, 0x6821,
  0x6820, 0x6820, 0x6800, 0x7000, 0x7800, 0x7800, 0x7800, 0x7800, 0x7020, 0x5800, 0x61C7, 0xF77D, 0x628A, 0x1800, 0x2820, 0x3000,
  0x3000, 0x3820, 0x4020, 0x4820, 0x4820, 0x4820, 0x5000, 0x5800, 0x6020, 0x6020, 0x6020, 0x6020, 0x6000, 0x6000, 0x5820, 0x5840,
  0x5820, 0x6021, 0x7021, 0x7001, 0x6800, 0x6820, 0x6820, 0x7020, 0x7000, 0x7020, 0x7800, 0x7800, 0x6022, 0x38A5, 0x116A, 0x21A9,
  0x638E, 0xCE59, 0xDEBB, 0x834D, 0x4082, 0x3800, 0x4020, 0x4861, 0x48A2, 0x48A2, 0x58A2, 0x68E3, 0x58C2, 0x4881, 0x5966, 0xA451,
  0xE6DB, 0xEF7E, 0xD6DC, 0xD6BB, 0xCEBA, 0xD6BA, 0xD6DB, 0xD67A, 0x8C32, 0x00E7, 0x0949, 0x0129, 0x0109, 0x096B, 0x11CC, 0x0929,
  0x00A7, 0x00E8, 0x094A, 0x098B, 0x098C, 0x098C, 0x114B, 0x2109, 0x30C7, 0x5062, 0x6041, 0x6821, 0x7000, 0x7000, 0x7020, 0x7020,
  0x7800, 0x7000, 0x7020, 0x5800, 0x69C7, 0xF79D, 0x628A, 0x1800, 0x2820, 0x2800, 0x3000, 0x3800, 0x4020, 0x4820, 0x4820, 0x4820,
  0x5000, 0x5800, 0x6020, 0x6020, 0x6020, 0x6020, 0x6000, 0x6000, 0x5800, 0x5820, 0x6020, 0x6000, 0x6801, 0x6041, 0x6821, 0x7000,
  0x7000, 0x6820, 0x6820, 0x7000, 0x6820, 0x6021, 0x4884, 0x20E7, 0x116A, 0x1969, 0x5B2D, 0xB596, 0xD69A, 0xEEFB, 0xC595, 0x834C,
  0x5185, 0x38E2, 0x38C2, 0x40E3, 0x4924, 0x4124, 0x6269, 0x9C30, 0xD5F8, 0xF71D, 0xDEFB, 0xDF1C, 0xDEFC, 0xDEDB, 0xD6DB, 0xDEFB,
  0xCE7A, 0xCE7A, 0x5AED, 0x0107, 0x0949, 0x0949, 0x014A, 0x096B, 0x098C, 0x118B, 0x00C7, 0x00C7, 0x0949, 0x096A, 0x018B, 0x09AC,
  0x01AC, 0x098B, 0x1149, 0x1908, 0x28E7, 0x4084, 0x5821, 0x7000, 0x7800, 0x8000, 0x7800, 0x7020, 0x6040, 0x4800, 0x69E7, 0xF77D,
  0x628A, 0x1800, 0x2800, 0x2800, 0x3000, 0x3800, 0x4000, 0x4820, 0x4820, 0x4820, 0x5020, 0x5820, 0x6000, 0x6000, 0x6000, 0x6000,
  0x6000, 0x6000, 0x5800, 0x6000, 0x6020, 0x6800, 0x6801, 0x6820, 0x7000, 0x7800, 0x7800, 0x6820, 0x6841, 0x6042, 0x5083, 0x4084,
  0x20E7, 0x0129, 0x098B, 0x1169, 0x52CD, 0xAD75, 0xD69A, 0xE71C, 0xEF1C, 0xE6BA, 0xAC91, 0x934C, 0xA36D, 0xB410, 0xAC51, 0xAD35,
  0xBDD7, 0xC638, 0xCE7A, 0xD6BB, 0xD6FB, 0xDF1C, 0xDEFB, 0xDEDA, 0xDEFB, 0xDEBA, 0xCE59, 0xB5D8, 0x2168, 0x0949, 0x0129, 0x096A,
  0x016A, 0x098B, 0x016C, 0x19ED, 0x0929, 0x00A6, 0x0108, 0x096A, 0x096B, 0x098C, 0x01AC, 0x01AC, 0x01AC, 0x018B, 0x094A, 0x2108,
  0x30A5, 0x4864, 0x5863, 0x6822, 0x7021, 0x7000, 0x7020, 0x5800, 0x71E8, 0xF77D, 0x628A, 0x1800, 0x2800, 0x2800, 0x3000, 0x3800,
  0x4000, 0x5021, 0x4820, 0x4820, 0x5020, 0x5020, 0x5820, 0x6000, 0x6000, 0x6020, 0x6020, 0x5800, 0x5800, 0x6020, 0x6821, 0x6821,
  0x6821, 0x7000, 0x7000, 0x6821, 0x6042, 0x5842, 0x50A5, 0x38E7, 0x28C6, 0x20E8, 0x08E9, 0x018C, 0x01AC, 0x118A, 0x4AAC, 0x9CF4,
  0xCE59, 0xE71D, 0xE6DC, 0xB534, 0x3882, 0x68C3, 0x8925, 0x78E4, 0x69E8, 0xCDF8, 0xB596, 0xBDD7, 0xCE5A, 0xCE9B, 0xD6BB, 0xDEFB,
  0xDEDA, 0xD6DA, 0xD6BA, 0xC637, 0xCE59, 0x6BD1, 0x00C7, 0x0969, 0x0108, 0x096A, 0x098B, 0x098C, 0x016C, 0x11CD, 0x19AB, 0x00C6,
  0x00C7, 0x0908, 0x094A, 0x096B, 0x096C, 0x098C, 0x09AC, 0x098B, 0x098A, 0x094A, 0x0929, 0x10E9, 0x20E8, 0x38E6, 0x48A5, 0x5842,
  0x7001, 0x6000, 0x71E8, 0xF77D, 0x628A, 0x1800, 0x2800, 0x2800, 0x3000, 0x3800, 0x4020, 0x5021, 0x5020, 0x4820, 0x4820, 0x5020,
  0x5800, 0x6000, 0x6020, 0x6020, 0x6020, 0x6020, 0x5820, 0x6821, 0x7021, 0x7021, 0x7021, 0x6822, 0x5864, 0x38E5, 0x2907, 0x2108,
  0x1909, 0x092A, 0x014A, 0x092A, 0x092B, 0x09CE, 0x01ED, 0x11AB, 0x426C, 0x9472, 0xB5D7, 0xCE7A, 0xDEFC, 0xB514, 0x3841, 0x7042,
  0x9883, 0x7861, 0x5082, 0xBD76, 0xB5B7, 0xB575, 0xC618, 0xCE59, 0xD69A, 0xDEDB, 0xDEDB, 0xD6BB, 0xCE79, 0xC5D6, 0xBDD7, 0x320A,
  0x0929, 0x0949, 0x0108, 0x096A, 0x098C, 0x09AC, 0x09CE, 0x11EE, 0x118A, 0x0086, 0x0085, 0x00E7, 0x016A, 0x096A, 0x096B, 0x098B,
  0x098C, 0x098B, 0x098B, 0x018B, 0x018B, 0x014A, 0x014A, 0x096B, 0x2129, 0x38C5, 0x5082, 0x4800, 0x71E8, 0xF77D, 0x5A89, 0x1800,
  0x2820, 0x3000, 0x3800, 0x4000, 0x4800, 0x4821, 0x4820, 0x4800, 0x5000, 0x5020, 0x5800, 0x6000, 0x6801, 0x6801, 0x6020, 0x6040,
  0x6801, 0x7000, 0x7020, 0x6041, 0x5083, 0x2928, 0x2149, 0x1969, 0x0929, 0x00E8, 0x00E9, 0x094B, 0x014A, 0x094B, 0x09AD, 0x09EE,
  0x01EE, 0x11AC, 0x3A0A, 0x7BF0, 0xAD75, 0xCE19, 0xDE9B, 0x94B2, 0x6ACA, 0x8A49, 0x7041, 0x7862, 0x4903, 0xBDF7, 0xB5D7, 0xB596,
  0xC618, 0xCE59, 0xD69A, 0xD69A, 0xD6BA, 0xD6BA, 0xC638, 0xBDD6, 0x6B8E, 0x1128, 0x09AB, 0x094A, 0x0108, 0x096A, 0x098B, 0x09AC,
  0x11ED, 0x118B, 0x00C8, 0x00C7, 0x00C7, 0x00E8, 0x0129, 0x016A, 0x016B, 0x098B, 0x098B, 0x098C, 0x098C, 0x018B, 0x018B, 0x096B,
  0x016B, 0x016B, 0x096B, 0x1949, 0x2906, 0x2842, 0x6208, 0xF77D, 0x5A8A, 0x1800, 0x3000, 0x3000, 0x3800, 0x4000, 0x4800, 0x4821,
  0x4820, 0x5000, 0x5000, 0x5020, 0x5820, 0x5820, 0x6000, 0x6800, 0x6040, 0x6040, 0x6800, 0x6021, 0x5084, 0x3908, 0x296A, 0x11CC,
  0x118B, 0x0908, 0x00C7, 0x00C7, 0x116B, 0x198C, 0x092A, 0x096B, 0x09AC, 0x09EE, 0x01EF, 0x11AC, 0x320A, 0x738F, 0x9D14, 0xBDF8,
  0xC659, 0x73EF, 0x5ACA, 0xD5B6, 0x8AAA, 0x4000, 0x3924, 0xB5B6, 0xC638, 0xBDF7, 0xC618, 0xCE79, 0xCE79, 0xCE79, 0xD679, 0xCE99,
  0xBDF7, 0x738E, 0x31C8, 0x1169, 0x09AC, 0x094A, 0x0129, 0x094A, 0x098B, 0x098B, 0x0129, 0x0109, 0x098A, 0x11CB, 0x118B, 0x094A,
  0x0109, 0x096B, 0x016B, 0x096B, 0x096B, 0x098B, 0x096B, 0x096B, 0x096B, 0x096B, 0x096B, 0x098C, 0x018C, 0x096A, 0x1928, 0x1864,
  0x5228, 0xF79D, 0x628A, 0x2000, 0x3020, 0x3020, 0x3800, 0x4020, 0x4820, 0x4800, 0x4800, 0x5000, 0x5000, 0x5820, 0x5820, 0x6000,
  0x6000, 0x6020, 0x6021, 0x5841, 0x4883, 0x3907, 0x216C, 0x11CE, 0x09CE, 0x098C, 0x094A, 0x00E8, 0x00A7, 0x00A7, 0x00C8, 0x116B,
  0x118B, 0x098B, 0x09AC, 0x09EE, 0x01EF, 0x11AB, 0x320A, 0x630C, 0x8C92, 0xADB6, 0xB5D6, 0x5AAB, 0x41A7, 0x9C10, 0xF69A, 0x7B0C,
  0x18A2, 0x8C51, 0xDEBB, 0xC658, 0xBDF7, 0xC638, 0xC638, 0xCE59, 0xCE79, 0xCE79, 0x73CE, 0x52AB, 0x21A8, 0x0969, 0x098B, 0x0149,
  0x0149, 0x096A, 0x014A, 0x0109, 0x096B, 0x11ED, 0x11CC, 0x098B, 0x098B, 0x0109, 0x0929, 0x096B, 0x016B, 0x096B, 0x096B, 0x096B,
  0x096B, 0x096B, 0x096B, 0x096B, 0x096B, 0x098B, 0x098C, 0x096B, 0x1149, 0x0885, 0x4249, 0xEFBE, 0x6A8A, 0x2000, 0x3020, 0x3820,
  0x3800, 0x4000, 0x4000, 0x4800, 0x4820, 0x5020, 0x5800, 0x5800, 0x6000, 0x6000, 0x6021, 0x5842, 0x4864, 0x38C6, 0x198A, 0x11CE,
  0x09EF, 0x01EF, 0x09CD, 0x098C, 0x014B, 0x0129, 0x0949, 0x0949, 0x0109, 0x012A, 0x094A, 0x094A, 0x098C, 0x09CD, 0x01EF, 0x098A,
  0x3A4B, 0x5AEC, 0x7BEF, 0xAD75, 0xA4F4, 0x49E8, 0x4967, 0x4083, 0xA3D0, 0xAD14, 0x4A49, 0x41E8, 0xBDB7, 0xCE79, 0xBE17, 0xC618,
  0xC618, 0xCE59, 0xE71C, 0x8C50, 0x6B8D, 0x636F, 0x0907, 0x098A, 0x014A, 0x0129, 0x0949, 0x0149, 0x0129, 0x098B, 0x11EC, 0x09AC,
  0x016A, 0x018A, 0x016A, 0x0109, 0x0949, 0x096A, 0x016B, 0x096B, 0x096B, 0x096B, 0x096A, 0x096A, 0x014A, 0x014A, 0x096A, 0x096A,
  0x016B, 0x096B, 0x096A, 0x00C6, 0x3A6A, 0xEFBE, 0x6AAA, 0x2800, 0x3020, 0x3800, 0x3800, 0x3800, 0x4000, 0x4000, 0x4820, 0x5020,
  0x5800, 0x6000, 0x6001, 0x5821, 0x5062, 0x38A5, 0x2129, 0x11AD, 0x09EE, 0x09EE, 0x09CE, 0x09CE, 0x09CD, 0x098C, 0x010A, 0x012A,
  0x11AB, 0x11AC, 0x016B, 0x094A, 0x0149, 0x0109, 0x096B, 0x09CD, 0x01EE, 0x014A, 0x530D, 0x738E, 0x73AE, 0xA514, 0x8C31, 0x632C,
  0x51E8, 0x3841, 0x4861, 0x5186, 0x4A28, 0x630C, 0x5249, 0xCE38, 0xBE17, 0xBDD7, 0xCE79, 0xE73C, 0x9CF3, 0x6B6D, 0xAD54, 0x3A8B,
  0x0149, 0x098A, 0x0149, 0x0129, 0x096A, 0x096A, 0x096B, 0x096B, 0x016A, 0x016A, 0x098A, 0x098A, 0x0129, 0x0129, 0x0949, 0x096B,
  0x016B, 0x016B, 0x096B, 0x096A, 0x096A, 0x094A, 0x014A, 0x014A, 0x016A, 0x016A, 0x016B, 0x016B, 0x098A, 0x00E6, 0x4269, 0xF79E,
  0x6A8A, 0x2800, 0x3020, 0x3020, 0x3800, 0x3800, 0x4020, 0x4820, 0x5020, 0x5800, 0x6000, 0x6021, 0x4842, 0x3884, 0x28E6, 0x1949,
  0x09CD, 0x01CE, 0x09CD, 0x09CD, 0x11CD, 0x09CD, 0x01CD, 0x096B, 0x0109, 0x0109, 0x11AC, 0x09CC, 0x016B, 0x0149, 0x094A, 0x0129,
  0x016B, 0x09CD, 0x01EE, 0x0149, 0x5B2E, 0xA534, 0x632C, 0xB556, 0x73AF, 0x8471, 0x62CA, 0x50E3, 0x70E4, 0x6166, 0x62CA, 0x9CF3,
  0x5269, 0x83CF, 0xD6BA, 0xCE59, 0xD69A, 0x8430, 0x6B4D, 0xBDB6, 0x9D14, 0x19CA, 0x098B, 0x098B, 0x0129, 0x0129, 0x096A, 0x096A,
  0x014A, 0x0129, 0x014A, 0x098A, 0x11AB, 0x0149, 0x0128, 0x0129, 0x094A, 0x096B, 0x016B, 0x016B, 0x096A, 0x096A, 0x094A, 0x094A,
  0x0149, 0x0149, 0x014A, 0x016A, 0x016B, 0x094A, 0x0949, 0x00C5, 0x4249, 0xF79E, 0x6AAA, 0x2800, 0x3820, 0x3020, 0x3820, 0x3820,
  0x4020, 0x4821, 0x5800, 0x6000, 0x5841, 0x4864, 0x28A6, 0x1148, 0x098A, 0x01AC, 0x09AD, 0x09AD, 0x09CD, 0x09EE, 0x09ED, 0x09CD,
  0x01AD, 0x098B, 0x0129, 0x0129, 0x09AC, 0x09CD, 0x018C, 0x014A, 0x0949, 0x0129, 0x098B, 0x09EE, 0x0A0F, 0x0129, 0x5B4F, 0xBDD7,
  0x7BEF, 0x7B8F, 0x83F0, 0x9D34, 0x62CA, 0x50A2, 0x68C4, 0x9B6E, 0x630B, 0xA533, 0xB535, 0x528A, 0xA534, 0xC618, 0x6B6D, 0x5AEB,
  0xBDD7, 0xCE58, 0x6BB0, 0x016B, 0x09CD, 0x096B, 0x0109, 0x014A, 0x018B, 0x016A, 0x0149, 0x0129, 0x0149, 0x09AB, 0x098A, 0x0128,
  0x0149, 0x014A, 0x096B, 0x096B, 0x096B, 0x096A, 0x096A, 0x094A, 0x0949, 0x0149, 0x0129, 0x0129, 0x014A, 0x014A, 0x096A, 0x0949,
  0x1128, 0x0085, 0x4229, 0xF79E, 0x6AAA, 0x2800, 0x3800, 0x3820, 0x3820, 0x4000, 0x4800, 0x5800, 0x5820, 0x4861, 0x3063, 0x20A6,
  0x1149, 0x096A, 0x018B, 0x01AC, 0x01CD, 0x09CD, 0x09CD, 0x09CD, 0x09CD, 0x09AD, 0x09AD, 0x098B, 0x0149, 0x0129, 0x016A, 0x11ED,
  0x018C, 0x0109, 0x0129, 0x0129, 0x09AC, 0x09EE, 0x09EE, 0x0109, 0x6B8F, 0xC5F7, 0xBDB6, 0x9492, 0x9CD3, 0xBDB6, 0x6AEB, 0x3041,
  0xAC31, 0xD5F8, 0x5ACB, 0xA4D3, 0xD67A, 0x8C71, 0x6B8E, 0x9471, 0x8410, 0xB5B6, 0xD6BA, 0xB5B7, 0x3A4B, 0x098C, 0x11CD, 0x094A,
  0x0129, 0x096B, 0x098B, 0x016A, 0x0149, 0x0109, 0x016A, 0x09AB, 0x0129, 0x0129, 0x0149, 0x016A, 0x096B, 0x096B, 0x096A, 0x096A,
  0x096A, 0x0949, 0x0129, 0x0129, 0x0129, 0x0129, 0x014A, 0x014A, 0x096A, 0x0949, 0x1128, 0x0084, 0x4229, 0xF79E, 0x6A8A, 0x3000,
  0x4000, 0x3800, 0x4020, 0x4800, 0x5000, 0x5000, 0x4861, 0x2883, 0x08A5, 0x0929, 0x096B, 0x096B, 0x016B, 0x018B, 0x098C, 0x09AD,
  0x09AD, 0x09AD, 0x09AC, 0x09AD, 0x09AD, 0x098C, 0x016A, 0x0129, 0x0129, 0x11CD, 0x09AC, 0x0109, 0x0129, 0x0129, 0x09AC, 0x09EE,
  0x09EE, 0x0108, 0x6B8F, 0xC618, 0xC618, 0xBE17, 0xB5D6, 0xBDB6, 0x62CB, 0x836D, 0xFF7E, 0xC576, 0x51E8, 0x9431, 0xD679, 0xADB6,
  0xA534, 0xAD75, 0xC618, 0xD69A, 0xDEDA, 0x94B3, 0x19AA, 0x09AD, 0x09AD, 0x014A, 0x016A, 0x098B, 0x098A, 0x014A, 0x0129, 0x0129,
  0x09AB, 0x016A, 0x0149, 0x0929, 0x0949, 0x096A, 0x096B, 0x096A, 0x096A, 0x096A, 0x096A, 0x0949, 0x0929, 0x0109, 0x0109, 0x0129,
  0x0949, 0x094A, 0x094A, 0x0949, 0x1107, 0x0084, 0x4229, 0xF79E, 0x6A8A, 0x3000, 0x4021, 0x3800, 0x4020, 0x4800, 0x4820, 0x4041,
  0x2863, 0x0884, 0x0108, 0x0149, 0x094A, 0x094B, 0x096A, 0x096B, 0x096C, 0x098C, 0x098C, 0x09AC, 0x09AC, 0x09AC, 0x09AC, 0x098D,
  0x016B, 0x0149, 0x0108, 0x09AC, 0x09CD, 0x012A, 0x0129, 0x0149, 0x09AC, 0x09EE, 0x09CD, 0x00E7, 0x636E, 0xBDD7, 0xBE17, 0xCE79,
  0xBDD7, 0xAD75, 0x736D, 0xAD14, 0xDDF8, 0x6986, 0x4083, 0x7B8E, 0xBE58, 0xBE18, 0xC638, 0xCE79, 0xD69A, 0xDEFB, 0xD679, 0x6BB0,
  0x118B, 0x09CD, 0x018C, 0x014A, 0x018A, 0x09AB, 0x016A, 0x014A, 0x0109, 0x096A, 0x09AB, 0x0129, 0x0929, 0x0929, 0x0949, 0x096A,
  0x096A, 0x096A, 0x096A, 0x014A, 0x0149, 0x0929, 0x0929, 0x0109, 0x0109, 0x0929, 0x0929, 0x094A, 0x094A, 0x0929, 0x0907, 0x0064,
  0x4229, 0xF79E, 0x6A8A, 0x2800, 0x3820, 0x3820, 0x3820, 0x4000, 0x4020, 0x2862, 0x0884, 0x00C6, 0x0129, 0x1149, 0x094A, 0x016A,
  0x016A, 0x016A, 0x018B, 0x018C, 0x098C, 0x098C, 0x09AC, 0x098C, 0x09AC, 0x09AD, 0x016B, 0x0169, 0x00E7, 0x098B, 0x11ED, 0x014A,
  0x0129, 0x0949, 0x09AC, 0x09EE, 0x09CD, 0x00E7, 0x632D, 0xB596, 0xBDD7, 0xD67A, 0xC5D7, 0xA575, 0x632B, 0xA492, 0x7208, 0x6000,
  0x5061, 0x5268, 0xB617, 0xC5F8, 0xC618, 0xCE9A, 0xDEDB, 0xE73C, 0xBDF7, 0x4ACD, 0x098B, 0x09CE, 0x018C, 0x016A, 0x018A, 0x018B,
  0x016A, 0x092A, 0x0108, 0x11AB, 0x016A, 0x0129, 0x0929, 0x0929, 0x0949, 0x096A, 0x096A, 0x096A, 0x096A, 0x0149, 0x0149, 0x0929,
  0x0909, 0x0109, 0x0109, 0x0929, 0x0929, 0x0129, 0x0949, 0x0928, 0x10E7, 0x0064, 0x4229, 0xF79E, 0x6A8A, 0x3000, 0x3800, 0x3801,
  0x4000, 0x4020, 0x3041, 0x1084, 0x00A5, 0x00E6, 0x0929, 0x092A, 0x094A, 0x094A, 0x094A, 0x096A, 0x096B, 0x096B, 0x098B, 0x098B,
  0x098C, 0x098B, 0x098C, 0x09AD, 0x018C, 0x016A, 0x0107, 0x096A, 0x11ED, 0x014A, 0x0108, 0x0949, 0x098C, 0x09CE, 0x09AC, 0x0108,
  0x52CC, 0xAD55, 0xB5B6, 0xD679, 0xBDF7, 0xA554, 0x7B6D, 0x61C7, 0x5000, 0x8882, 0x5821, 0x30A2, 0xA554, 0xCE59, 0xBE18, 0xCE79,
  0xE6FC, 0xDEFC, 0xA555, 0x2A2B, 0x09AC, 0x09AC, 0x098B, 0x014A, 0x0969, 0x096A, 0x096A, 0x0129, 0x0969, 0x11AA, 0x0128, 0x0949,
  0x0129, 0x0149, 0x096A, 0x096A, 0x096A, 0x096A, 0x096A, 0x0949, 0x0129, 0x0908, 0x0908, 0x0108, 0x0108, 0x0929, 0x0929, 0x0929,
  0x0949, 0x0927, 0x10E6, 0x0843, 0x4229, 0xF79E, 0x6A8A, 0x3000, 0x3820, 0x3801, 0x4000, 0x4020, 0x2862, 0x08A4, 0x00A5, 0x00E7,
  0x0929, 0x092A, 0x094A, 0x094A, 0x094A, 0x096A, 0x096B, 0x096B, 0x096B, 0x096B, 0x098B, 0x096B, 0x098B, 0x09AC, 0x018C, 0x016A,
  0x0107, 0x094A, 0x11ED, 0x016A, 0x0108, 0x0949, 0x098C, 0x09AD, 0x09AC, 0x0928, 0x428B, 0x9CF3, 0xB5B6, 0xD679, 0xBDD6, 0xAD55,
  0x72AA, 0x4021, 0x7862, 0x98C3, 0x6041, 0x38C3, 0x8C10, 0xCE59, 0xC638, 0xCE9A, 0xE71C, 0xD6BB, 0x8472, 0x11A9, 0x09CC, 0x098B,
  0x016A, 0x0129, 0x0149, 0x096A, 0x014A, 0x0108, 0x11AB, 0x0929, 0x0128, 0x0128, 0x0129, 0x0149, 0x096A, 0x096A, 0x096A, 0x096A,
  0x0949, 0x0929, 0x0108, 0x0108, 0x08E8, 0x0108, 0x0108, 0x0929, 0x0929, 0x0949, 0x0948, 0x0907, 0x10E6, 0x0843, 0x4228, 0xF79E,
  0x6A8A, 0x2800, 0x3820, 0x3801, 0x4000, 0x3821, 0x2063, 0x08A5, 0x00C6, 0x0107, 0x0949, 0x0929, 0x0929, 0x0949, 0x0949, 0x094A,
  0x096A, 0x096A, 0x096B, 0x096B, 0x096B, 0x096B, 0x096B, 0x09AC, 0x018C, 0x016B, 0x0908, 0x0109, 0x11ED, 0x018B, 0x0108, 0x0929,
  0x096B, 0x09AD, 0x09AC, 0x0948, 0x426B, 0x94B2, 0xB5B6, 0xD699, 0xB5B6, 0x9450, 0x40A3, 0x5801, 0x98E4, 0x90A3, 0x5882, 0x830C,
  0x7B4E, 0xB5B7, 0xBE38, 0xCE79, 0xDEDB, 0xC639, 0x5B4F, 0x0969, 0x09AC, 0x096B, 0x0129, 0x0108, 0x0149, 0x096A, 0x0129, 0x096A,
  0x118A, 0x0108, 0x0928, 0x0108, 0x0128, 0x0149, 0x096A, 0x096A, 0x096A, 0x0949, 0x0929, 0x0128, 0x0108, 0x00E7, 0x00E7, 0x00E8,
  0x0108, 0x0929, 0x0949, 0x0949, 0x0928, 0x0907, 0x10C6, 0x0043, 0x4228, 0xF79E, 0x6A8A, 0x2800, 0x3020, 0x3001, 0x3800, 0x3021,
  0x1864, 0x08A5, 0x00E6, 0x0108, 0x0929, 0x0949, 0x0929, 0x0929, 0x0929, 0x0949, 0x094A, 0x094A, 0x014A, 0x014A, 0x014A, 0x014A,
  0x096A, 0x098B, 0x018C, 0x096B, 0x0908, 0x00E8, 0x11CD, 0x09AC, 0x0109, 0x0929, 0x096B, 0x09AC, 0x09AC, 0x0948, 0x426B, 0x94B2,
  0xBDD6, 0xCE58, 0xAD34, 0x6AAB, 0x3801, 0x7083, 0x9925, 0x6000, 0x8AEB, 0x9C10, 0x7B0D, 0xA514, 0xBDF7, 0xBDF7, 0xCE38, 0xAD96,
  0x324B, 0x096A, 0x01AB, 0x094A, 0x00E8, 0x0108, 0x0969, 0x0149, 0x0129, 0x11AA, 0x0108, 0x0108, 0x0128, 0x0108, 0x0128, 0x0149,
  0x0949, 0x0949, 0x0949, 0x0929, 0x0128, 0x0108, 0x00E7, 0x00E7, 0x00E7, 0x0107, 0x0108, 0x0928, 0x0949, 0x0949, 0x0907, 0x10E6,
  0x10C5, 0x0043, 0x4228, 0xF79E, 0x6A6A, 0x2800, 0x3020, 0x3001, 0x3800, 0x3041, 0x1084, 0x00A6, 0x00E6, 0x0108, 0x0129, 0x0929,
  0x0929, 0x0929, 0x0929, 0x0129, 0x0129, 0x014A, 0x014A, 0x014A, 0x014A, 0x014A, 0x094A, 0x098B, 0x018C, 0x094B, 0x0909, 0x00C7,
  0x09AC, 0x09AC, 0x0109, 0x0929, 0x096A, 0x09AC, 0x018C, 0x0928, 0x426B, 0x9492, 0xBDD6, 0xBDF7, 0x9C71, 0x4125, 0x4021, 0x80E4,
  0x7021, 0x71C7, 0xC5F6, 0x840F, 0x6249, 0x8C30, 0xB5D6, 0xB595, 0xBDD6, 0x8CB3, 0x1148, 0x096A, 0x018B, 0x0109, 0x00C7, 0x0128,
  0x0149, 0x0129, 0x118A, 0x0928, 0x00C7, 0x0108, 0x0108, 0x0108, 0x0128, 0x0949, 0x0949, 0x0149, 0x0129, 0x0128, 0x0108, 0x00E8,
  0x00E7, 0x00E7, 0x00E7, 0x0107, 0x0108, 0x0928, 0x0949, 0x0928, 0x0907, 0x10C6, 0x10C5, 0x0863, 0x4228, 0xF79E, 0x628A, 0x2000,
  0x3021, 0x3001, 0x3800, 0x2841, 0x1085, 0x00C6, 0x00E7, 0x0108, 0x0128, 0x0128, 0x0108, 0x0908, 0x0908, 0x0128, 0x0129, 0x0129,
  0x0129, 0x0149, 0x0149, 0x0129, 0x0149, 0x096A, 0x098B, 0x096B, 0x0929, 0x00A7, 0x098B, 0x09AC, 0x0129, 0x0129, 0x016A, 0x018B,
  0x018B, 0x0928, 0x424B, 0x9492, 0xB5D6, 0xBDD6, 0x7B6D, 0x2820, 0x58A3, 0x6882, 0x5062, 0xC555, 0xCE37, 0x72EB, 0x40C3, 0x7B2C,
  0xB575, 0xAD55, 0xB596, 0x5B4E, 0x0108, 0x096B, 0x014A, 0x00E7, 0x00E6, 0x0928, 0x0129, 0x0949, 0x116A, 0x00C7, 0x00E7, 0x0107,
  0x00E7, 0x00E8, 0x0129, 0x0149, 0x0149, 0x0149, 0x0928, 0x0108, 0x0107, 0x00E7, 0x00E7, 0x08C6, 0x00E7, 0x0107, 0x0128, 0x0928,
  0x0148, 0x0928, 0x10E6, 0x10C5, 0x10E5, 0x0863, 0x4228, 0xF79E, 0x5A8A, 0x1800, 0x3000, 0x2800, 0x3000, 0x2042, 0x10A6, 0x08C7,
  0x08E7, 0x0908, 0x0948, 0x0148, 0x0107, 0x0907, 0x0107, 0x0928, 0x0128, 0x0128, 0x0928, 0x0928, 0x0129, 0x0129, 0x0129, 0x096A,
  0x098B, 0x016A, 0x0129, 0x00A6, 0x0949, 0x09CC, 0x0149, 0x0129, 0x0169, 0x018A, 0x018B, 0x0108, 0x424B, 0x8C51, 0xB5D5, 0xBD95,
  0x5A28, 0x3861, 0x58A3, 0x4841, 0x9BCF, 0xE71C, 0xC4D3, 0x58E3, 0x4061, 0x6208, 0xA4D3, 0xB596, 0xAD56, 0x29EA, 0x0128, 0x016A,
  0x0129, 0x00C7, 0x0107, 0x0108, 0x0109, 0x118A, 0x00E7, 0x00C6, 0x08E7, 0x08E6, 0x00E6, 0x00E8, 0x0129, 0x0149, 0x0128, 0x0128,
  0x0908, 0x00E7, 0x08E7, 0x08E7, 0x08C6, 0x08C6, 0x08E6, 0x0107, 0x0928, 0x0928, 0x0928, 0x0907, 0x10C6, 0x10C5, 0x10E5, 0x0862,
  0x4228, 0xF79E, 0x628A, 0x1800, 0x2800, 0x2800, 0x2800, 0x2062, 0x10C6, 0x00C6, 0x00E7, 0x0908, 0x0928, 0x0127, 0x0107, 0x08E7,
  0x00E7, 0x0907, 0x0108, 0x0108, 0x0907, 0x0908, 0x0128, 0x0128, 0x0128, 0x096A, 0x096A, 0x096A, 0x0149, 0x00C7, 0x0129, 0x09AC,
  0x0149, 0x0128, 0x0149, 0x018A, 0x018B, 0x0108, 0x3A2A, 0x8430, 0xB5B5, 0xAD13, 0x4944, 0x4882, 0x4041, 0x7269, 0xD658, 0xD638,
  0x79C8, 0x6842, 0x5041, 0x4945, 0x9C92, 0xBDF7, 0x8452, 0x08E6, 0x0128, 0x0129, 0x00E8, 0x00C6, 0x00E7, 0x00E8, 0x0949, 0x0928,
  0x00C6, 0x00C6, 0x00E6, 0x00C6, 0x00C6, 0x00E7, 0x0129, 0x0949, 0x0128, 0x0107, 0x00E7, 0x00E7, 0x08E7, 0x08C6, 0x08C6, 0x08C6,
  0x08E6, 0x0107, 0x0928, 0x0928, 0x0927, 0x10E6, 0x10A5, 0x10C5, 0x18E5, 0x0842, 0x4228, 0xF79E, 0x628A, 0x1800, 0x2800, 0x2000,
  0x2800, 0x1883, 0x08E7, 0x00E6, 0x00C7, 0x0908, 0x0907, 0x00E7, 0x00E6, 0x08E6, 0x08E7, 0x0907, 0x0107, 0x00E7, 0x08E7, 0x0907,
  0x0907, 0x0908, 0x0108, 0x0949, 0x096A, 0x096A, 0x0949, 0x00E7, 0x0108, 0x09AB, 0x0949, 0x0108, 0x0149, 0x098B, 0x098B, 0x0128,
  0x2A09, 0x7C30, 0xBDB6, 0x8C2F, 0x40C2, 0x4841, 0x4904, 0x9C92, 0xDE79, 0x8B0B, 0x6041, 0x8883, 0x5801, 0x38C2, 0x8C31, 0xBDF8,
  0x4AAC, 0x00A5, 0x0948, 0x0108, 0x00C7, 0x00E7, 0x00E7, 0x0107, 0x1149, 0x00C6, 0x00C6, 0x00C6, 0x00C6, 0x00C5, 0x00C6, 0x0908,
  0x0929, 0x0928, 0x00E7, 0x00E7, 0x00C6, 0x00C6, 0x00C6, 0x08C6, 0x08C6, 0x08C6, 0x08E6, 0x0907, 0x0927, 0x0908, 0x0907, 0x10C5,
  0x1885, 0x18A4, 0x18E5, 0x0842, 0x4228, 0xF79E, 0x628A, 0x1800, 0x2020, 0x2000, 0x2020, 0x1883, 0x0107, 0x00E6, 0x00E6, 0x0908,
  0x08E7, 0x00E6, 0x00C6, 0x08C6, 0x08E6, 0x08E7, 0x00E7, 0x00E7, 0x08E6, 0x00E6, 0x08E7, 0x0927, 0x0907, 0x0929, 0x094A, 0x094A,
  0x0929, 0x08E7, 0x00E7, 0x098A, 0x0949, 0x0128, 0x0149, 0x096A, 0x096B, 0x0929, 0x21A8, 0x73CF, 0xB595, 0x7B6D, 0x3882, 0x4062,
  0x7B4C, 0xB575, 0x936E, 0x5040, 0x80A3, 0x8862, 0x6021, 0x4924, 0x83EF, 0x9CF5, 0x1967, 0x00E6, 0x0128, 0x00C7, 0x00C6, 0x00E7,
  0x00C7, 0x0948, 0x0907, 0x0085, 0x00A6, 0x00C6, 0x00C6, 0x00C6, 0x00E6, 0x0908, 0x0908, 0x00E8, 0x00C7, 0x08C6, 0x00C6, 0x00C6,
  0x08C6, 0x08C6, 0x08C5, 0x08E6, 0x08E6, 0x0907, 0x0907, 0x0907, 0x10E6, 0x18A4, 0x1884, 0x18A4, 0x18E4, 0x0822, 0x4228, 0xF79E,
  0x628A, 0x1800, 0x2020, 0x2020, 0x2021, 0x1084, 0x0107, 0x00E6, 0x00E6, 0x0907, 0x08E6, 0x00C5, 0x00C5, 0x08C6, 0x08C6, 0x00E6,
  0x00E6, 0x00C6, 0x08C6, 0x00C6, 0x08E6, 0x0928, 0x0907, 0x0108, 0x0949, 0x0949, 0x0929, 0x08E7, 0x00E6, 0x0969, 0x0969, 0x0128,
  0x0129, 0x016A, 0x096B, 0x0949, 0x1147, 0x5B2D, 0xAD34, 0x6B0C, 0x3062, 0x61E7, 0x9C70, 0x8BAE, 0x4021, 0x6861, 0x8082, 0x8062,
  0x5820, 0x7248, 0x83CF, 0x6BB0, 0x00C5, 0x0928, 0x00E7, 0x00A6, 0x00C6, 0x00C7, 0x0108, 0x1148, 0x00A6, 0x00A5, 0x00A5, 0x00A5,
  0x00C5, 0x00C6, 0x08E7, 0x0907, 0x08E7, 0x00C7, 0x08A6, 0x08C6, 0x00C6, 0x00C6, 0x08C6, 0x08A5, 0x08A5, 0x08C6, 0x08E6, 0x0906,
  0x0907, 0x10E7, 0x10E5, 0x18A4, 0x2064, 0x18A4, 0x18C4, 0x0822, 0x4228, 0xF79E, 0x628A, 0x1000, 0x2020, 0x2000, 0x1822, 0x10A4,
  0x00E6, 0x00C6, 0x00C6, 0x08E6, 0x00C5, 0x00A5, 0x00A5, 0x00A5, 0x08C5, 0x08C6, 0x08C5, 0x08C5, 0x08A5, 0x00C5, 0x00C5, 0x0907,
  0x0908, 0x0907, 0x0928, 0x1129, 0x0908, 0x08E6, 0x00C6, 0x0949, 0x096A, 0x0129, 0x0129, 0x014A, 0x096B, 0x0949, 0x1107, 0x4AAB,
  0x9CD3, 0x62CB, 0x3945, 0x6ACA, 0x72CA, 0x50C3, 0x5881, 0x68A1, 0x7021, 0x8042, 0x5021, 0x9BAF, 0x7BF0, 0x3A2A, 0x00C5, 0x0928,
  0x00C6, 0x00A6, 0x00C6, 0x00C7, 0x0949, 0x08E7, 0x00A5, 0x00A5, 0x00A5, 0x00A5, 0x00A5, 0x08C6, 0x08E6, 0x08E6, 0x08C6, 0x00A5,
  0x00A5, 0x00A5, 0x08A5, 0x08A5, 0x08A5, 0x08A5, 0x08C6, 0x08E6, 0x08E6, 0x0906, 0x0906, 0x10C6, 0x10C4, 0x2083, 0x2064, 0x18A4,
  0x18C4, 0x1001, 0x4A08, 0xF79E, 0x628A, 0x1000, 0x2020, 0x2000, 0x1822, 0x10A5, 0x00E6, 0x00C5, 0x00C5, 0x08E6, 0x00A5, 0x00A4,
  0x00A5, 0x08A5, 0x08A5, 0x08C5, 0x08C5, 0x08A5, 0x08A4, 0x08A4, 0x08A5, 0x08E7, 0x0908, 0x08E7, 0x0907, 0x1109, 0x1108, 0x08C6,
  0x00A5, 0x0928, 0x0969, 0x0128, 0x0108, 0x0949, 0x094A, 0x0929, 0x08E6, 0x424A, 0x8C51, 0x5A8A, 0x49C7, 0x5A08, 0x40C3, 0x5062,
  0x6082, 0x6841, 0x7041, 0x6841, 0x7A29, 0xA4D2, 0x634E, 0x1947, 0x08E6, 0x00E6, 0x00A6, 0x08C6, 0x00C6, 0x0907, 0x0928, 0x00A6,
  0x00A5, 0x00A5, 0x00A5, 0x00A5, 0x08A5, 0x08C6, 0x08E6, 0x00C6, 0x00C5, 0x00A5, 0x08A5, 0x08A5, 0x08A5, 0x08A5, 0x08C5, 0x08C6,
  0x08C6, 0x08E6, 0x08E6, 0x0906, 0x10E6, 0x10C5, 0x18A4, 0x2082, 0x2063, 0x20A4, 0x18A4, 0x1001, 0x4A08, 0xF79E, 0x628A, 0x1000,
  0x2020, 0x2000, 0x1822, 0x0884, 0x00E6, 0x00A5, 0x08A5, 0x08C5, 0x0084, 0x0084, 0x0884, 0x0885, 0x08A5, 0x08A5, 0x08A5, 0x08A5,
  0x0884, 0x0884, 0x1084, 0x10C6, 0x10E7, 0x08E6, 0x08E6, 0x1108, 0x10E7, 0x08C6, 0x00A5, 0x00E7, 0x1148, 0x0907, 0x0107, 0x0928,
  0x0949, 0x0908, 0x08E6, 0x31E9, 0x83EF, 0x5A49, 0x49A7, 0x40E4, 0x48A2, 0x5882, 0x6021, 0x7042, 0x6862, 0x7186, 0xBD13, 0x8451,
  0x426B, 0x1927, 0x08E5, 0x00A5, 0x0085, 0x00C6, 0x00E7, 0x0908, 0x08E6, 0x00A5, 0x00A5, 0x00A5, 0x00A5, 0x00A5, 0x08C5, 0x08C5,
  0x08C6, 0x00C5, 0x00A5, 0x08A5, 0x08A5, 0x08A5, 0x08A5, 0x08A5, 0x08C6, 0x08C6, 0x08C6, 0x08E6, 0x08E6, 0x08E6, 0x10C5, 0x18A4,
  0x1883, 0x2062, 0x2043, 0x2084, 0x1883, 0x1001, 0x4A08, 0xF79E, 0x628A, 0x1000, 0x2020, 0x2000, 0x1822, 0x0884, 0x00C6, 0x00A5,
  0x08A5, 0x08A5, 0x0884, 0x0884, 0x0884, 0x0884, 0x0885, 0x08A5, 0x08A5, 0x0884, 0x1083, 0x1063, 0x1063, 0x10A5, 0x10E7, 0x08E6,
  0x08C6, 0x10E6, 0x10E6, 0x08C5, 0x08A5, 0x08C5, 0x1106, 0x08E6, 0x08E6, 0x08E7, 0x0928, 0x0928, 0x08E6, 0x2987, 0x7BAE, 0x5A48,
  0x38E3, 0x40A2, 0x5082, 0x5021, 0x6041, 0x6862, 0x58C3, 0xA40F, 0xB575, 0x73CF, 0x21A9, 0x10E6, 0x08C5, 0x00A4, 0x00A5, 0x00C6,
  0x0907, 0x08E6, 0x08A5, 0x00A5, 0x00A6, 0x00A5, 0x00A5, 0x00A5, 0x08C5, 0x08C5, 0x00C5, 0x00A5, 0x00A5, 0x08A5, 0x08A4, 0x08A5,
  0x00A5, 0x08C5, 0x08C6, 0x08C6, 0x08E6, 0x08E6, 0x08E6, 0x10C5, 0x10A4, 0x1883, 0x1862, 0x2042, 0x2842, 0x2063, 0x1883, 0x1000,
  0x4A08, 0xF79E, 0x628A, 0x1000, 0x2020, 0x2000, 0x1822, 0x0884, 0x00C6, 0x08A5, 0x0885, 0x08A4, 0x0884, 0x0884, 0x0884, 0x0884,
  0x0884, 0x0884, 0x0884, 0x0884, 0x1083, 0x1862, 0x1863, 0x1084, 0x10E6, 0x08E6, 0x08C5, 0x10E6, 0x10C5, 0x08A5, 0x0884, 0x0884,
  0x08C5, 0x08C5, 0x08C5, 0x08C6, 0x0907, 0x0908, 0x00E6, 0x2126, 0x6B0C, 0x51E7, 0x3082, 0x3882, 0x4841, 0x4820, 0x5861, 0x5042,
  0x7228, 0xACF2, 0xA514, 0x526B, 0x08A6, 0x08E7, 0x08A5, 0x00A4, 0x00A4, 0x00E6, 0x08E7, 0x08A5, 0x08A5, 0x00A5, 0x00A6, 0x00A5,
  0x00A5, 0x00A5, 0x00C5, 0x08C5, 0x00A5, 0x0085, 0x00A5, 0x08A5, 0x08A4, 0x08A5, 0x08C6, 0x08C6, 0x08C6, 0x08C6, 0x08E6, 0x08E6,
  0x08C6, 0x10C5, 0x18A4, 0x1863, 0x2062, 0x2041, 0x2842, 0x2063, 0x1862, 0x1000, 0x4A08, 0xF79E, 0x628A, 0x1800, 0x2820, 0x2021,
  0x1842, 0x0863, 0x00A5, 0x08A5, 0x0884, 0x0884, 0x0884, 0x0883, 0x0883, 0x0884, 0x0884, 0x0883, 0x1063, 0x1063, 0x1862, 0x1862,
  0x1862, 0x1863, 0x18A5, 0x10E6, 0x08A5, 0x10A5, 0x10A5, 0x08A4, 0x0884, 0x0884, 0x08A4, 0x08A5, 0x08A5, 0x08A5, 0x08C6, 0x08E7,
  0x08E6, 0x18E5, 0x628A, 0x4966, 0x3041, 0x3841, 0x4021, 0x4841, 0x4841, 0x61A7, 0x93EF, 0xA4B2, 0x838E, 0x20E4, 0x08A5, 0x08C6,
  0x0084, 0x00A4, 0x00C5, 0x08E6, 0x08C5, 0x0885, 0x08A5, 0x08A5, 0x00A5, 0x08A5, 0x08A5, 0x08A5, 0x08A5, 0x00A5, 0x08A5, 0x08A5,
  0x08A5, 0x08A4, 0x0884, 0x08A5, 0x10A5, 0x08C5, 0x08C6, 0x08C6, 0x10C6, 0x10C5, 0x10C5, 0x10A4, 0x1883, 0x2062, 0x2041, 0x2042,
  0x2042, 0x1842, 0x2042, 0x1000, 0x4A08, 0xF79E, 0x628A, 0x1800, 0x2821, 0x2021, 0x1841, 0x0863, 0x00A4, 0x08A4, 0x0884, 0x0884,
  0x0863, 0x0863, 0x0863, 0x0883, 0x0883, 0x1083, 0x1063, 0x1863, 0x1862, 0x1842, 0x1842, 0x1862, 0x1884, 0x10E5, 0x10A5, 0x10A5,
  0x10A5, 0x10A4, 0x1083, 0x1063, 0x1084, 0x1084, 0x0884, 0x0884, 0x10A5, 0x08C6, 0x08C6, 0x10C4, 0x5208, 0x4904, 0x3021, 0x4041,
  0x4021, 0x3800, 0x5125, 0x8B6E, 0x8BCF, 0x8B8E, 0x4986, 0x1063, 0x10A5, 0x10C5, 0x08A5, 0x08A5, 0x00C5, 0x08C5, 0x08A5, 0x0885,
  0x10A5, 0x08A5, 0x00A4, 0x08A5, 0x08A5, 0x0885, 0x0885, 0x0885, 0x08A4, 0x08A4, 0x08A4, 0x0884, 0x0884, 0x1085, 0x10A5, 0x10C5,
  0x08C5, 0x10C5, 0x10A6, 0x10A4, 0x1084, 0x1883, 0x1862, 0x2041, 0x2041, 0x2041, 0x2041, 0x1841, 0x2041, 0x1000, 0x4A08, 0xF79E
};

const uint16_t life_02[10800] = {
  0x6B0B, 0x5268, 0x3144, 0x2903, 0x2924, 0x3165, 0x3164, 0x3165, 0x3144, 0x3144, 0x3144, 0x3144, 0x3124, 0x3165, 0x3985, 0x39A5,
  0x3165, 0x3165, 0x3165, 0x3165, 0x3164, 0x4207, 0x5268, 0x4A27, 0x41E7, 0x41C6, 0x2924, 0x3985, 0x3144, 0x3144, 0x3144, 0x5268,
  0x6B0A, 0x6B0A, 0x6B0A, 0x6AEA, 0x6AEA, 0x62EA, 0x62CA, 0x6B0B, 0x62EA, 0x39A5, 0x49E7, 0x41C6, 0x5A89, 0xBD94, 0xCE37, 0xD657,
  0xB532, 0xACF1, 0xD636, 0xDE77, 0xD636, 0xD657, 0xCDD5, 0xBD74, 0xD637, 0xDE78, 0xCE16, 0xB532, 0xA4B0, 0xCDF5, 0xD657, 0xD636,
  0xB532, 0xA46F, 0xBD53, 0xCDD5, 0xCDF5, 0xCDF5, 0xCDD5, 0xC5B5, 0xB512, 0x9C2E, 0xAC90, 0xC5B4, 0xCDD5, 0xBD53, 0xA490, 0x6AEA,
  0x942F, 0x9C50, 0xA4B0, 0xC594, 0xCDF5, 0xCDD5, 0xCDF5, 0xACF1, 0x9C6F, 0xC5B4, 0x6B0B, 0x41E6, 0x1060, 0x28E3, 0x2924, 0x20E3,
  0x20E2, 0x20E3, 0x20C2, 0x2903, 0x2903, 0x2924, 0x3144, 0x3165, 0x3144, 0x39A6, 0x2903, 0x2903, 0x3144, 0x3164, 0x2123, 0x39A5,
  0x3185, 0x2103, 0x20E3, 0x3124, 0x2923, 0x28E3, 0x2924, 0x3124, 0x2924, 0x5248, 0x734B, 0x6B0A, 0x6B0A, 0x6AEA, 0x6AEA, 0x6AEA,
  0x6B0B, 0x736C, 0x62EA, 0x3985, 0x4A07, 0x41E7, 0x5A89, 0xBDB4, 0xCE37, 0xD657, 0xB512, 0xACD1, 0xD616, 0xDE57, 0xD616, 0xD636,
  0xCDD5, 0xBD74, 0xD616, 0xDE57, 0xCDF6, 0xB512, 0xA4B0, 0xC5D5, 0xD636, 0xD636, 0xB512, 0xA46F, 0xB533, 0xCDD5, 0xCDF5, 0xCDF5,
  0xCDD5, 0xC594, 0xB512, 0x940D, 0xA46F, 0xC5B4, 0xCDD5, 0xBD53, 0xA470, 0x6AE9, 0x942F, 0x9C4F, 0xA490, 0xC5B4, 0xCDF5, 0xCDF5,
  0xCDF5, 0xACF1, 0x9C6F, 0xC5B4, 0x6B0B, 0x4A07, 0x3144, 0x5268, 0x4A27, 0x18A1, 0x3164, 0x4A07, 0x3144, 0x20A2, 0x28E3, 0x3144,
  0x3165, 0x2924, 0x3985, 0x3965, 0x20E2, 0x20C2, 0x2923, 0x20C2, 0x18C2, 0x20C2, 0x20E2, 0x2923, 0x5268, 0x4A07, 0x3164, 0x2903,
  0x20E3, 0x2903, 0x2903, 0x4A07, 0x734C, 0x62EA, 0x6AEA, 0x62CA, 0x62CA, 0x62A9, 0x62CA, 0x736C, 0x6B0A, 0x41A6, 0x4A07, 0x41E7,
  0x5AA9, 0xBDB4, 0xCE37, 0xD637, 0xAD12, 0xACD1, 0xCDF5, 0xD637, 0xD616, 0xD636, 0xC5D5, 0xBD74, 0xCE16, 0xD657, 0xCE16, 0xB512,
  0xA490, 0xC5B4, 0xD616, 0xD616, 0xB511, 0xA46F, 0xB532, 0xCDD5, 0xCDF6, 0xCDF6, 0xCDF5, 0xC594, 0xB512, 0x93ED, 0xA44F, 0xC594,
  0xC5B4, 0xBD52, 0x9C90, 0x6B0A, 0x942F, 0x9C2F, 0xA4B0, 0xC5B5, 0xCDF5, 0xCDF6, 0xCDF6, 0xACF1, 0x9C4F, 0xC5B4, 0x6AEB, 0x6AEB,
  0x6AEA, 0x6B0B, 0x62A9, 0x3965, 0x6AEA, 0x6AEA, 0x6B0B, 0x49E7, 0x1881, 0x2924, 0x2923, 0x2944, 0x3124, 0x28E3, 0x20A2, 0x39A5,
  0x62CA, 0x3985, 0x3144, 0x3144, 0x4A07, 0x62EA, 0x736C, 0x5A89, 0x3164, 0x3965, 0x28E3, 0x3144, 0x20E2, 0x2903, 0x5A89, 0x62CA,
  0x5AAA, 0x4A08, 0x3165, 0x3964, 0x41E6, 0x734B, 0x62EA, 0x39A6, 0x4A07, 0x41C6, 0x5AA9, 0xBDB4, 0xD636, 0xD636, 0xAD12, 0xA4D1,
  0xCDF5, 0xD637, 0xD616, 0xD636, 0xCDD5, 0xBD94, 0xCE16, 0xD678, 0xCE16, 0xB512, 0xA48F, 0xC5B4, 0xD636, 0xD616, 0xB511, 0x9C4E,
  0xB532, 0xCDD5, 0xD616, 0xCDF6, 0xCDF5, 0xC594, 0xB512, 0x93EE, 0x9C2F, 0xC594, 0xCDD5, 0xBD73, 0x9CB0, 0x6B0A, 0x942F, 0x9C4F,
  0xA4B1, 0xC5B4, 0xCDD5, 0xCDF5, 0xCE16, 0xACD1, 0x9C2E, 0xC594, 0x62CA, 0x62AA, 0x62AA, 0x62CA, 0x62AA, 0x62CA, 0x6AEA, 0x62EA,
  0x734C, 0x7B6D, 0x41C6, 0x20E3, 0x3144, 0x2903, 0x2903, 0x20E2, 0x20E3, 0x5A69, 0x6B0B, 0x62EB, 0x62CA, 0x62CA, 0x6B0B, 0x6B2B,
  0x6B2B, 0x6B0B, 0x3985, 0x3164, 0x2903, 0x2903, 0x3985, 0x20C2, 0x2924, 0x39A6, 0x3165, 0x2903, 0x3965, 0x41E6, 0x5A89, 0x732B,
  0x62CA, 0x39A5, 0x4A07, 0x41C6, 0x5AA9, 0xBDB4, 0xD636, 0xD636, 0xAD12, 0xA4B1, 0xCDF6, 0xD657, 0xCE16, 0xCE16, 0xCDD5, 0xC594,
  0xCE16, 0xD657, 0xCE37, 0xB532, 0xA490, 0xCDB5, 0xDE57, 0xDE36, 0xB512, 0x9C2E, 0xBD52, 0xCDF5, 0xD616, 0xCDF6, 0xCDF5, 0xC5B4,
  0xB532, 0x9C0E, 0x9C4F, 0xC5B4, 0xCDD5, 0xBD53, 0x9CB0, 0x6B2A, 0x944F, 0x9C50, 0xACD1, 0xC5B4, 0xCDD5, 0xCDD5, 0xCDF5, 0xACF1,
  0x9C4F, 0xC594, 0x62CA, 0x62AA, 0x62A9, 0x62AA, 0x62AA, 0x62CA, 0x62CA, 0x62EA, 0x62CA, 0x6AEB, 0x6B0B, 0x62CA, 0x5289, 0x2923,
  0x2903, 0x2924, 0x41C6, 0x5AA9, 0x62CA, 0x5A89, 0x5A69, 0x5268, 0x5AA9, 0x62EA, 0x6B2B, 0x6B2B, 0x5AA9, 0x3985, 0x2903, 0x18A2,
  0x4A48, 0x41C6, 0x20E3, 0x41C6, 0x39A6, 0x4A08, 0x62AA, 0x62CA, 0x62EA, 0x6B2B, 0x62EA, 0x3985, 0x4A07, 0x41E6, 0x62EA, 0xBDB4,
  0xCE36, 0xD636, 0xACF2, 0xA4B0, 0xCDF5, 0xDE77, 0xCDF5, 0xCDF5, 0xC5D5, 0xC5B4, 0xCE16, 0xD657, 0xD637, 0xB532, 0xA4B0, 0xCDD5,
  0xDE57, 0xD616, 0xB512, 0x9C2E, 0xBD32, 0xCDF6, 0xD616, 0xCDF6, 0xCDF5, 0xC5D4, 0xB512, 0x9C2E, 0xA46F, 0xC5B4, 0xC5B4, 0xB532,
  0x9C90, 0x6B0A, 0x944F, 0x9C70, 0xACD1, 0xC5B4, 0xC5B5, 0xCDD5, 0xCDD5, 0xACF1, 0x9C4F, 0xC5B4, 0x62CA, 0x62AA, 0x62AA, 0x62CA,
  0x62AA, 0x62AA, 0x62AA, 0x62AA, 0x62AA, 0x62AA, 0x62CA, 0x6B0B, 0x62EB, 0x3144, 0x2924, 0x20E2, 0x5A89, 0x62EB, 0x62AA, 0x5A69,
  0x4A28, 0x5248, 0x5A89, 0x62EA, 0x6B2B, 0x6B0B, 0x6B0B, 0x62EA, 0x3985, 0x20E2, 0x5A89, 0x5269, 0x20E2, 0x5268, 0x62EB, 0x62AA,
  0x62AA, 0x62CA, 0x6AEA, 0x734B, 0x62EA, 0x3985, 0x4A07, 0x41C6, 0x62CA, 0xBDB4, 0xCE16, 0xCE36, 0xAD12, 0xA4B0, 0xCDF5, 0xD657,
  0xCDF5, 0xCDF5, 0xC5B4, 0xC5B4, 0xCE36, 0xD657, 0xCE36, 0xB532, 0xA48F, 0xCDB5, 0xDE57, 0xD616, 0xB511, 0x9C2E, 0xB532, 0xCDF5,
  0xCDF6, 0xCDF6, 0xCDF5, 0xC5D5, 0xB532, 0x9C2E, 0xA46F, 0xC5B4, 0xC5B4, 0xB552, 0x9C8F, 0x6B0A, 0x944F, 0x9C70, 0xACF1, 0xC594,
  0xC5B5, 0xCDD5, 0xCDD5, 0xACF1, 0x9C4F, 0xC5B4, 0x62CA, 0x62CA, 0x62CA, 0x62CA, 0x62CA, 0x62A9, 0x62AA, 0x62A9, 0x62AA, 0x62CA,
  0x6B0B, 0x6B2B, 0x62CA, 0x3144, 0x20E3, 0x18A2, 0x49E7, 0x5268, 0x4A07, 0x41E7, 0x41E6, 0x4A07, 0x5228, 0x5AA9, 0x62C9, 0x62EA,
  0x62EA, 0x6B2C, 0x41C6, 0x20E3, 0x62CA, 0x4A28, 0x20E3, 0x41E7, 0x62EA, 0x62AA, 0x62AA, 0x62CA, 0x6B0B, 0x734C, 0x62EA, 0x39A5,
  0x49E7, 0x41C6, 0x62C9, 0xBDB5, 0xCE16, 0xD636, 0xB512, 0xA4B0, 0xCE16, 0xD657, 0xCDF5, 0xCDF5, 0xC5B5, 0xC5B4, 0xCE16, 0xD657,
  0xCDF6, 0xB532, 0xA46F, 0xC594, 0xDE37, 0xD616, 0xB511, 0x9C2E, 0xB532, 0xCDF5, 0xCDF6, 0xCDF6, 0xCDF5, 0xC5D4, 0xB512, 0x940E,
  0xA44F, 0xC5B4, 0xCDD5, 0xB553, 0x946F, 0x6B0A, 0x944F, 0x9C4F, 0xACD1, 0xC5B5, 0xCDD5, 0xCDD5, 0xC5B5, 0xACF1, 0x9C6F, 0xC5B4,
  0x62CA, 0x62CA, 0x62EA, 0x62CA, 0x62AA, 0x62A9, 0x5A89, 0x62AA, 0x62CA, 0x5A89, 0x4A28, 0x4A07, 0x3165, 0x2944, 0x2903, 0x20E2,
  0x3144, 0x2944, 0x2923, 0x2903, 0x2903, 0x2923, 0x2944, 0x3165, 0x3985, 0x39A5, 0x41C6, 0x4A07, 0x2903, 0x3144, 0x4A28, 0x3144,
  0x18A2, 0x39A5, 0x62CA, 0x62AA, 0x62AA, 0x6AAA, 0x6AEB, 0x736C, 0x6B0A, 0x41A6, 0x49E7, 0x41A6, 0x6B0B, 0xC5D5, 0xCE15, 0xD636,
  0xB512, 0xA4B0, 0xCDF5, 0xD657, 0xCDF5, 0xCDF5, 0xC5B5, 0xC5B4, 0xCE16, 0xD637, 0xCDF6, 0xB532, 0x9C6F, 0xC594, 0xD636, 0xCE15,
  0xB511, 0x9C2E, 0xB532, 0xCDD5, 0xCDF6, 0xCDF6, 0xCDF6, 0xC5B4, 0xB4F2, 0x93EE, 0xA44F, 0xC5B4, 0xC5B5, 0xB533, 0x946F, 0x6309,
  0x9C6F, 0x9C4F, 0xACD1, 0xCDD5, 0xCDF6, 0xCDD5, 0xC5B5, 0xACF1, 0x9C6F, 0xC5B4, 0x62CA, 0x62CA, 0x62EA, 0x62EA, 0x62CA, 0x62CA,
  0x62AA, 0x5A69, 0x41A6, 0x2924, 0x20E2, 0x20E2, 0x20E3, 0x2903, 0x2903, 0x2103, 0x20E2, 0x20E2, 0x20E2, 0x20E2, 0x20E2, 0x20E2,
  0x20E2, 0x20E3, 0x20E3, 0x20E3, 0x20E3, 0x20E2, 0x20E3, 0x2903, 0x20E2, 0x20C2, 0x20E3, 0x2903, 0x2924, 0x5A69, 0x62AA, 0x6ACA,
  0x6B0B, 0x734C, 0x6B0B, 0x41C6, 0x4A07, 0x41A6, 0x6B0A, 0xC5F5, 0xCE15, 0xD616, 0xB4F2, 0xA490, 0xCDF5, 0xDE77, 0xCDF5, 0xCDF5,
  0xC5D5, 0xC5B4, 0xCE16, 0xD637, 0xCDF6, 0xB512, 0x9C6F, 0xC574, 0xD636, 0xCDF5, 0xACF1, 0x9C0D, 0xB531, 0xCDD5, 0xCDF6, 0xCDF6,
  0xCDF6, 0xC5B4, 0xB4F1, 0x93ED, 0xA44F, 0xC594, 0xC5B4, 0xB553, 0x946F, 0x62E9, 0x944F, 0x942E, 0xA4B1, 0xCDD5, 0xCDF6, 0xCDD5,
  0xC5B5, 0xACF1, 0x9C6F, 0xC5B4, 0x62CA, 0x62EA, 0x62EA, 0x62EA, 0x6AEA, 0x5A89, 0x3124, 0x28E2, 0x20E3, 0x20E3, 0x20E3, 0x2103,
  0x2903, 0x20E3, 0x20E2, 0x20C2, 0x20C2, 0x20C2, 0x20C2, 0x20C2, 0x20C2, 0x20C2, 0x20C2, 0x20E2, 0x20E2, 0x20E3, 0x20E3, 0x20E2,
  0x20E2, 0x20E2, 0x20E2, 0x20C2, 0x20C2, 0x18C2, 0x20C2, 0x5A69, 0x62AA, 0x6AAA, 0x6AEB, 0x734B, 0x6B0B, 0x41C6, 0x4A07, 0x41A6,
  0x6B0A, 0xC5D5, 0xCE15, 0xD616, 0xB4F1, 0x9C6F, 0xC5D5, 0xDE77, 0xCDF5, 0xCDF5, 0xCDF5, 0xC5B4, 0xCE16, 0xD637, 0xCDF6, 0xB512,
  0x9C4E, 0xC573, 0xD636, 0xCDF5, 0xB4F1, 0x9C0D, 0xB531, 0xCDD5, 0xCDF6, 0xCDF6, 0xCDF5, 0xC5B4, 0xB4F2, 0x93EE, 0xA46F, 0xC594,
  0xC5B4, 0xBD53, 0x944F, 0x62C9, 0x944F, 0x942F, 0xA4B0, 0xC5B5, 0xCDF6, 0xCDD5, 0xCDD5, 0xACF1, 0x9C6F, 0xC5B4, 0x62CA, 0x62CA,
  0x62EA, 0x62CA, 0x6AEB, 0x5A89, 0x49E7, 0x4A07, 0x49E7, 0x4A27, 0x41E6, 0x39A6, 0x41C6, 0x41E6, 0x39A6, 0x39A5, 0x39A5, 0x3985,
  0x3985, 0x3985, 0x3185, 0x3185, 0x3985, 0x3185, 0x39A6, 0x3985, 0x3985, 0x41C6, 0x39C6, 0x39A6, 0x39C6, 0x3985, 0x41C6, 0x41C6,
  0x39A6, 0x5A69, 0x6ACA, 0x6ACA, 0x6B0B, 0x734B, 0x6B0A, 0x41A6, 0x4A07, 0x41A6, 0x6B0A, 0xC5D5, 0xCE15, 0xD616, 0xACD1, 0x9C6F,
  0xC5D5, 0xDE57, 0xCDF5, 0xCDF5, 0xCDF5, 0xC5B4, 0xCE16, 0xD637, 0xCDF6, 0xACF2, 0x9C4E, 0xC573, 0xD636, 0xCE15, 0xB511, 0x9C0D,
  0xB511, 0xCDD5, 0xCE16, 0xCDF6, 0xCDD5, 0xC594, 0xACF1, 0x93ED, 0xA46F, 0xC5B4, 0xC5B4, 0xBD53, 0x944F, 0x62C9, 0x944F, 0x942E,
  0xA490, 0xC5B4, 0xCDF5, 0xC5B5, 0xCDD5, 0xACD0, 0x9C4E, 0xC5B4, 0x5AA9, 0x62AA, 0x62CA, 0x62CA, 0x62CA, 0x62AA, 0x6B2B, 0x7B6C,
  0x6B2B, 0x6B2B, 0x62CA, 0x62CA, 0x5AAA, 0x5AAA, 0x5A89, 0x5ACA, 0x5AAA, 0x5269, 0x5269, 0x5A89, 0x5248, 0x4A28, 0x5269, 0x5269,
  0x5AAA, 0x62CA, 0x5AAA, 0x5AA9, 0x5AA9, 0x62CA, 0x5AAA, 0x62CA, 0x62EB, 0x62EA, 0x5AAA, 0x5A8A, 0x6ACA, 0x6AEB, 0x6AEB, 0x732B,
  0x62EA, 0x39A5, 0x4A07, 0x41A6, 0x6B0A, 0xC5D5, 0xCE16, 0xD616, 0xACD1, 0x9C6F, 0xC5D5, 0xD657, 0xC5D5, 0xCDF5, 0xCDD5, 0xC594,
  0xCE16, 0xD637, 0xCDF6, 0xACF1, 0x942E, 0xBD53, 0xD636, 0xD615, 0xB532, 0x9C2E, 0xB511, 0xC5D5, 0xCDF6, 0xCDD6, 0xC5B5, 0xBD94,
  0xACF1, 0x8BCD, 0xA44F, 0xC594, 0xC594, 0xB532, 0x8C0E, 0x62C9, 0x944F, 0x942E, 0xA490, 0xC5B5, 0xCDD5, 0xC5B4, 0xC5B5, 0xACD0,
  0x9C4E, 0xC594, 0x5AA9, 0x5AA9, 0x5AAA, 0x5AA9, 0x5AA9, 0x5A89, 0x62EA, 0x6B0B, 0x62EA, 0x62EA, 0x62EA, 0x5AA9, 0x5A89, 0x5A89,
  0x62CA, 0x5A89, 0x5A88, 0x5A89, 0x5AA9, 0x5248, 0x4A07, 0x49E7, 0x5248, 0x5A89, 0x5268, 0x5A89, 0x5AA9, 0x5248, 0x5A89, 0x5A69,
  0x5A89, 0x5248, 0x5A89, 0x62A9, 0x5A69, 0x62AA, 0x6ACA, 0x6AEA, 0x6AEB, 0x732C, 0x62CA, 0x39A6, 0x4A08, 0x39A6, 0x6B0A, 0xC5D5,
  0xD616, 0xD616, 0xACD1, 0x9C6F, 0xC5B5, 0xD636, 0xCDD5, 0xCDF5, 0xC5B5, 0xBD73, 0xCDD5, 0xCE36, 0xCE16, 0xB512, 0x9C2D, 0xBD53,
  0xD636, 0xD616, 0xB512, 0x9C2E, 0xB512, 0xC5B4, 0xCDD5, 0xCDD5, 0xC5B4, 0xBD73, 0xACF1, 0x8BAD, 0x9C0E, 0xBD53, 0xBD73, 0xAD12,
  0x8C0D, 0x5AA8, 0x942E, 0x942E, 0xA4B0, 0xC5B5, 0xCDD5, 0xC5B4, 0xC5B5, 0xACD0, 0x9C6F, 0xC5B4, 0x62CA, 0x62CA, 0x62EA, 0x62EA,
  0x62EA, 0x62CA, 0x6B2B, 0x734C, 0x6B2B, 0x6B0B, 0x734B, 0x62EA, 0x5AA9, 0x62C9, 0x62CA, 0x62CA, 0x5AA9, 0x5A89, 0x62CA, 0x62AA,
  0x5248, 0x5248, 0x5228, 0x5248, 0x5268, 0x5268, 0x5268, 0x5268, 0x5AAA, 0x5AA9, 0x5A89, 0x5A89, 0x5A69, 0x62EA, 0x62A9, 0x62CA,
  0x6B0B, 0x6B2B, 0x732C, 0x734C, 0x62CA, 0x39A6, 0x4A07, 0x39A5, 0x6B0A, 0xC5B5, 0xD616, 0xD616, 0xACD1, 0x9C6F, 0xC5B4, 0xD636,
  0xCDF5, 0xCDF5, 0xC5B4, 0xBD53, 0xC5D4, 0xCE16, 0xCE16, 0xB512, 0x940D, 0xB552, 0xD616, 0xCDD5, 0xB4F1, 0x940E, 0xACF1, 0xC5B4,
  0xCDD5, 0xC5B5, 0xC594, 0xBD73, 0xACD1, 0x836C, 0x93ED, 0xBD53, 0xBD53, 0xACF1, 0x83ED, 0x5AA8, 0x8C0E, 0x8C0E, 0xA490, 0xC5B4,
  0xC5B5, 0xC594, 0xC5B4, 0xACD0, 0x9C4F, 0xC594, 0x4A27, 0x4A27, 0x5248, 0x5228, 0x4A06, 0x4A07, 0x4A07, 0x41E6, 0x5248, 0x5268,
  0x5247, 0x4A27, 0x4A47, 0x4A27, 0x5268, 0x5268, 0x5247, 0x4A27, 0x4A27, 0x4A07, 0x4A07, 0x41E6, 0x41A6, 0x39A5, 0x49E7, 0x4A07,
  0x4A27, 0x4A07, 0x41E6, 0x4A27, 0x5248, 0x5248, 0x5268, 0x5A69, 0x5248, 0x5248, 0x5248, 0x5A89, 0x5A89, 0x5AA9, 0x62EA, 0x41C6,
  0x4A07, 0x41A6, 0x6B0A, 0xC5B4, 0xCE15, 0xD616, 0xACD1, 0x9C6F, 0xC5B4, 0xD636, 0xCDF5, 0xCDF5, 0xC5B4, 0xB553, 0xC5B4, 0xCE16,
  0xCDF6, 0xACF1, 0x940D, 0xB532, 0xCDD5, 0xCDD5, 0xB4F2, 0x93ED, 0xACD1, 0xC594, 0xC5B5, 0xC5B4, 0xC594, 0xBD53, 0xA4B0, 0x834B,
  0x93CD, 0xB532, 0xB553, 0xACF2, 0x83AC, 0x5AA8, 0x8BED, 0x8BED, 0x9C90, 0xC594, 0xC5B4, 0xC594, 0xC594, 0xA4B0, 0x9C4E, 0xC573,
  0x8C0F, 0x8C0F, 0x9470, 0x8C2F, 0x9C91, 0x8C0F, 0x7BAD, 0x8C0F, 0x8C0E, 0x9450, 0x9470, 0x8C2F, 0x9470, 0x9470, 0x944F, 0x7B8D,
  0x83EE, 0x83CE, 0x7BAD, 0x7BAD, 0x7BAD, 0x83EE, 0x840F, 0x7BAE, 0x9450, 0x9470, 0xA4B2, 0x8C2F, 0x83EE, 0x8C2F, 0x9450, 0x9470,
  0x8C2F, 0x83EF, 0x8C50, 0x9CB1, 0xAD33, 0x9450, 0x9C91, 0x8C30, 0x5248, 0x41E7, 0x4A07, 0x41C6, 0x6B2B, 0xC5B4, 0xCDF5, 0xD616,
  0xACF1, 0x9C8F, 0xC5B4, 0xD636, 0xCDF5, 0xCDF5, 0xC5B4, 0xB553, 0xC5B4, 0xCE16, 0xCDF6, 0xACF1, 0x940D, 0xBD53, 0xCDD5, 0xCDD5,
  0xB4F1, 0x93ED, 0xACD1, 0xC594, 0xC5B5, 0xC5B4, 0xC594, 0xB553, 0xA490, 0x7B4B, 0x93CD, 0xB532, 0xB532, 0xACF1, 0x7B8C, 0x5A88,
  0x83CD, 0x8BCD, 0x9C70, 0xBD94, 0xC594, 0xC594, 0xC594, 0xA48F, 0x942E, 0xBD73, 0x7B8D, 0x6AEB, 0x9470, 0x7B8D, 0x8C0E, 0x8C0F,
  0x7B8D, 0x6B2B, 0x6B2B, 0x83CE, 0x8C0F, 0x9470, 0x8C0E, 0x6B0B, 0x7BAD, 0x6B0B, 0x5AA9, 0x9450, 0x6B0A, 0x62EA, 0x5268, 0x5AA9,
  0x7BAD, 0x83EE, 0x736C, 0x6B2C, 0x9450, 0x83CE, 0x83AE, 0x734C, 0x738D, 0x734C, 0x9470, 0x6B0B, 0x6B4C, 0x8C50, 0x734C, 0x630B,
  0x736D, 0xA4D2, 0x5A89, 0x41C6, 0x49E7, 0x41A6, 0x736C, 0xC5B4, 0xCDF5, 0xCE16, 0xACD1, 0x9C6F, 0xC5B4, 0xD636, 0xCDF5, 0xCDF5,
  0xC5B5, 0xBD73, 0xC5B4, 0xCE16, 0xCE16, 0xACF1, 0x940D, 0xB552, 0xCDD5, 0xCDD5, 0xB512, 0x93ED, 0xACF1, 0xC5B4, 0xC5B5, 0xC594,
  0xC594, 0xBD53, 0xA490, 0x7B2A, 0x93CD, 0xB512, 0xB532, 0xACF1, 0x7BAC, 0x5267, 0x83AC, 0x8BCD, 0x9C70, 0xBD94, 0xC594, 0xC594,
  0xBD74, 0xA48F, 0x942E, 0xBD53, 0x9C91, 0x83EF, 0x9450, 0x83CE, 0x8C0F, 0x944F, 0x9C90, 0x8C0E, 0x8C2F, 0x9450, 0x8C2F, 0x9C90,
  0x83EE, 0x8C2F, 0x8C0F, 0x9470, 0x83CE, 0xA4F2, 0x8C2F, 0x8C0F, 0x8C0F, 0x83EE, 0x9450, 0x83EF, 0x9450, 0x8C2F, 0x83CE, 0x8C2F,
  0x9C71, 0xA4D2, 0x9491, 0x9450, 0x9CD2, 0x9470, 0x8C50, 0x9470, 0x83CE, 0x8C2F, 0x9450, 0x8C2F, 0x5AA9, 0x41E7, 0x41E7, 0x39A6,
  0x736C, 0xC5B5, 0xCE16, 0xD616, 0xACD1, 0x9C6F, 0xC5D4, 0xD636, 0xCDF5, 0xCDF5, 0xC5B4, 0xBD73, 0xC5D4, 0xCE16, 0xCDF6, 0xACF1,
  0x942D, 0xB512, 0xCDD5, 0xCDF5, 0xB512, 0x93EE, 0xACF1, 0xC594, 0xC5B5, 0xC5B4, 0xC594, 0xB553, 0xA470, 0x732A, 0x8BCD, 0xB532,
  0xB533, 0xACF2, 0x7BAC, 0x5267, 0x7B8C, 0x83AD, 0x9C6F, 0xBD94, 0xC594, 0xC594, 0xBD73, 0xA48F, 0x942E, 0xBD73, 0x4A28, 0x4A28,
  0x4A28, 0x5248, 0x4A27, 0x5268, 0x5248, 0x5248, 0x5A89, 0x5268, 0x5A89, 0x5A88, 0x5A89, 0x5AA9, 0x5AA9, 0x5A89, 0x5AA9, 0x5268,
  0x5268, 0x5A89, 0x5248, 0x4A27, 0x4A27, 0x5228, 0x4A28, 0x4A27, 0x4A28, 0x5248, 0x5A89, 0x5268, 0x5268, 0x5AA9, 0x62CA, 0x5AA9,
  0x5A89, 0x5248, 0x5248, 0x5268, 0x5268, 0x5AA9, 0x6B0A, 0x41C6, 0x41C7, 0x39A6, 0x6B0A, 0xC5B5, 0xD616, 0xD616, 0xACF1, 0x9C6F,
  0xC5B4, 0xD637, 0xCDF5, 0xCDF5, 0xC594, 0xBD73, 0xC5D4, 0xCDF6, 0xCDD5, 0xACF1, 0x940D, 0xB512, 0xCDF5, 0xCDF5, 0xB512, 0x93CD,
  0xACD1, 0xC594, 0xC5B5, 0xC5B5, 0xC5B4, 0xBD53, 0xA490, 0x732A, 0x8BAD, 0xB532, 0xBD33, 0xAD12, 0x7BAD, 0x5267, 0x83AC, 0x838C,
  0x9C4F, 0xBD94, 0xC594, 0xC594, 0xBD74, 0xA48F, 0x940E, 0xC573, 0x5AAA, 0x62AA, 0x62AA, 0x5A89, 0x5A89, 0x5AA9, 0x5AA9, 0x62CA,
  0x62AA, 0x5AA9, 0x62CA, 0x62CA, 0x5AA9, 0x5268, 0x5268, 0x5A69, 0x5A89, 0x5A89, 0x5A89, 0x5269, 0x5A89, 0x5A89, 0x5A69, 0x5A89,
  0x5AA9, 0x5AAA, 0x5AA9, 0x5A89, 0x5A89, 0x5A89, 0x6289, 0x6AEB, 0x730B, 0x6B0B, 0x6AEB, 0x6AEA, 0x62EA, 0x6B0B, 0x734C, 0x83EE,
  0x734C, 0x41A6, 0x41E7, 0x39A6, 0x62EA, 0xC5B5, 0xD637, 0xD616, 0xACF1, 0x9C6F, 0xC5B4, 0xD657, 0xCDF5, 0xCDF5, 0xC594, 0xBD73,
  0xC5B4, 0xCDF5, 0xCDF5, 0xB512, 0x940D, 0xB4F2, 0xCDF5, 0xCDF5, 0xB512, 0x93CD, 0xACB0, 0xC574, 0xC5B5, 0xC5D5, 0xC5B4, 0xB553,
  0xA490, 0x732A, 0x838C, 0xB533, 0xBD53, 0xAD12, 0x83CD, 0x5268, 0x83AD, 0x7B6C, 0x942F, 0xBD94, 0xC5B4, 0xBD74, 0xC594, 0xA490,
  0x940D, 0xC593, 0x4A27, 0x4A07, 0x4A07, 0x4A07, 0x5228, 0x5248, 0x5248, 0x5268, 0x5248, 0x5268, 0x5A89, 0x5269, 0x4A28, 0x4A07,
  0x4A07, 0x4A07, 0x4A07, 0x4A07, 0x49E7, 0x41E7, 0x4A07, 0x41E6, 0x41C6, 0x4A07, 0x4A07, 0x41E6, 0x41C6, 0x41C6, 0x41A6, 0x41A6,
  0x4185, 0x41A5, 0x49C6, 0x41C6, 0x41A6, 0x41C6, 0x41C6, 0x41E6, 0x41C6, 0x41E6, 0x41E6, 0x41E7, 0x4A07, 0x41A6, 0x6B0B, 0xC5B5,
  0xD637, 0xD636, 0xAD12, 0x9C6F, 0xC5B4, 0xD657, 0xCDF5, 0xCE16, 0xC5B5, 0xBD94, 0xC5D4, 0xCDF6, 0xCDF6, 0xB532, 0x940D, 0xB4F1,
  0xCDF5, 0xCDF5, 0xB512, 0x93CD, 0xA490, 0xBD74, 0xC5B5, 0xC5D5, 0xBDB4, 0xB533, 0xA470, 0x732B, 0x838C, 0xBD33, 0xBD53, 0xACF2,
  0x83AD, 0x5268, 0x83AD, 0x7B6C, 0x942F, 0xBD74, 0xC594, 0xBD74, 0xC594, 0xA48F, 0x940D, 0xBD73, 0x3124, 0x3144, 0x3144, 0x3144,
  0x3144, 0x3144, 0x3144, 0x3144, 0x3144, 0x3144, 0x3165, 0x3144, 0x3145, 0x3144, 0x3144, 0x3144, 0x2924, 0x2903, 0x2903, 0x2903,
  0x2923, 0x2923, 0x2924, 0x3144, 0x2924, 0x2924, 0x2923, 0x2923, 0x2923, 0x3144, 0x3144, 0x3144, 0x3164, 0x3985, 0x3985, 0x3985,
  0x3985, 0x3985, 0x39A6, 0x41A6, 0x4A06, 0x4A28, 0x4A08, 0x41C6, 0x736C, 0xC5D5, 0xD617, 0xD636, 0xACF1, 0x9C6F, 0xC5B4, 0xD657,
  0xCDD5, 0xD616, 0xCDF5, 0xC5B4, 0xC5F5, 0xCE16, 0xCDF6, 0xB532, 0x8BED, 0xACD1, 0xCDF5, 0xCDF5, 0xB4F2, 0x93CD, 0xA470, 0xBD73,
  0xC5B4, 0xC5B4, 0xBD94, 0xB532, 0x9C70, 0x732A, 0x83AD, 0xB533, 0xB533, 0xACF2, 0x7B6C, 0x5267, 0x7B8C, 0x7B6C, 0x942F, 0xBD73,
  0xBD74, 0xBD74, 0xBD74, 0xA490, 0x940D, 0xBD73, 0x3985, 0x3965, 0x3185, 0x3985, 0x39A6, 0x3986, 0x3985, 0x39A6, 0x3985, 0x39A5,
  0x39A6, 0x39A5, 0x3985, 0x3985, 0x3985, 0x3985, 0x3985, 0x3165, 0x3165, 0x3164, 0x3165, 0x39A5, 0x41A6, 0x39A5, 0x39A6, 0x39A5,
  0x3985, 0x3165, 0x3165, 0x3985, 0x3985, 0x3985, 0x39A5, 0x41C6, 0x41E6, 0x4A07, 0x4A07, 0x4A27, 0x5228, 0x5248, 0x5268, 0x5228,
  0x5248, 0x41E7, 0x7BAD, 0xC5D6, 0xD636, 0xD637, 0xACF1, 0x9C6F, 0xC5B4, 0xD657, 0xCDF5, 0xCE16, 0xC5D5, 0xC594, 0xC5F5, 0xCE16,
  0xCDF6, 0xB512, 0x8BEC, 0xACB0, 0xCDF5, 0xCDD5, 0xB4F2, 0x8BAC, 0xA470, 0xBD73, 0xC5B4, 0xC5B4, 0xBD94, 0xB532, 0x9C4F, 0x730A,
  0x838C, 0xB532, 0xB532, 0xA4D1, 0x7B6C, 0x5247, 0x734B, 0x7B4B, 0x9C4F, 0xBD53, 0xBD74, 0xBD73, 0xBD73, 0xA48F, 0x940E, 0xBD73,
  0x3985, 0x3985, 0x39A6, 0x3986, 0x39A6, 0x39A6, 0x3986, 0x39A6, 0x41A6, 0x41A6, 0x39A6, 0x39A5, 0x39A6, 0x41C6, 0x41C6, 0x39A6,
  0x39A5, 0x3985, 0x3985, 0x3985, 0x3985, 0x39A6, 0x39A6, 0x39A6, 0x39A6, 0x39A6, 0x41A6, 0x39A6, 0x39A5, 0x3985, 0x39A6, 0x39A5,
  0x41A6, 0x41E6, 0x41E7, 0x4A07, 0x4A07, 0x4A28, 0x5248, 0x5A89, 0x5A89, 0x5A89, 0x5A89, 0x5228, 0x8C0F, 0xC5F6, 0xD637, 0xDE37,
  0xACF1, 0x9C4F, 0xC5B4, 0xD657, 0xC5F5, 0xD616, 0xC5D5, 0xBD74, 0xC5F5, 0xCE16, 0xCDF6, 0xB512, 0x8BCC, 0xACB0, 0xCDF5, 0xC5B5,
  0xACF1, 0x8B8C, 0x9C6F, 0xBD73, 0xC594, 0xC594, 0xBD94, 0xB512, 0x9C4F, 0x732A, 0x838C, 0xB532, 0xB532, 0xA490, 0x7B6C, 0x5247,
  0x6B0A, 0x734B, 0x9C6F, 0xBD53, 0xBD74, 0xBD94, 0xBD74, 0xA48F, 0x93ED, 0xBD73, 0x41A6, 0x41A6, 0x41C6, 0x41A6, 0x41A6, 0x41A6,
  0x39A6, 0x49E8, 0x41C7, 0x39A6, 0x39A6, 0x3986, 0x3986, 0x39A6, 0x41A6, 0x39A6, 0x39A6, 0x3985, 0x39A6, 0x39A6, 0x39A6, 0x3986,
  0x3986, 0x39A6, 0x41A6, 0x41A6, 0x41A6, 0x39A6, 0x39A5, 0x41A6, 0x41A6, 0x41A6, 0x41C6, 0x49E7, 0x49E7, 0x4A07, 0x5228, 0x4A28,
  0x5228, 0x5249, 0x5268, 0x5268, 0x5A88, 0x4A27, 0x8C0F, 0xC5F6, 0xD637, 0xDE37, 0xACD1, 0x9C4F, 0xC5B4, 0xD657, 0xC5D5, 0xCE16,
  0xCDD5, 0xBD94, 0xC5F5, 0xCE16, 0xCDF6, 0xB512, 0x8BEC, 0xACD1, 0xCDD5, 0xC5B5, 0xACD1, 0x8B6C, 0x9C4F, 0xBD73, 0xBD94, 0xC594,
  0xBD74, 0xB512, 0x9C4F, 0x72EA, 0x838C, 0xB512, 0xB512, 0xA490, 0x736C, 0x5227, 0x6B2B, 0x734B, 0x9C6F, 0xBD73, 0xBD94, 0xC5B4,
  0xBD94, 0xA46F, 0x940E, 0xBD53, 0x4185, 0x41A6, 0x41C6, 0x41A6, 0x41A6, 0x41C7, 0x39A6, 0x4A08, 0x41C6, 0x3165, 0x3165, 0x3165,
  0x3144, 0x3124, 0x3144, 0x3165, 0x3144, 0x3144, 0x3965, 0x39A6, 0x3986, 0x3986, 0x3965, 0x3165, 0x3144, 0x3144, 0x3144, 0x3165,
  0x3144, 0x3965, 0x3145, 0x3145, 0x3965, 0x3965, 0x3986, 0x41A6, 0x41C6, 0x41C6, 0x41C6, 0x41E7, 0x4A26, 0x4A26, 0x4A47, 0x41E6,
  0x9470, 0xC5F6, 0xD657, 0xD616, 0xACD1, 0x9C4F, 0xBDB4, 0xD657, 0xCDF5, 0xCE16, 0xCDD5, 0xBD94, 0xC5F5, 0xD636, 0xCDF6, 0xB532,
  0x8BEC, 0xACD0, 0xCDD5, 0xC5B5, 0xACB1, 0x8B8C, 0x9C2F, 0xBD73, 0xC594, 0xBD74, 0xBD74, 0xB512, 0x942E, 0x6AC9, 0x838C, 0xB512,
  0xB532, 0xA490, 0x732B, 0x5227, 0x734B, 0x734B, 0x9C70, 0xBD73, 0xBD94, 0xC594, 0xBD94, 0xA490, 0x9C2E, 0xBD73, 0x49E6, 0x49E6,
  0x41A6, 0x3985, 0x39A5, 0x3985, 0x3985, 0x41C6, 0x4A06, 0x41C5, 0x3164, 0x3985, 0x41C6, 0x4A27, 0x4A07, 0x49E7, 0x5AAA, 0x5A89,
  0x3985, 0x20C3, 0x20C3, 0x20C3, 0x20A3, 0x20E3, 0x62CB, 0x62EB, 0x6B0B, 0x7B8D, 0x62CA, 0x8C2F, 0x838D, 0x732B, 0x8BCE, 0x9450,
  0x83CE, 0x734C, 0x8C0F, 0x9C91, 0x9C91, 0x9CB1, 0xAD12, 0xB553, 0x9CB0, 0x9CB0, 0xC5D5, 0xBDD5, 0xD657, 0xD616, 0xACD1, 0x9C6F,
  0xBDB4, 0xD657, 0xCE15, 0xCE16, 0xCDD5, 0xBD74, 0xC5F5, 0xD636, 0xCE16, 0xB532, 0x8BEC, 0xA4B0, 0xCDD5, 0xC5B5, 0xACB1, 0x8B6B,
  0x9C2E, 0xBD73, 0xC5B4, 0xBD74, 0xBD74, 0xB512, 0x942F, 0x6AC9, 0x838C, 0xB532, 0xB532, 0xA490, 0x6B0A, 0x4A27, 0x734B, 0x734B,
  0x9C6F, 0xBD73, 0xBD74, 0xBD94, 0xBD73, 0xA490, 0x9C2E, 0xBD73, 0xB553, 0xACF2, 0x9C70, 0x9470, 0xAD12, 0xAD12, 0x9CB0, 0xAD12,
  0xBD94, 0x946F, 0x9C6F, 0xB553, 0x9C6F, 0xB574, 0xBD74, 0x9450, 0xBD95, 0xAD33, 0x62CA, 0x1041, 0x18A2, 0x1882, 0x1882, 0x20C3,
  0x83EF, 0xA4B2, 0x9C91, 0xAD13, 0x8C0F, 0xC5B5, 0xBD53, 0xB512, 0xBD94, 0xDE57, 0xB553, 0x9CB0, 0xCDF6, 0xD657, 0xD657, 0xCE36,
  0xCE16, 0xD656, 0xB532, 0xBD93, 0xCE16, 0xC5D5, 0xD657, 0xD616, 0xACD1, 0x9C4F, 0xC5B4, 0xD657, 0xCDF6, 0xD616, 0xCDD5, 0xBD73,
  0xC5B4, 0xCDF6, 0xCDF6, 0xB532, 0x8BEC, 0xA490, 0xCDF6, 0xCDD5, 0xACB1, 0x836B, 0x940E, 0xBD73, 0xC594, 0xBD74, 0xBD73, 0xB512,
  0x942E, 0x6AC9, 0x83AC, 0xB532, 0xB512, 0x9C6F, 0x6AEA, 0x4A27, 0x734B, 0x734B, 0x9C6F, 0xBD73, 0xBD73, 0xBD74, 0xBD73, 0xA48F,
  0x940E, 0xBD53, 0xD616, 0xC5B4, 0xB512, 0xBD53, 0xD636, 0xD616, 0xBD53, 0xBD74, 0xD615, 0xA4B0, 0xB511, 0xCDF5, 0xA490, 0xBD53,
  0xBD74, 0x944F, 0xBD73, 0xACF2, 0x5ACA, 0x1061, 0x18C2, 0x18C2, 0x18A2, 0x18C2, 0x7B8D, 0x9450, 0x942F, 0xA4D1, 0x8BCD, 0xB532,
  0xB512, 0xACB1, 0xBD33, 0xCDF6, 0xACF1, 0x942E, 0xC5B5, 0xCDF6, 0xCDF6, 0xC5F6, 0xCDD5, 0xCE16, 0xACF1, 0xB553, 0xCE15, 0xC5D5,
  0xD657, 0xD616, 0xACB1, 0x9C2F, 0xC594, 0xD657, 0xCDF5, 0xCE16, 0xC5D5, 0xBD74, 0xC5B4, 0xCDD6, 0xCDF6, 0xBD32, 0x8BCD, 0xA46F,
  0xCDF5, 0xCDD5, 0xACD1, 0x836B, 0x940E, 0xC573, 0xC594, 0xBD73, 0xBD73, 0xB511, 0x942E, 0x62C9, 0x7B8C, 0xB511, 0xB4F1, 0x9C4F,
  0x6AEA, 0x4A27, 0x732B, 0x732B, 0x944F, 0xB553, 0xB553, 0xBD53, 0xBD53, 0xA46F, 0x93EE, 0xBD33, 0xCDD5, 0xC594, 0xACF1, 0xAD12,
  0xCDF5, 0xCDF5, 0xB512, 0xB533, 0xCDF5, 0xA48F, 0xACB0, 0xCDD5, 0xACD1, 0xBD73, 0xBD74, 0x942F, 0xBD73, 0xACF2, 0x62CA, 0x1061,
  0x18C2, 0x18C2, 0x18C2, 0x18C2, 0x7B8D, 0x942F, 0x942F, 0xACD1, 0x8BED, 0xB512, 0xBD33, 0xACB1, 0xBD53, 0xD616, 0xB512, 0x944F,
  0xCDD5, 0xCE16, 0xCE17, 0xCDF6, 0xCDF6, 0xCE16, 0xAD12, 0xBD73, 0xCE16, 0xC5B5, 0xD637, 0xD616, 0xACB1, 0x940E, 0xC594, 0xD636,
  0xCDF5, 0xCE16, 0xC5B4, 0xBD74, 0xC594, 0xCDD5, 0xCDD6, 0xB512, 0x8BCC, 0xA44F, 0xCDD5, 0xCDF5, 0xACF1, 0x836B, 0x940E, 0xC573,
  0xC594, 0xBD73, 0xBD53, 0xACF1, 0x8C0E, 0x6288, 0x7B6B, 0xB4F1, 0xB4D1, 0x9C4F, 0x62C9, 0x4A06, 0x6B0B, 0x732B, 0x942E, 0xB532,
  0xB533, 0xBD53, 0xBD33, 0x9C2F, 0x93EE, 0xB512, 0xCDF5, 0xC594, 0xACF1, 0xAD12, 0xCE16, 0xCE16, 0xB532, 0xB553, 0xCDF5, 0xA48F,
  0xA4B0, 0xC5B4, 0xACD1, 0xBD74, 0xBD74, 0x942E, 0xC573, 0xACF2, 0x5A89, 0x1081, 0x20E2, 0x18C2, 0x18C2, 0x18A2, 0x732C, 0x940F,
  0x9450, 0xA4B1, 0x93EE, 0xACD1, 0xBD53, 0xACD1, 0xBD53, 0xD636, 0xB533, 0x944F, 0xCDF6, 0xD658, 0xD678, 0xD678, 0xD657, 0xD617,
  0xB533, 0xBD74, 0xCE16, 0xC5B4, 0xD637, 0xCDF6, 0xA490, 0x940E, 0xC594, 0xD636, 0xCDF5, 0xCDF5, 0xC5D5, 0xBD94, 0xC594, 0xC5B5,
  0xCDD5, 0xB512, 0x8BCC, 0x9C4E, 0xCDB4, 0xCDD5, 0xACD1, 0x834B, 0x93ED, 0xC573, 0xC573, 0xBD53, 0xBD53, 0xACD1, 0x8BCD, 0x5A68,
  0x732B, 0xACD1, 0xACD1, 0x9C4F, 0x62A9, 0x41E6, 0x6B0B, 0x6B0A, 0x8C2E, 0xB532, 0xB532, 0xB533, 0xB512, 0x9C2F, 0x8BED, 0xB512,
  0xCDF5, 0xC5B5, 0xACF1, 0xB512, 0xD616, 0xD616, 0xB532, 0xBD53, 0xCDF5, 0xA46F, 0xACD1, 0xCDD5, 0xB4F2, 0xC594, 0xBD54, 0x9C2F,
  0xC573, 0xACD1, 0x5A69, 0x1081, 0x20E2, 0x20C2, 0x20C2, 0x18A1, 0x6B0B, 0x9430, 0x9C50, 0xA4B1, 0x940E, 0xACB1, 0xBD74, 0xACD1,
  0xBD73, 0xD616, 0xBD74, 0xA4B1, 0xBD94, 0xAD13, 0xA4F2, 0xAD33, 0xC5B6, 0xDE58, 0xBD54, 0xBD94, 0xD636, 0xC5B4, 0xD637, 0xD616,
  0xA490, 0x93EE, 0xC594, 0xCE16, 0xCDF5, 0xCDF5, 0xC5B5, 0xBD94, 0xBD94, 0xC595, 0xCDB5, 0xB512, 0x8BAC, 0x9C2E, 0xC594, 0xC5B5,
  0xACD1, 0x834B, 0x8BCD, 0xBD53, 0xC594, 0xBD73, 0xB553, 0xACD1, 0x8BCD, 0x5A68, 0x732B, 0xACB1, 0xACB0, 0x942E, 0x5A88, 0x41C6,
  0x6B0A, 0x6AEA, 0x8C0E, 0xB532, 0xB512, 0xB532, 0xB512, 0x9C2F, 0x83AC, 0xB512, 0xCDF6, 0xC5D5, 0xACF1, 0xB532, 0xD637, 0xD616,
  0xB533, 0xBD53, 0xCDF5, 0xA48F, 0xACD1, 0xCDD5, 0xB512, 0xC594, 0xBD74, 0xA490, 0xC574, 0xACD1, 0x5A89, 0x1081, 0x20E2, 0x18C2,
  0x20E2, 0x1081, 0x6AEB, 0x940F, 0x9C50, 0xA491, 0x9C2F, 0xA470, 0xC574, 0xACD1, 0xBD33, 0xD616, 0xC5B4, 0x62C9, 0x41E6, 0x3164,
  0x39C6, 0x41E7, 0x49E7, 0x7B4C, 0xACF2, 0xC5B5, 0xCE16, 0xC594, 0xD637, 0xD616, 0xA490, 0x93EE, 0xBD73, 0xD636, 0xCDF5, 0xCDF5,
  0xC5D5, 0xBD94, 0xBD74, 0xC574, 0xC595, 0xB4F2, 0x8BAC, 0x940E, 0xC574, 0xC594, 0xACD1, 0x834B, 0x8BAD, 0xB512, 0xBD73, 0xBD53,
  0xB532, 0xA4B0, 0x83AD, 0x5A68, 0x730B, 0xA491, 0xA490, 0x942E, 0x5A68, 0x41C5, 0x6AEA, 0x6AE9, 0x8BED, 0xAD12, 0xB532, 0xB532,
  0xB512, 0x9C0E, 0x838C, 0xACD1, 0xD616, 0xC5D5, 0xACF2, 0xB532, 0xD636, 0xD616, 0xB533, 0xBD53, 0xCE15, 0xA48F, 0xACD1, 0xCDD5,
  0xB512, 0xBD74, 0xBD53, 0xA490, 0xC594, 0xACD1, 0x5A69, 0x1881, 0x20E3, 0x20C2, 0x20C2, 0x1081, 0x62CA, 0x8C0E, 0x9C6F, 0xA490,
  0x9C4F, 0xA450, 0xC574, 0xACB1, 0xBD74, 0xC5B6, 0x62CA, 0x28E2, 0x3164, 0x5A89, 0x8C2F, 0x9C91, 0x7B8D, 0x5A68, 0x5227, 0x9C70,
  0xD637, 0xBD94, 0xD637, 0xCE16, 0xA490, 0x93ED, 0xBD73, 0xD636, 0xCDF5, 0xCDD5, 0xC5B5, 0xBD73, 0xBD74, 0xC594, 0xBD93, 0xACF1,
  0x83AC, 0x940E, 0xBD53, 0xC574, 0xACB1, 0x7B2B, 0x838C, 0xACD1, 0xB532, 0xBD33, 0xB532, 0xA490, 0x838C, 0x5A68, 0x6B0B, 0xA4B1,
  0xA48F, 0x940E, 0x5A88, 0x39A5, 0x62C9, 0x62E9, 0x8BEE, 0xAD12, 0xB532, 0xB532, 0xB512, 0x9C2E, 0x8BAD, 0xB4D1, 0xD636, 0xCDD5,
  0xAD12, 0xB532, 0xD636, 0xD616, 0xB533, 0xBD53, 0xD616, 0xA48F, 0xACD0, 0xC5B4, 0xB512, 0xBD53, 0xB553, 0xA490, 0xC594, 0xACB1,
  0x6289, 0x20E2, 0x2903, 0x20C2, 0x20E2, 0x1081, 0x5AA9, 0x8C0F, 0x9C90, 0xA490, 0xA470, 0xA450, 0xBD54, 0xACD2, 0xB513, 0x49E6,
  0x28E3, 0x5A68, 0x9450, 0xB574, 0xC5F6, 0xCE17, 0xCDD6, 0xBD74, 0x9C70, 0x7B8D, 0xC5B5, 0xC5D5, 0xD636, 0xCE16, 0xA490, 0x8BED,
  0xBD73, 0xD636, 0xCDF5, 0xC5D5, 0xC5B4, 0xBD73, 0xBD94, 0xC594, 0xBD73, 0xACF1, 0x83AC, 0x93EE, 0xBD53, 0xBD53, 0xA490, 0x730A,
  0x7B6B, 0xACD1, 0xB512, 0xACF2, 0xACB1, 0x9C6F, 0x7B6C, 0x5247, 0x6AEA, 0xA4B1, 0xA490, 0x8C0D, 0x5A88, 0x39A5, 0x5AA9, 0x62C9,
  0x8BED, 0xB512, 0xB533, 0xBD53, 0xB512, 0x9C2E, 0x93AD, 0xB4F2, 0xD616, 0xC5B5, 0xB512, 0xB532, 0xD636, 0xD616, 0xB532, 0xB553,
  0xCDF5, 0xA48F, 0xA4B0, 0xC594, 0xB512, 0xBD53, 0xB553, 0xACD1, 0xC573, 0xACB1, 0x6B0B, 0x3985, 0x3144, 0x20C2, 0x20E2, 0x1081,
  0x5268, 0x8C0E, 0x9CB0, 0x9C6F, 0xA470, 0x9C50, 0xBD74, 0xACF2, 0x5228, 0x20A2, 0x5A89, 0x9CB1, 0xBD95, 0xCDF6, 0xCE16, 0xD637,
  0xCE17, 0xC5B5, 0xBD54, 0x8BEE, 0x734C, 0xC5B5, 0xD657, 0xCE16, 0x9C6F, 0x8BCD, 0xBD73, 0xCE16, 0xCDF5, 0xC5B5, 0xC5B4, 0xBD73,
  0xBD73, 0xBD74, 0xBD73, 0xACF1, 0x838C, 0x93EE, 0xBD33, 0xBD33, 0xA470, 0x72EA, 0x7B2B, 0xA490, 0xACF1, 0xACF1, 0xACD1, 0xA46F,
  0x838C, 0x5227, 0x6AEA, 0xA4B1, 0xA490, 0x940E, 0x5A88, 0x39A5, 0x5AA9, 0x62C9, 0x8BCD, 0xB512, 0xB533, 0xBD33, 0xB512, 0x9C0E,
  0x836C, 0xACB1, 0xD616, 0xCDD5, 0xACF1, 0xB512, 0xD616, 0xCDF6, 0xB532, 0xB532, 0xCDD5, 0xA48F, 0xACB0, 0xC594, 0xB512, 0xBD74,
  0xB553, 0xACB1, 0xC573, 0xACD1, 0x83AE, 0x5A69, 0x3985, 0x20E3, 0x18C2, 0x1081, 0x4A48, 0x840E, 0x9CB0, 0x944E, 0xA4B0, 0x8BEE,
  0xC5D5, 0x7B6C, 0x20A2, 0x5228, 0x9450, 0xAD12, 0xBD94, 0xCDF6, 0xCE37, 0xD678, 0xDE58, 0xD637, 0xCDD6, 0xA4D2, 0x62A9, 0x734B,
  0xDE77, 0xD616, 0x9C70, 0x8BCD, 0xBD53, 0xCE16, 0xCDD5, 0xC5B5, 0xBD94, 0xBD53, 0xBD53, 0xBD53, 0xBD73, 0xACF1, 0x838B, 0x8BCD,
  0xB512, 0xB532, 0x9C6F, 0x72EA, 0x730A, 0xACF1, 0xBD53, 0xBD33, 0xB512, 0xA470, 0x838C, 0x5247, 0x6B0B, 0xA4B1, 0xA490, 0x940E,
  0x5268, 0x39A5, 0x5A89, 0x62A9, 0x83AD, 0xB512, 0xB532, 0xBD33, 0xBD32, 0x93EE, 0x836C, 0xACB1, 0xD636, 0xCDD5, 0xA4B1, 0xACF2,
  0xCDF6, 0xCDF6, 0xB532, 0xB532, 0xCDD5, 0xA46F, 0xACD1, 0xBD73, 0xB512, 0xC594, 0xB533, 0xACD1, 0xC574, 0xACB1, 0x9C70, 0x732C,
  0x41C6, 0x2903, 0x18C2, 0x1081, 0x4207, 0x83EE, 0x9CD0, 0x944F, 0xACF1, 0x8C0E, 0xAD12, 0x3143, 0x39A5, 0x734C, 0x9C70, 0xACF2,
  0xBD94, 0xCE16, 0xDE99, 0xE6FA, 0xDE78, 0xD617, 0xCE17, 0xB554, 0x83CD, 0x41A5, 0xBD94, 0xD636, 0x9C4F, 0x8BCD, 0xB532, 0xCDF5,
  0xC5D5, 0xC5B4, 0xBD94, 0xBD53, 0xBD53, 0xB553, 0xBD53, 0xACD1, 0x7B8B, 0x8BAD, 0xB4F2, 0xB512, 0xA470, 0x72EA, 0x730A, 0xACD1,
  0xBD53, 0xB4F2, 0xACD1, 0x9C6F, 0x7B6C, 0x5248, 0x6AEA, 0xA490, 0xA46F, 0x8C0D, 0x5247, 0x3985, 0x5A88, 0x6288, 0x83AD, 0xB512,
  0xB512, 0xBD33, 0xBD32, 0x93EE, 0x8B8C, 0xACD1, 0xD636, 0xCDD5, 0xACD1, 0xAD12, 0xD616, 0xD616, 0xB512, 0xB532, 0xCDD5, 0xA46F,
  0xACD0, 0xBD53, 0xB512, 0xC594, 0xB512, 0xACF1, 0xBD53, 0xA491, 0xA4B1, 0x83AD, 0x41E7, 0x2903, 0x20C2, 0x1081, 0x39C6, 0x7BCD,
  0x9CD0, 0x946F, 0xACF2, 0x9450, 0x6B0B, 0x20C2, 0x41E6, 0x6AEB, 0x83AE, 0xAD33, 0xC5D5, 0xCE17, 0xD678, 0xDEB9, 0xDEB9, 0xDE78,
  0xCE37, 0xCE37, 0xAD13, 0x4A27, 0x8C0E, 0xD637, 0x944F, 0x83AC, 0xB512, 0xCDF5, 0xC5B5, 0xC594, 0xBD94, 0xBD73, 0xB553, 0xB532,
  0xBD53, 0xACF1, 0x7B6B, 0x83AC, 0xB512, 0xB533, 0x9C70, 0x730A, 0x730A, 0xA490, 0xAD12, 0xACD1, 0xA4B1, 0x9C6F, 0x7B6C, 0x5227,
  0x62C9, 0x9C90, 0x9C6F, 0x8BED, 0x5247, 0x3184, 0x5288, 0x5A88, 0x838C, 0xB4F2, 0xB4F2, 0xBD12, 0xB512, 0x93CD, 0x836C, 0xACD1,
  0xCE16, 0xCDF5, 0xACD1, 0xAD12, 0xD616, 0xD616, 0xB512, 0xB532, 0xCDF5, 0x9C6F, 0xACD0, 0xBD53, 0xBD33, 0xC574, 0xACF2, 0xACD1,
  0xAD12, 0x9C70, 0xACF2, 0x83CE, 0x49E7, 0x2903, 0x20C2, 0x1882, 0x3165, 0x7B8C, 0x9CB0, 0x946F, 0xA4F2, 0x7BAD, 0x39A5, 0x3144,
  0x4A27, 0x4A07, 0x7B8D, 0xAD13, 0xC5F6, 0xD678, 0xE6DA, 0xEF1B, 0xE6FA, 0xE71A, 0xE6DA, 0xA4F2, 0x62EA, 0x39A5, 0x9470, 0xD678,
  0x944F, 0x83AD, 0xAD12, 0xCDF5, 0xC5B5, 0xC594, 0xBD74, 0xBD53, 0xB553, 0xB532, 0xB553, 0xACD1, 0x7B4B, 0x838C, 0xACF2, 0xB533,
  0x9C70, 0x6AEA, 0x730A, 0x9C70, 0xB512, 0xB512, 0xACD1, 0x9C6F, 0x7B6B, 0x5227, 0x62A9, 0x9C70, 0x944F, 0x8C0E, 0x5268, 0x3164,
  0x5268, 0x5A88, 0x838C, 0xB4F1, 0xB4D1, 0xB4F1, 0xACF1, 0x8BAD, 0x7B2B, 0xA4B0, 0xCE16, 0xCDF5, 0xACD1, 0xACF2, 0xD616, 0xD616,
  0xB512, 0xB532, 0xCDF5, 0x9C4E, 0xACB0, 0xBD53, 0xBD53, 0xBD33, 0xACF1, 0xACF2, 0xACF2, 0x9C70, 0xACF2, 0x8BEE, 0x4A07, 0x2924,
  0x20C2, 0x1882, 0x3144, 0x7BAD, 0x9CB0, 0x8C2F, 0x9C91, 0x5268, 0x2903, 0x3985, 0x39A5, 0x41E7, 0x9430, 0xAD13, 0xC5F6, 0x9C91,
  0x942F, 0xA4F2, 0xD678, 0xE6B9, 0xB554, 0x7BAD, 0x7B8D, 0x41C5, 0x5247, 0xB553, 0x9C90, 0x7B8C, 0xAD12, 0xCDD5, 0xC5B5, 0xC594,
  0xBD74, 0xBD53, 0xB553, 0xB532, 0xB532, 0xA4B1, 0x7B4B, 0x7B8C, 0xACD1, 0xB512, 0x9C4F, 0x6AEA, 0x6AEA, 0x9C6F, 0xB512, 0xB512,
  0xACF2, 0x9C6F, 0x734B, 0x5207, 0x62C9, 0x9C70, 0x9C6F, 0x8C0E, 0x5268, 0x3164, 0x4A47, 0x5A88, 0x83AC, 0xB4F2, 0xB4D1, 0xACD1,
  0xACF2, 0x8BCD, 0x732A, 0xA4B0, 0xCE16, 0xCDF5, 0xACF1, 0xACF2, 0xCE16, 0xD616, 0xB512, 0xB533, 0xCDF5, 0x9C4F, 0xA4B0, 0xBD53,
  0xBD73, 0xBD53, 0xACF1, 0xB4F2, 0xA4D1, 0xA491, 0xACF2, 0x8BEF, 0x4A07, 0x2924, 0x20C2, 0x1882, 0x2903, 0x736C, 0x9C91, 0x8C2F,
  0x83CE, 0x3144, 0x20C2, 0x41E7, 0x41E7, 0x734C, 0xA4D2, 0x8C2F, 0x6B2B, 0x62CA, 0x83CD, 0x734B, 0x9CB1, 0xE6DA, 0x7B8D, 0x8C0E,
  0x7BAD, 0x4A07, 0x5268, 0xBD94, 0x9C90, 0x7B6B, 0xAD12, 0xCDF5, 0xC5B5, 0xC5B4, 0xBD74, 0xBD53, 0xB533, 0xB532, 0xB532, 0xA490,
  0x732B, 0x7B4B, 0xA4D1, 0xB512, 0x942F, 0x6AEA, 0x6AEA, 0x9C4F, 0xB533, 0xB512, 0xACF2, 0x9C6F, 0x7B4B, 0x5207, 0x62A9, 0x9C70,
  0x9C6F, 0x8C0E, 0x5247, 0x3164, 0x4A47, 0x5A88, 0x83AC, 0xB4F2, 0xACD1, 0xACD1, 0xACF1, 0x8BCD, 0x734B, 0xA4B1, 0xCE16, 0xCDF5,
  0xACD1, 0xACF1, 0xCE16, 0xD616, 0xB512, 0xB532, 0xCDD5, 0x9C6F, 0xA4B0, 0xB512, 0xBD53, 0xBD53, 0xACF1, 0xB512, 0xA490, 0xA491,
  0xACF2, 0x8C0F, 0x5228, 0x2924, 0x20A2, 0x18A2, 0x20C3, 0x734C, 0x9C90, 0x9470, 0x6B2C, 0x20E3, 0x20A2, 0x5248, 0x39A5, 0x41E7,
  0x5268, 0x39C5, 0x39A5, 0x7BAD, 0x6B0B, 0x7BAD, 0xAD33, 0xE6DA, 0xAD13, 0x9470, 0x62CA, 0x41C5, 0xA4D1, 0xDE98, 0x946F, 0x7B6B,
  0xACF1, 0xCDD5, 0xCDD5, 0xC5B4, 0xBD73, 0xB553, 0xB532, 0xB512, 0xB512, 0xA490, 0x732B, 0x732A, 0xA4B1, 0xB512, 0x9C4F, 0x6ACA,
  0x6AEA, 0x9C70, 0xB533, 0xB512, 0xACF2, 0x9C4F, 0x7B4B, 0x4A06, 0x62A9, 0x9C70, 0x9C4F, 0x8C0E, 0x5268, 0x2944, 0x4A27, 0x5268,
  0x838C, 0xB4F1, 0xACB1, 0xACD1, 0xACD1, 0x8BCD, 0x7B4B, 0xA4D1, 0xCE16, 0xC5F5, 0xA4D1, 0xACF1, 0xD616, 0xD636, 0xAD12, 0xB512,
  0xCDF5, 0x9C6F, 0xA4B0, 0xACD1, 0xBD33, 0xBD53, 0xACD1, 0xB533, 0x9C90, 0x9C91, 0xACF2, 0x9450, 0x5248, 0x2924, 0x20A2, 0x18A3,
  0x20C3, 0x734C, 0x9C91, 0x9C91, 0x5AA9, 0x18A2, 0x3144, 0x6B0B, 0x4A07, 0x62EA, 0xA4D2, 0xC5D6, 0x83AD, 0x8BEE, 0x9450, 0x9C91,
  0xC5F6, 0xDEB9, 0xA4D2, 0x8C2F, 0xA4D1, 0x8C0F, 0x8C0E, 0xBDB5, 0x9C90, 0x734B, 0xA4D1, 0xC5B5, 0xC5B5, 0xC594, 0xBD73, 0xB553,
  0xB532, 0xB512, 0xB512, 0xA490, 0x732B, 0x730A, 0xACB1, 0xB512, 0x9C70, 0x6AEA, 0x62C9, 0x9C4F, 0xB512, 0xB512, 0xACF2, 0x944F,
  0x732A, 0x4A06, 0x5AA9, 0x9C6F, 0x944F, 0x8C0E, 0x5268, 0x3144, 0x4A07, 0x5268, 0x838C, 0xACD1, 0xACD1, 0xACD1, 0xACD1, 0x8BCD,
  0x734B, 0xA4D1, 0xCE16, 0xCDF5, 0xA4D1, 0xACF1, 0xD616, 0xD636, 0xAD12, 0xAD12, 0xCDF5, 0xA46F, 0xA490, 0xACF1, 0xBD33, 0xBD33,
  0xACD1, 0xB533, 0x9C70, 0xA4B1, 0xACF3, 0x9C70, 0x5268, 0x3144, 0x20C2, 0x18C3, 0x1882, 0x62EA, 0x9C90, 0xA4D1, 0x5AA9, 0x18A1,
  0x736C, 0xC5D6, 0x8C0F, 0x62EA, 0xA4D2, 0xC5D6, 0xC5B5, 0xBD74, 0xCDD6, 0xDE78, 0xCE16, 0xD658, 0xB554, 0x944F, 0xBDB5, 0xD658,
  0x8C2F, 0xB533, 0x9CB0, 0x734B, 0xA4D1, 0xC5B5, 0xC594, 0xBD73, 0xBD53, 0xB553, 0xB532, 0xB512, 0xACF1, 0xA470, 0x7B2A, 0x730A,
  0xA470, 0xACD1, 0x9C70, 0x6AEA, 0x62C9, 0x944F, 0xB512, 0xB512, 0xACD1, 0x944F, 0x6B2A, 0x4206, 0x5AA9, 0x944F, 0x944E, 0x8BEE,
  0x5248, 0x3144, 0x4A07, 0x5268, 0x838C, 0xACD1, 0xACF2, 0xACF1, 0xACD1, 0x8BCD, 0x7B4B, 0xA4D1, 0xCDF6, 0xCDF5, 0xA4D1, 0xACF1,
  0xCE16, 0xD636, 0xACF2, 0xACF2, 0xCDF5, 0xA46F, 0xA490, 0xB4F1, 0xBD33, 0xBD33, 0xA4B1, 0xBD53, 0x9C4F, 0xACD2, 0xAD13, 0x9C90,
  0x5A88, 0x3144, 0x20C2, 0x18C2, 0x1861, 0x5A89, 0x944F, 0xA4F2, 0x83CE, 0x2103, 0x83CE, 0xC5F6, 0x7BAD, 0x5247, 0x8BEE, 0xB554,
  0xDE78, 0xE699, 0xE6DA, 0xE6BA, 0xACF2, 0xD658, 0xD657, 0xA4F2, 0xD658, 0xC5F6, 0x83EE, 0xA4F2, 0x9C90, 0x732A, 0xA4B0, 0xC5B4,
  0xBD94, 0xB553, 0xB553, 0xB532, 0xAD12, 0xACF1, 0xACD1, 0xA490, 0x7B2B, 0x7B6C, 0xACF2, 0xB533, 0x942F, 0x6AEA, 0x62C9, 0x942F,
  0xB512, 0xB512, 0xACD1, 0x942F, 0x6B0A, 0x4206, 0x5A88, 0x944F, 0x942E, 0x83CD, 0x5228, 0x3124, 0x4A07, 0x5268, 0x836C, 0xA4B1,
  0xACF2, 0xACF1, 0xACD1, 0x8BEE, 0x7B8C, 0xACF1, 0xC5D5, 0xCDD5, 0xACF1, 0xA4D1, 0xCDF6, 0xD636, 0xACF1, 0xAD12, 0xCDF5, 0xA48F,
  0xA490, 0xACD1, 0xB512, 0xBD33, 0xA490, 0xBD53, 0x942F, 0xAD12, 0xB533, 0x9C90, 0x5A88, 0x3144, 0x20C2, 0x18A2, 0x1881, 0x5248,
  0x8C0F, 0xA4F2, 0x9471, 0x41C6, 0x3164, 0xC5D6, 0x944F, 0x49E6, 0x732B, 0xACF3, 0xC5D6, 0xE699, 0xEF1B, 0xCDF7, 0x9C70, 0x9C70,
  0x9C70, 0x942F, 0xDE99, 0xB574, 0x83CD, 0xA4D1, 0x9C70, 0x734B, 0x9C90, 0xBD94, 0xBD74, 0xB553, 0xB532, 0xAD12, 0xB512, 0xACF1,
  0xACD1, 0xA470, 0x940E, 0xA490, 0xBD74, 0xDE98, 0x944F, 0x62C9, 0x62C9, 0x942F, 0xB4F2, 0xB4F2, 0xACF2, 0x944F, 0x6B0A, 0x41E6,
  0x5288, 0x944F, 0x942E, 0x83CD, 0x5227, 0x2924, 0x4207, 0x5247, 0x7B6C, 0xA490, 0xA4B1, 0xACD1, 0xACD1, 0x8BCD, 0x7B6C, 0xACF1,
  0xCDD5, 0xCDF5, 0xACD1, 0xA4D1, 0xCDF6, 0xD636, 0xACF1, 0xAD12, 0xCDF5, 0xA46F, 0xA48F, 0xACD1, 0xB512, 0xB512, 0xA4B0, 0xBD52,
  0x940E, 0xAD12, 0xB533, 0xA4B0, 0x5AA8, 0x3164, 0x20C2, 0x20C2, 0x1061, 0x4A07, 0x83CE, 0xA4F2, 0x83CE, 0x41E7, 0x1060, 0x734C,
  0xA4D1, 0x4A06, 0x5A68, 0xA4B2, 0xB554, 0xC5D6, 0xE699, 0xC5B5, 0xACF2, 0xBD74, 0xB533, 0x83CD, 0xB533, 0xB553, 0x83EE, 0xAD12,
  0xA4B0, 0x734B, 0x9C6F, 0xBD74, 0xBD73, 0xB532, 0xAD12, 0xAD12, 0xAD12, 0xACF1, 0xACD1, 0x9C4F, 0xA470, 0xB533, 0xDE98, 0xCE16,
  0x942F, 0x62E9, 0x62C9, 0x940E, 0xB4F2, 0xB4F2, 0xACF2, 0x942F, 0x6AEA, 0x41E6, 0x5288, 0x946F, 0x8C0E, 0x83AD, 0x4A27, 0x2924,
  0x41E6, 0x5247, 0x7B6C, 0xA490, 0xA470, 0xA490, 0xA4B0, 0x8BCD, 0x732B, 0x9C90, 0xCDF5, 0xCDD5, 0xACD1, 0xA4D1, 0xCDF5, 0xD636,
  0xACF1, 0xAD12, 0xCDF5, 0xA46F, 0xA46F, 0xACB0, 0xB512, 0xBD33, 0xACD1, 0xB532, 0x8BEE, 0xAD12, 0xB533, 0x9CB0, 0x62C9, 0x3164,
  0x20C2, 0x18C2, 0x1081, 0x4A07, 0x83CE, 0xB554, 0x62CA, 0x2944, 0x18A2, 0x2944, 0xB574, 0x7B8C, 0x41E6, 0x942F, 0xB553, 0xB554,
  0xCDF6, 0xA4B1, 0xA4B1, 0x9C90, 0x83CE, 0x83AD, 0x8BEE, 0x9C90, 0x83CD, 0x8C2F, 0x946F, 0x83AD, 0xA4B1, 0xBD74, 0xB553, 0xAD12,
  0xACF2, 0xACF1, 0xACF1, 0xACD1, 0xACD1, 0x9C6F, 0x7B6C, 0xACF2, 0xEF1A, 0xAD12, 0x83CD, 0x6B0A, 0x62C9, 0x940E, 0xACD1, 0xACD1,
  0xA4D1, 0x8C0E, 0x6B0A, 0x4206, 0x5A88, 0x944F, 0x8C0E, 0x83AD, 0x4A27, 0x2924, 0x41E6, 0x5247, 0x7B6C, 0xA490, 0x9C70, 0x9C6F,
  0xA4B0, 0x8BCD, 0x732B, 0x9C90, 0xCDF6, 0xCDD5, 0xACF1, 0xA4D1, 0xC5F5, 0xCE16, 0xACD1, 0xB4F2, 0xCDF5, 0xA470, 0xA470, 0xACD1,
  0xACD1, 0xBD32, 0xACB1, 0xB512, 0x8BCD, 0xACF2, 0xB512, 0xA4D1, 0x62EA, 0x3164, 0x18C2, 0x18C2, 0x1061, 0x4A07, 0x83CE, 0x6B0B,
  0x3124, 0x3985, 0x5AAA, 0x18A2, 0x7B8D, 0x83EE, 0x3164, 0x736B, 0xAD12, 0xAD33, 0xAD32, 0x83CD, 0x8C2F, 0x9CB1, 0x9CB1, 0x734C,
  0x736C, 0x9C90, 0x6B0A, 0x20C1, 0x3984, 0x4A06, 0x7B8D, 0xA4D2, 0xAD33, 0xB553, 0xB532, 0xA4F1, 0xA4D1, 0xA4D1, 0xACD1, 0x8BCE,
  0x730B, 0xACF2, 0xAD12, 0x62C9, 0x83CD, 0x734B, 0x62C9, 0x8BEE, 0xACD1, 0xACB1, 0xA4B0, 0x8BED, 0x6AEA, 0x41E6, 0x5A88, 0x944F,
  0x940E, 0x83AD, 0x4A27, 0x2924, 0x41C6, 0x4A27, 0x7B4B, 0xA490, 0x9C70, 0x9C70, 0xA4B0, 0x83CD, 0x732A, 0x9C90, 0xCDF6, 0xCDF5,
  0xACF2, 0xA4B0, 0xC5D5, 0xCE16, 0xACD1, 0xACF1, 0xCDD5, 0x9C4F, 0x9C4F, 0xB512, 0xACD1, 0xB532, 0xACB1, 0xB512, 0x83AD, 0xB512,
  0xAD12, 0x9CB1, 0x6B0B, 0x3985, 0x18C2, 0x18A2, 0x18A2, 0x2904, 0x3144, 0x18A2, 0x2903, 0x3165, 0x3986, 0x20E3, 0x18C2, 0x6B2B,
  0x41C6, 0x5247, 0x944F, 0xA4D1, 0xA4F1, 0x8C0E, 0x8C2F, 0xC5D5, 0xBDB5, 0x734C, 0x7B8C, 0x9C91, 0x4A08, 0x28E3, 0x2924, 0x2903,
  0x20E3, 0x3144, 0x41E6, 0x6B2B, 0x9470, 0xAD12, 0xAD12, 0xA4B1, 0x9C90, 0x7B6C, 0x734B, 0xCDF6, 0x9C70, 0x5247, 0x8C0E, 0x6B2A,
  0x62A9, 0x8BED, 0xACB1, 0xA4B1, 0x9C90, 0x8BED, 0x62C9, 0x41C5, 0x5268, 0x946F, 0x8C0E, 0x83AD, 0x4A27, 0x2923, 0x39C6, 0x4A27,
  0x7B4B, 0xA490, 0x9C6F, 0x9C4F, 0xACD1, 0x8BCD, 0x732A, 0x9C6F, 0xCDF6, 0xCDF5, 0xACF2, 0xA4B0, 0xC5D5, 0xCE16, 0xACD1, 0xACF1,
  0xCDB5, 0x9C2F, 0x940E, 0xB512, 0xACD1, 0xBD33, 0xA491, 0xACF2, 0x8BCE, 0xAD12, 0xAD12, 0xA4D2, 0x734C, 0x3985, 0x20E3, 0x20E3,
  0x2103, 0x20E3, 0x20E3, 0x2924, 0x2903, 0x20E3, 0x20C3, 0x2903, 0x18A2, 0x5289, 0x734C, 0x3163, 0x7B8C, 0x83CD, 0x9CB0, 0xAD32,
  0x9CB1, 0x944F, 0x83CD, 0x7BAD, 0x8C2F, 0x734C, 0x3145, 0x2904, 0x2924, 0x3145, 0x3145, 0x2924, 0x2903, 0x20E2, 0x2903, 0x4A27,
  0x7BAE, 0x8C2F, 0x732B, 0x6AEA, 0x83AC, 0xD616, 0xB532, 0x6B0A, 0x83CD, 0x6B0A, 0x62A9, 0x8BCD, 0xACB1, 0xA490, 0x9C90, 0x83CD,
  0x62A9, 0x39C5, 0x5268, 0x944F, 0x8BED, 0x83AD, 0x4A27, 0x2923, 0x39C6, 0x4A06, 0x732B, 0xA490, 0x9C6F, 0x9C6F, 0xA4D1, 0x83AC,
  0x732B, 0x9C6F, 0xCDF5, 0xCDD5, 0xACF1, 0xA4B0, 0xCDF5, 0xD636, 0xACF1, 0xACF1, 0xCDD5, 0x942F, 0x8BCD, 0xB4F2, 0xACB1, 0xB533,
  0x9C70, 0xACD1, 0x8C0E, 0xB533, 0xA4D1, 0x7B8C, 0x3985, 0x20C2, 0x20E3, 0x20E4, 0x20E3, 0x2103, 0x2104, 0x2104, 0x2103, 0x20E3,
  0x20E3, 0x20E3, 0x20E3, 0x20E2, 0x734C, 0x4A06, 0x5A88, 0x734B, 0x7BAD, 0xAD33, 0xC5F6, 0xC5F6, 0xBDB5, 0xAD13, 0x944F, 0x4A07,
  0x28E3, 0x2924, 0x2924, 0x3124, 0x3145, 0x2945, 0x2944, 0x3144, 0x2903, 0x18A2, 0x18C2, 0x3144, 0x2903, 0x41C5, 0x7B8C, 0xDE57,
  0xBD74, 0x736B, 0x7B8C, 0x62E9, 0x62A9, 0x83AD, 0xA490, 0xA490, 0x9C70, 0x83CC, 0x5AA8, 0x39A5, 0x5268, 0x8C2E, 0x8BCD, 0x83AD,
  0x4A27, 0x2923, 0x39A5, 0x4A06, 0x6B0A, 0x9C90, 0x9C70, 0x9C8F, 0xA4B0, 0x7B8C, 0x6B0A, 0x9C6F, 0xCDF5, 0xCDD5, 0xACD1, 0xA4B0,
  0xCE16, 0xD636, 0xACD1, 0xACD1, 0xCDB5, 0x9C0E, 0x8BCD, 0xACF1, 0xA490, 0xB512, 0x9C50, 0xA4B1, 0x9C70, 0x9C70, 0x3144, 0x20C2,
  0x20C2, 0x20E3, 0x20E3, 0x20E4, 0x20E3, 0x20E3, 0x2103, 0x2103, 0x2103, 0x20E3, 0x2103, 0x2903, 0x2923, 0x18A1, 0x62CA, 0x942F,
  0x41C5, 0x6B0A, 0x62C9, 0x942F, 0xB574, 0xC5F6, 0xBDB5, 0x9C90, 0x5A88, 0x2903, 0x2903, 0x2903, 0x2903, 0x2924, 0x2944, 0x2925,
  0x2924, 0x2924, 0x2923, 0x2103, 0x20E3, 0x20C2, 0x1881, 0x41E6, 0x734B, 0xE6B8, 0xBD94, 0x62A9, 0x736C, 0x62E9, 0x5267, 0x7B8C,
  0xA490, 0xA470, 0x9C6F, 0x83AC, 0x5A88, 0x39A5, 0x5247, 0x83ED, 0x83CD, 0x83AD, 0x4A27, 0x2923, 0x39A5, 0x4206, 0x6AEA, 0x9C90,
  0x944F, 0x946F, 0x946F, 0x734B, 0x6AE9, 0x944F, 0xCDF5, 0xCDD5, 0xA4B1, 0x9C90, 0xCDF5, 0xD636, 0xACD1, 0xACD1, 0xC594, 0x9C0E,
  0x93EE, 0xB4F1, 0xA490, 0xBD33, 0xA490, 0x9C70, 0x9C91, 0x62EA, 0x18C2, 0x2944, 0x2903, 0x20E3, 0x20E3, 0x20E3, 0x20E3, 0x20E3,
  0x20E3, 0x20E3, 0x20E3, 0x20E3, 0x2903, 0x2924, 0x2924, 0x2903, 0x41C6, 0xCE37, 0x8C2F, 0x5A88, 0x6AE9, 0x6B0A, 0x7B8C, 0x83CD,
  0x6B2B, 0x738C, 0x41E6, 0x20C2, 0x2903, 0x20E3, 0x2103, 0x2924, 0x2924, 0x2924, 0x2924, 0x2924, 0x2904, 0x2103, 0x2103, 0x20E3,
  0x18A2, 0x5248, 0x7B6D, 0xD658, 0x9CB1, 0x62CA, 0x83CE, 0x5AA9, 0x5247, 0x7B6B, 0xA470, 0xA470, 0x9C4F, 0x838D, 0x5A89, 0x3184,
  0x4A47, 0x83CD, 0x83AD, 0x7BAC, 0x4A27, 0x2903, 0x3185, 0x4206, 0x6AEA, 0x9C70, 0x9C2F, 0x944F, 0x944F, 0x734A, 0x6AE9, 0x942F,
  0xCDD5, 0xC5D5, 0xA4B1, 0x9C6F, 0xCDD5, 0xD636, 0xACD1, 0xACD1, 0xC574, 0x9C0E, 0x93EE, 0xACD1, 0xA490, 0xBD33, 0xA490, 0x9C91,
  0x9470, 0x39C6, 0x20E2, 0x2904, 0x2903, 0x2903, 0x2903, 0x2903, 0x20E3, 0x20E3, 0x20E3, 0x20E3, 0x20E3, 0x20E3, 0x2903, 0x2944,
  0x3144, 0x2944, 0x2903, 0x9C91, 0xF77C, 0xAD12, 0x7B6B, 0x83AC, 0x83AD, 0x734B, 0x6B2B, 0xBDB5, 0x41E6, 0x20C2, 0x2904, 0x2904,
  0x2904, 0x2904, 0x2924, 0x2924, 0x2924, 0x2924, 0x2904, 0x2103, 0x2103, 0x20E3, 0x18A2, 0x5269, 0x736C, 0x8C2F, 0x62CA, 0x6B2B,
  0x7BAD, 0x5A89, 0x5227, 0x734B, 0x9C4F, 0xA470, 0x9C2F, 0x7B8C, 0x5268, 0x3184, 0x4A47, 0x7BAD, 0x83AC, 0x7B8C, 0x4A27, 0x2103,
  0x3164, 0x39E6, 0x6AEA, 0x944F, 0x940F, 0x944F, 0x944F, 0x734A, 0x6AE9, 0x944F, 0xCDD5, 0xC5D5, 0xA4B1, 0x9C6F, 0xC5B4, 0xD616,
  0xACD1, 0xACB1, 0xC594, 0x9C0E, 0x8BCD, 0xB4F2, 0x9C6F, 0xB4F2, 0x9C50, 0x9C50, 0x6AEB, 0x2924, 0x2103, 0x2903, 0x2103, 0x2103,
  0x2904, 0x2904, 0x2903, 0x20E3, 0x20E3, 0x20E3, 0x20E3, 0x2904, 0x2924, 0x2944, 0x2944, 0x3144, 0x2924, 0x5A89, 0xEF1A, 0xEF3A,
  0xD636, 0xA4D1, 0x7B6C, 0x7B8C, 0xCE37, 0xC616, 0x3184, 0x2924, 0x2924, 0x2924, 0x2924, 0x2904, 0x2924, 0x2924, 0x2924, 0x2904,
  0x2103, 0x2103, 0x2103, 0x20E3, 0x18A2, 0x5269, 0x734C, 0x6B0B, 0x5AA9, 0x734C, 0x734C, 0x5268, 0x4A26, 0x732A, 0x9C4F, 0x9C4F,
  0x9C2F, 0x7B8C, 0x5248, 0x3164, 0x4A27, 0x7B8C, 0x7BAC, 0x7B8C, 0x4A27, 0x2103, 0x3185, 0x41E6, 0x6AEA, 0x942F, 0x940F, 0x944F,
  0x944F, 0x732A, 0x6AE9, 0x942E, 0xC5B5, 0xC5B4, 0xA4B0, 0x9C6F, 0xC5B4, 0xD616, 0xACD1, 0xACB1, 0xCD94, 0x940E, 0x8BAD, 0xB4F2,
  0x9C4F, 0xB512, 0x9C71, 0x7B6D, 0x28E3, 0x2103, 0x2103, 0x2903, 0x2903, 0x20E3, 0x2924, 0x2904, 0x2903, 0x2903, 0x20E3, 0x20E3,
  0x20E3, 0x2924, 0x2944, 0x2924, 0x2944, 0x3144, 0x3164, 0x41C5, 0xCE37, 0xEF1A, 0xF73A, 0xEF1A, 0xC5D5, 0xD657, 0xF77C, 0xB554,
  0x39A5, 0x3165, 0x2944, 0x2924, 0x2924, 0x2924, 0x2924, 0x2924, 0x2924, 0x2103, 0x2103, 0x20E3, 0x20E3, 0x20C2, 0x18A2, 0x4A07,
  0x9470, 0x736C, 0x5A89, 0x6AEA, 0x62EA, 0x5268, 0x4A27, 0x732B, 0x9C4F, 0xA44F, 0x9C4F, 0x7B8C, 0x5248, 0x3184, 0x4206, 0x7B8C,
  0x7B8C, 0x7B8C, 0x4A07, 0x20E3, 0x3185, 0x41E6, 0x62EA, 0x940F, 0x942F, 0x942F, 0x944F, 0x6B2A, 0x62E9, 0x8C0E, 0xC5B5, 0xC594,
  0xA4B0, 0x9C6F, 0xC5B4, 0xD616, 0xACB0, 0xACD1, 0xC594, 0x9C0E, 0x836C, 0xACD1, 0x9C4F, 0xB4F2, 0x9C71, 0x6289, 0x20A2, 0x20E3,
  0x2103, 0x2903, 0x2904, 0x20E3, 0x2924, 0x2924, 0x2903, 0x2904, 0x20E3, 0x20E3, 0x20E3, 0x2903, 0x2924, 0x2924, 0x2944, 0x3144,
  0x3165, 0x3164, 0xB573, 0xF75B, 0xE6D9, 0xE698, 0xE6D9, 0xC5F5, 0xE6FA, 0xA4F2, 0x3144, 0x3986, 0x3145, 0x2924, 0x2924, 0x2904,
  0x2904, 0x2904, 0x2904, 0x2103, 0x2103, 0x2103, 0x20E3, 0x18A2, 0x1881, 0x20E2, 0x7BAD, 0x83CE, 0x5A88, 0x41E6, 0x83CE, 0x5A89,
  0x41C5, 0x732A, 0x9C4F, 0xA470, 0x9C4F, 0x7B6C, 0x5248, 0x3184, 0x4A47, 0x7BAC, 0x7B8C, 0x738C, 0x4A27, 0x2103, 0x3185, 0x39E6,
  0x62C9, 0x940F, 0x942F, 0x942F, 0x944F, 0x734A, 0x62C9, 0x8C0E, 0xCDD5, 0xC5B4, 0xA490, 0x9C6F, 0xC594, 0xCDF5, 0xA4B0, 0xACD1,
  0xC574, 0x9C0E, 0x8BAC, 0xACD1, 0x9C2F, 0xACF2, 0x9450, 0x4A07, 0x18C2, 0x20E3, 0x2103, 0x2904, 0x2904, 0x20E3, 0x2904, 0x2924,
  0x2103, 0x2103, 0x20E3, 0x20E3, 0x2103, 0x2103, 0x2923, 0x2944, 0x2944, 0x3144, 0x3985, 0x3144, 0x8C0F, 0xF73B, 0xEF1A, 0xCDD4,
  0xBD73, 0xACD1, 0xB553, 0x942F, 0x2903, 0x3185, 0x2945, 0x2924, 0x2924, 0x2904, 0x2904, 0x2103, 0x2103, 0x20E3, 0x20E3, 0x20E3,
  0x18C3, 0x18A2, 0x18A2, 0x1081, 0x2904, 0x41E7, 0x62EA, 0x4A27, 0xAD33, 0x7BAC, 0x62A8, 0x734B, 0x9C70, 0x9C70, 0x942F, 0x7B6C,
  0x5247, 0x3184, 0x4A47, 0x83CD, 0x736C, 0x736B, 0x4A27, 0x20E3, 0x3185, 0x39C6, 0x62A9, 0x8C2E, 0x8C2E, 0x942F, 0x944F, 0x734B,
  0x62C9, 0x83EE, 0xC5B4, 0xC5B4, 0xA4B0, 0x9C4F, 0xC594, 0xCDF5, 0xA490, 0xA4B0, 0xC573, 0x9C2E, 0x8BCC, 0xACD1, 0x940E, 0xACF2,
  0x83EE, 0x3165, 0x20C2, 0x20E3, 0x20E3, 0x2904, 0x2924, 0x20E3, 0x20E3, 0x2904, 0x2103, 0x20E3, 0x20E3, 0x2103, 0x2103, 0x2103,
  0x2923, 0x2944, 0x2944, 0x3144, 0x3965, 0x3144, 0x62CA, 0xEEFA, 0xEF1A, 0xDE77, 0xBD73, 0xACF2, 0x83AD, 0x7B6C, 0x28E3, 0x3145,
  0x2924, 0x2924, 0x2904, 0x2103, 0x2103, 0x2103, 0x20E3, 0x20E3, 0x20E3, 0x20E3, 0x18A2, 0x18A2, 0x18A2, 0x1061, 0x0841, 0x2103,
  0x41E6, 0x5AC9, 0x736C, 0x4A26, 0x62E9, 0x62A8, 0x8BEE, 0x9C70, 0x942E, 0x734C, 0x5227, 0x3164, 0x4A47, 0x83CE, 0x734B, 0x736B,
  0x5248, 0x20E3, 0x3185, 0x39C6, 0x5AA8, 0x8C2E, 0x8C2E, 0x942F, 0x942F, 0x734B, 0x62C9, 0x83ED, 0xC5B4, 0xC5D5, 0xACD1, 0x9C6F,
  0xC594, 0xCDF5, 0xA490, 0xA490, 0xC594, 0x9C2E, 0x8BCD, 0xACD1, 0x942E, 0xACD1, 0x6B0B, 0x2903, 0x20E2, 0x20E3, 0x2103, 0x2924,
  0x2904, 0x20E3, 0x20C2, 0x20E3, 0x20E3, 0x20C3, 0x20E3, 0x2103, 0x2103, 0x2103, 0x2923, 0x2944, 0x2944, 0x3144, 0x3165, 0x3965,
  0x41A6, 0xD637, 0xE6B8, 0xCDF5, 0xBD73, 0x8BEE, 0x9450, 0x5A89, 0x20E3, 0x2944, 0x2924, 0x2924, 0x2904, 0x2103, 0x2103, 0x2103,
  0x20E3, 0x20E3, 0x20E3, 0x20C3, 0x18A2, 0x18A2, 0x18A2, 0x1882, 0x1061, 0x18C2, 0x3144, 0x5A89, 0x6B2B, 0x4A27, 0x4A26, 0x4A06,
  0x5247, 0x9C70, 0x944F, 0x734B, 0x5227, 0x3143, 0x4A47, 0x83CE, 0x734B, 0x734B, 0x4A48, 0x20E3, 0x3165, 0x39C6, 0x5AA8, 0x8C0E,
  0x8C2E, 0x8C2E, 0x8C2E, 0x732B, 0x62E9, 0x83ED, 0xC5B5, 0xCDD5, 0xACF2, 0x9C6F, 0xC594, 0xCDF5, 0xA490, 0xA4B0, 0xC594, 0x9C2E,
  0x93ED, 0xA4B0, 0x942F, 0xA4B0, 0x5248, 0x20C2, 0x20E3, 0x20E3, 0x2103, 0x20E3, 0x20E3, 0x20E3, 0x20C2, 0x20E3, 0x20E3, 0x20C3,
  0x20E3, 0x20E3, 0x20E3, 0x2103, 0x2103, 0x2923, 0x2924, 0x3144, 0x3144, 0x3965, 0x3124, 0xA4D2, 0xDE57, 0xDE57, 0xACF2, 0xB554,
  0xBDB5, 0x41E6, 0x2924, 0x2924, 0x2924, 0x2904, 0x2104, 0x2103, 0x2103, 0x2103, 0x20E3, 0x20C3, 0x20C3, 0x18C2, 0x18A2, 0x18A2,
  0x18C2, 0x18A2, 0x1882, 0x18A2, 0x39A6, 0x5AAA, 0x736C, 0x41C6, 0x41C5, 0x736B, 0x5268, 0x734B, 0x946F, 0x734B, 0x4A27, 0x3164,
  0x4206, 0x83AD, 0x734B, 0x734B, 0x4A27, 0x20E3, 0x3165, 0x39C6, 0x5A88, 0x8BEE, 0x8C2E, 0x8C2E, 0x8C0E, 0x6B2A, 0x62C9, 0x83CD,
  0xC5B5, 0xCDD5, 0xACF1, 0x9C4F, 0xC594, 0xCDF5, 0xA490, 0xA490, 0xC573, 0x93ED, 0x93ED, 0xA46F, 0x9C2F, 0x942F, 0x39A5, 0x20C2,
  0x20E3, 0x20E3, 0x20E3, 0x20E3, 0x20E3, 0x20E3, 0x20C2, 0x20E3, 0x20E3, 0x20C3, 0x20E3, 0x20E3, 0x20E3, 0x20E3, 0x2103, 0x2103,
  0x2903, 0x2924, 0x3144, 0x3165, 0x28E3, 0x7B6D, 0xD657, 0xC5D5, 0x9C90, 0xBD95, 0x83CE, 0x3165, 0x2924, 0x2924, 0x2924, 0x2904,
  0x2103, 0x20E3, 0x20E3, 0x20E3, 0x20E3, 0x20E3, 0x20C3, 0x18C2, 0x1882, 0x18A2, 0x18A2, 0x1882, 0x18A2, 0x1061, 0x4A07, 0x41E7,
  0x20E2, 0x39A5, 0x41E6, 0x6B2A, 0x736C, 0x5267, 0x946F, 0x732B, 0x4A27, 0x2943, 0x4206, 0x7B8D, 0x734B, 0x6B2A, 0x41E6, 0x20E3,
  0x3165, 0x39A5, 0x5A68, 0x83ED, 0x8C2E, 0x8C2E, 0x8C0E, 0x734B, 0x62C9, 0x83CD, 0xC5B4, 0xCDD5, 0xA4B0, 0x942E, 0xC594, 0xCDF5,
  0x9C4F, 0xA490, 0xC573, 0x8BCD, 0x93EE, 0x9C4F, 0x9C4F, 0x83CD, 0x2903, 0x20C2, 0x20E3, 0x20E2, 0x20E2, 0x20E3, 0x20E3, 0x20E3,
  0x18C2, 0x20C3, 0x20E3, 0x20E3, 0x20C3, 0x20E3, 0x20E3, 0x20E3, 0x20E3, 0x20E3, 0x2903, 0x2904, 0x2924, 0x2924, 0x20E3, 0x5AA9,
  0xD678, 0xA4F2, 0x6B2B, 0xC5D6, 0x734C, 0x2924, 0x2924, 0x2924, 0x2924, 0x2103, 0x20E3, 0x20E3, 0x20E3, 0x20C3, 0x20C3, 0x20C3,
  0x18C3, 0x18A2, 0x1882, 0x1882, 0x1882, 0x1882, 0x1882, 0x1061, 0x3165, 0x39A6, 0x1040, 0x2944, 0x4A06, 0x62EA, 0x83EE, 0x4A06,
  0x8C0E, 0x734C, 0x4A27, 0x3144, 0x41E6, 0x736C, 0x734B, 0x6B2B, 0x4A07, 0x20E3, 0x3165, 0x39A5, 0x5268, 0x83CD, 0x8C2E, 0x8C2E,
  0x8C2E, 0x734B, 0x62A8, 0x83CD, 0xC5B4, 0xC5B4, 0xA490, 0x940E, 0xC573, 0xCDD5, 0x9C4F, 0xA490, 0xC594, 0x8BED, 0xA44F, 0x9C2F,
  0x9C6F, 0x734C, 0x20E2, 0x18C2, 0x20E3, 0x20E3, 0x20E2, 0x20E3, 0x20E3, 0x20E3, 0x18A2, 0x18A2, 0x20C3, 0x20E3, 0x18C2, 0x20E3,
  0x20E3, 0x20E3, 0x20E3, 0x20E3, 0x20E3, 0x2103, 0x2904, 0x2923, 0x2903, 0x39C6, 0xCE37, 0x9490, 0x3985, 0x9CD2, 0x83EE, 0x18A2,
  0x2924, 0x2924, 0x2104, 0x2103, 0x20E3, 0x20E3, 0x20C3, 0x20C3, 0x18C3, 0x18C3, 0x18A3, 0x18A2, 0x1882, 0x1882, 0x1882, 0x1882,
  0x1882, 0x1882, 0x20E3, 0x3165, 0x2924, 0x2924, 0x4A07, 0x62C9, 0x8C2F, 0x5268, 0x7B8C, 0x7B8D, 0x5248, 0x3144, 0x41C6, 0x734B,
  0x6B4A, 0x6B0A, 0x4A07, 0x20C2, 0x3144, 0x3985, 0x5248, 0x83AD, 0x83ED, 0x83CD, 0x83ED, 0x6B2A, 0x5A88, 0x7B8C, 0xC5B4, 0xCDB5,
  0xA490, 0x940E, 0xBD73, 0xCDB5, 0x9C2F, 0x9C4F, 0xC594, 0x940E, 0xA470, 0x940E, 0x9C4F, 0x5AA9, 0x18C2, 0x18C2, 0x20E3, 0x20E3,
  0x20E3, 0x20E3, 0x20E3, 0x20E3, 0x18C2, 0x18A2, 0x18C2, 0x20C3, 0x18C2, 0x20E3, 0x20E3, 0x20C3, 0x20E3, 0x20E3, 0x20E3, 0x20E3,
  0x20E3, 0x2903, 0x2903, 0x2923, 0xB554, 0x8C2F, 0x41E6, 0x62EB, 0x6B0B, 0x20C2, 0x2103, 0x20E3, 0x20E3, 0x20E3, 0x20E3, 0x20C3,
  0x20C3, 0x18C3, 0x18C3, 0x18A2, 0x18A2, 0x1882, 0x1882, 0x1882, 0x1882, 0x1882, 0x1882, 0x1882, 0x2924, 0x39A6, 0x3145, 0x20E3,
  0x41C5, 0x5AA9, 0x944F, 0x5AA9, 0x62C9, 0x7BAD, 0x5227, 0x3144, 0x41C6, 0x734B, 0x6B2A, 0x630A, 0x4A07, 0x20C2, 0x2924, 0x3985,
  0x5247, 0x7B8C, 0x7B8C, 0x7BAC, 0x83ED, 0x6B2A, 0x5A87, 0x7B8C, 0xC594, 0xCDD5, 0xA4B0, 0x942E, 0xBD53, 0xCDB5, 0x942E, 0x9C4F,
  0xC594, 0x8BCD, 0xA470, 0x93EE, 0x942F, 0x4A07, 0x18C2, 0x20C3, 0x20C3, 0x20E3, 0x20E3, 0x20E3, 0x20E3, 0x20E3, 0x20C3, 0x18A2,
  0x20C3, 0x18A2, 0x18C2, 0x20C3, 0x20E3, 0x20E3, 0x20C3, 0x20C3, 0x20C3, 0x20E3, 0x20E3, 0x2904, 0x2924, 0x20C2, 0x9471, 0x7BCE,
  0x4A48, 0x5248, 0x3165, 0x20E3, 0x20C3, 0x20C3, 0x20E3, 0x20E3, 0x20E3, 0x20E3, 0x20C3, 0x18C3, 0x18C3, 0x18A2, 0x18A2, 0x1882,
  0x1882, 0x1882, 0x1882, 0x1082, 0x1882, 0x1881, 0x3144, 0x5269, 0x41C6, 0x20C3, 0x3985, 0x5AA9, 0x8C2F, 0x6B0A, 0x5268, 0x7B8C,
  0x4A07, 0x3144, 0x41C6, 0x6B2B, 0x630A, 0x62EA, 0x4207, 0x20C2, 0x2924, 0x3185, 0x5227, 0x7B6C, 0x7B6C, 0x83AC, 0x8BED, 0x6B0A,
  0x5A88, 0x7B8C, 0xC594, 0xCDD5, 0xACD1, 0x9C2E, 0xBD53, 0xCDB5, 0x9C2E, 0x9C2F, 0xC573, 0x8BAC, 0xA490, 0x8BAD, 0x940E, 0x41A5,
  0x18C3, 0x20C3, 0x20C3, 0x20C3, 0x20C3, 0x20C3, 0x20C3, 0x20E3, 0x20E3, 0x18A2, 0x18A2, 0x18A2, 0x18A2, 0x18C2, 0x20C3, 0x20C3,
  0x20C3, 0x20C3, 0x20C3, 0x20E3, 0x20E3, 0x20E3, 0x2924, 0x1882, 0x734C, 0xAD13, 0x5248, 0x4A48, 0x2923, 0x20E3, 0x20C3, 0x20C3,
  0x20C3, 0x20C3, 0x20E3, 0x20E3, 0x20C3, 0x18C3, 0x18C3, 0x18A2, 0x1882, 0x1082, 0x1882, 0x1882, 0x1882, 0x1082, 0x1082, 0x1882,
  0x18A2, 0x41C7, 0x41E7, 0x20E3, 0x2923, 0x5268, 0x8C0E, 0x7B8D, 0x5247, 0x734C, 0x4A07, 0x3124, 0x41C6, 0x6B2A, 0x62E9, 0x62C9,
  0x41E7, 0x20C2, 0x2903, 0x3164, 0x4A27, 0x734B, 0x7B8C, 0x83AC, 0x83ED, 0x6B0A, 0x5AA8, 0x7B8C, 0xC594, 0xCDD5, 0xACD1, 0x9C2E,
  0xBD53, 0xCDB5, 0x9C2F, 0x9C2F, 0xC573, 0x8BCC, 0xACB1, 0x83AD, 0x83AD, 0x3144, 0x18C2, 0x20E3, 0x20E3, 0x20C3, 0x20C3, 0x20C3,
  0x20C3, 0x20C3, 0x20E3, 0x18A2, 0x1882, 0x1082, 0x18A2, 0x18C2, 0x20C3, 0x20C3, 0x20C3, 0x20C3, 0x20C3, 0x20C3, 0x20E3, 0x20E3,
  0x2904, 0x20C2, 0x41E7, 0xD678, 0x8C2F, 0x41E6, 0x2924, 0x20C3, 0x20C3, 0x20C3, 0x18C3, 0x18C3, 0x20C3, 0x20C3, 0x20C3, 0x18C3,
  0x18C3, 0x18A2, 0x1082, 0x1061, 0x1882, 0x18A2, 0x1082, 0x1061, 0x1082, 0x1081, 0x18A2, 0x3144, 0x41C7, 0x2924, 0x20C2, 0x4A07,
  0x83CD, 0x83CD, 0x4A06, 0x6AEA, 0x4A07, 0x2923, 0x39C6, 0x6B2A, 0x62E9, 0x62EA, 0x4207, 0x18C2, 0x2923, 0x3164, 0x4A27, 0x736C,
  0x7BAD, 0x83CD, 0x8C0E, 0x6B0A, 0x5AA8, 0x7B8C, 0xC594, 0xC5B5, 0xACB0, 0x9C0E, 0xBD33, 0xCDB5, 0x9C4F, 0xA44F, 0xC573, 0x8BCD,
  0xACD1, 0x83AD, 0x734B, 0x2103, 0x18C2, 0x20E3, 0x20E3, 0x20C3, 0x18C2, 0x20C3, 0x20C3, 0x20C3, 0x20C3, 0x18A2, 0x1882, 0x1082,
  0x18A2, 0x18C3, 0x20C3, 0x20C3, 0x20E3, 0x20E3, 0x20E3, 0x20C3, 0x20E3, 0x20E3, 0x20E3, 0x20E3, 0x2924, 0xB554, 0xCE37, 0x62EA,
  0x20E3, 0x20E3, 0x20C3, 0x20C3, 0x20C3, 0x18C3, 0x18C3, 0x18C3, 0x18C3, 0x18A2, 0x18A2, 0x18A2, 0x1082, 0x1061, 0x1882, 0x18A2,
  0x1082, 0x1061, 0x1082, 0x1081, 0x18C2, 0x39A6, 0x4A28, 0x3965, 0x20C2, 0x41C5, 0x736C, 0x83EE, 0x4A07, 0x62AA, 0x4A07, 0x2943,
  0x39E6, 0x6B2B, 0x6AEA, 0x62EA, 0x4A07, 0x18C2, 0x2923, 0x3185, 0x4A27, 0x7B6C, 0x83AD, 0x83AD, 0x8C0E, 0x6B0A, 0x5AA8, 0x7B8C,
  0xC594, 0xC5B5, 0xAC90, 0x9C0E, 0xBD33, 0xCDD5, 0x9C4F, 0xA44F, 0xC553, 0x940E, 0xACF2, 0x7B8D, 0x62CA, 0x20E2, 0x18C2, 0x20E3,
  0x20E3, 0x20C3, 0x18C2, 0x18C3, 0x18C3, 0x18C3, 0x20C3, 0x18C3, 0x1882, 0x18A2, 0x18A2, 0x18A2, 0x20C3, 0x20C3, 0x20E3, 0x20E3,
  0x20E3, 0x20C3, 0x20E3, 0x20E3, 0x20E3, 0x20E3, 0x20C2, 0x9491, 0xCE37, 0xAD33, 0x2903, 0x20C3, 0x20C3, 0x20C3, 0x20C3, 0x18C3,
  0x18A2, 0x18A2, 0x18A2, 0x18A2, 0x1882, 0x1082, 0x1061, 0x1061, 0x1882, 0x1082, 0x1061, 0x1061, 0x1082, 0x1081, 0x18A2, 0x4207,
  0x5AAA, 0x3986, 0x28E3, 0x3984, 0x6B2B, 0x7BAD, 0x41E6, 0x5A89, 0x4A27, 0x2923, 0x41E6, 0x6B4B, 0x6AEA, 0x62EA, 0x4A07, 0x20C2,
  0x2103, 0x3185, 0x4A27, 0x734C, 0x7BAD, 0x7BAD, 0x8C0E, 0x6B0A, 0x5AA8, 0x7B8C, 0xC594, 0xC5B5, 0xA46F, 0x93ED, 0xBD33, 0xCDB5,
  0x9C2E, 0xA44F, 0xBD33, 0x8BED, 0xACD1, 0x7B6C, 0x5A69, 0x20C2, 0x20C3, 0x20C3, 0x20C3, 0x20C3, 0x18C2, 0x18C3, 0x18C3, 0x20C3,
  0x18C3, 0x18C3, 0x1882, 0x18A2, 0x18A2, 0x18C3, 0x18C3, 0x20C3, 0x20C3, 0x20C3, 0x20C3, 0x18C2, 0x20C3, 0x20C3, 0x20E3, 0x20E3,
  0x1881, 0x7BAE, 0xCE17, 0xA512, 0x2903, 0x20C3, 0x20C3, 0x20C3, 0x18C3, 0x18C3, 0x18A2, 0x20E3, 0x18C3, 0x1882, 0x1882, 0x1082,
  0x1061, 0x1061, 0x1082, 0x1061, 0x1061, 0x1082, 0x1082, 0x1081, 0x18A2, 0x39A6, 0x62AA, 0x39A6, 0x2903, 0x3164, 0x6B0A, 0x83CD,
  0x4A28, 0x5228, 0x4A27, 0x2923, 0x41E6, 0x734B, 0x734B, 0x62EA, 0x4A07, 0x20E3, 0x2923, 0x3164, 0x4A07, 0x7B6C, 0x83CD, 0x83AD,
  0x83ED, 0x6B2A, 0x5AA8, 0x7B8C, 0xC594, 0xC5B5, 0xAC90, 0x93CD, 0xB512, 0xCDB5, 0x9C2F, 0xA44F, 0xBD33, 0x8BCD, 0xACD2, 0x732B,
  0x4A07, 0x20C2, 0x20E3, 0x20C3, 0x20C3, 0x20C3, 0x18C2, 0x18C3, 0x18C3, 0x18C3, 0x20C3, 0x18C3, 0x1882, 0x18A2, 0x18A2, 0x18A2,
  0x18C3, 0x18C3, 0x18C2, 0x20C3, 0x20C3, 0x18C2, 0x18C2, 0x20C3, 0x20C3, 0x20E3, 0x1881, 0x5269, 0xCE37, 0x9C90, 0x20C2, 0x20E2,
  0x20C3, 0x18C3, 0x18C3, 0x18A2, 0x18A2, 0x2924, 0x20E3, 0x1082, 0x1882, 0x1082, 0x1061, 0x1061, 0x1082, 0x1061, 0x1061, 0x1082,
  0x1082, 0x1081, 0x1081, 0x3165, 0x5A8A, 0x49E7, 0x2924, 0x3144, 0x62C9, 0x7BCD, 0x5AA9, 0x41E6, 0x4A28, 0x2943, 0x39E5, 0x83EE,
  0x7BAD, 0x736C, 0x6B2C, 0x39C6, 0x41E7, 0x630B, 0x6B2B, 0x83CE, 0x944F, 0x942F, 0xA4B1, 0x7B8C, 0x8C0E, 0x7BAC, 0xC594, 0xC5B4,
  0xAC90, 0x8BAD, 0xB4D1, 0xCDD5, 0x9C2F, 0x9C4F, 0xBD33, 0x8BEE, 0xA4B1, 0x6AEA, 0x41C6, 0x20C2, 0x20C3, 0x18C2, 0x20C3, 0x20C3,
  0x18C2, 0x18C3, 0x18C3, 0x18C3, 0x20E3, 0x20C3, 0x18A2, 0x18A2, 0x18A2, 0x18A2, 0x18A2, 0x18C2, 0x18C2, 0x18C2, 0x20C2, 0x18C2,
  0x18C2, 0x20C3, 0x20C2, 0x20E3, 0x18A2, 0x39A5, 0xBDD5, 0x8C2F, 0x18A1, 0x20E2, 0x20C2, 0x18C3, 0x18C3, 0x18A2, 0x1882, 0x2904,
  0x20E3, 0x1061, 0x1082, 0x1082, 0x1061, 0x1061, 0x1061, 0x1082, 0x1061, 0x1082, 0x1082, 0x1081, 0x1082, 0x2904, 0x4A28, 0x4A07,
  0x3144, 0x2923, 0x5A88, 0x7B8D, 0x62CA, 0x3985, 0x4A27, 0x2923, 0x39C5, 0x7BAD, 0x736C, 0x6B2B, 0x5AA9, 0x3165, 0x39C6, 0x4A48,
  0x6B2B, 0x736C, 0x7BAD, 0x83CD, 0x942F, 0x7B8C, 0x736B, 0x83CD, 0xC594, 0xC594, 0xAC70, 0x8B8C, 0xACB1, 0xCDD5, 0x942E, 0x9C2E,
  0xBD32, 0x93EE, 0xA490, 0x62A9, 0x41A5, 0x20C2, 0x20C3, 0x18C3, 0x20C3, 0x20C3, 0x18C2, 0x18C3, 0x18C3, 0x20C3, 0x20E3, 0x18C3,
  0x1882, 0x18A2, 0x18A2, 0x18A2, 0x18A2, 0x18C2, 0x18C2, 0x18C2, 0x18C2, 0x18C2, 0x18C2, 0x18C2, 0x18C2, 0x20C2, 0x18C2, 0x2103,
  0xB595, 0x7BAD, 0x1081, 0x20E3, 0x18C2, 0x18C2, 0x18C3, 0x18C3, 0x1882, 0x2904, 0x2104, 0x1082, 0x1082, 0x1082, 0x1061, 0x1061,
  0x1061, 0x1082, 0x1061, 0x1082, 0x1082, 0x1062, 0x18A2, 0x20C2, 0x39C6, 0x41E6, 0x2924, 0x2903, 0x5248, 0x7B8D, 0x62EA, 0x3165,
  0x4A07, 0x2903, 0x41C6, 0x62EA, 0x62C9, 0x5A89, 0x39A5, 0x18A1, 0x2103, 0x2924, 0x4206, 0x6B2B, 0x734B, 0x734B, 0x734B, 0x62C9,
  0x4A26, 0x6B2A, 0xC594, 0xC594, 0xA470, 0x8B6C, 0xACB1, 0xCDB5, 0x8BED, 0x9C2E, 0xB512, 0x942E, 0x9C70, 0x62A9, 0x3985, 0x20C2,
  0x2103, 0x2103, 0x20E3, 0x20C3, 0x18C2, 0x18C3, 0x18C3, 0x18C3, 0x18C3, 0x20C3, 0x1882, 0x18A2, 0x18A2, 0x18A2, 0x18A2, 0x18C2,
  0x18C2, 0x18C2, 0x18C2, 0x18C2, 0x18C2, 0x18C2, 0x18C2, 0x18C2, 0x20C2, 0x1881, 0x9CD2, 0x738D, 0x1081, 0x20E3, 0x18C2, 0x18C3,
  0x18C3, 0x18C3, 0x18A2, 0x20E3, 0x2104, 0x1082, 0x1082, 0x1082, 0x1061, 0x1082, 0x1082, 0x1082, 0x1082, 0x1082, 0x1082, 0x1061,
  0x18A2, 0x18A2, 0x3165, 0x41E7, 0x3144, 0x2924, 0x41E7, 0x734C, 0x6B0B, 0x3985, 0x41C7, 0x2923, 0x39A5, 0x62EA, 0x62E9, 0x5A89,
  0x41C6, 0x18C2, 0x2103, 0x2944, 0x4206, 0x630A, 0x6B2A, 0x6B2A, 0x734B, 0x62C9, 0x5267, 0x6B0A, 0xC574, 0xC574, 0x9C2F, 0x8B6C,
  0xAC90, 0xC5B4, 0x8BCD, 0x9C4F, 0xB4F1, 0x9C4F, 0x9C4F, 0x5A68, 0x3144, 0x20C2, 0x20E3, 0x20E3, 0x20C3, 0x20C3, 0x20C3, 0x20C3,
  0x20C3, 0x20C3, 0x18C3, 0x20C3, 0x18A2, 0x18A2, 0x18A2, 0x18A2, 0x18A2, 0x18A2, 0x18A2, 0x18C2, 0x18C3, 0x18C3, 0x18C3, 0x18C2,
  0x18C2, 0x18C2, 0x20C3, 0x18A2, 0x4A27, 0x5268, 0x18A2, 0x20C3, 0x18A3, 0x18C3, 0x18C3, 0x18C3, 0x18A2, 0x20C3, 0x20E3, 0x1061,
  0x1082, 0x1061, 0x1061, 0x1061, 0x18A2, 0x18A2, 0x1082, 0x1082, 0x1082, 0x1061, 0x20C3, 0x18A2, 0x2924, 0x41E7, 0x3144, 0x2903,
  0x41C6, 0x6B0B, 0x732C, 0x3985, 0x3986, 0x2924, 0x39A5, 0x62EA, 0x62C9, 0x5A89, 0x41C6, 0x18C2, 0x2103, 0x2944, 0x41E6, 0x62EA,
  0x6B0A, 0x6B0A, 0x732A, 0x62A8, 0x5267, 0x732A, 0xBD53, 0xBD53, 0x9C2F, 0x8B6C, 0xA470, 0xC5B4, 0x8BED, 0x9C4F, 0xACD1, 0x9C4F,
  0x8BEE, 0x5247, 0x2923, 0x20E2, 0x20E3, 0x20C3, 0x18C2, 0x20C3, 0x20C3, 0x20C3, 0x20C3, 0x20C3, 0x20C3, 0x20C3, 0x1882, 0x1882,
  0x18A2, 0x18A2, 0x18A2, 0x18A2, 0x18A3, 0x18C3, 0x18C3, 0x18C3, 0x18C3, 0x18C2, 0x18C2, 0x18C2, 0x18C2, 0x18A2, 0x3144, 0x2103,
  0x18A2, 0x18A3, 0x18A3, 0x18A3, 0x18A2, 0x18A2, 0x18A2, 0x20E3, 0x2924, 0x1061, 0x1082, 0x1061, 0x1061, 0x1082, 0x1082, 0x1082,
  0x1062, 0x1061, 0x1061, 0x1061, 0x20E3, 0x20C2, 0x20E3, 0x39C6, 0x3165, 0x20E3, 0x3985, 0x62EA, 0x6B0B, 0x3986, 0x3165, 0x2924,
  0x39A5, 0x62C9, 0x5AC9, 0x5A89, 0x39C5, 0x18C2, 0x2103, 0x2944, 0x41E6, 0x62EA, 0x6B2A, 0x6B2A, 0x6B0A, 0x5AA8, 0x5267, 0x734A,
  0xBD33, 0xBD53, 0x9C2F, 0x834B, 0xA470, 0xC594, 0x83CD, 0x9C4F, 0xACD1, 0x9C6F, 0x83CD, 0x5A48, 0x2903, 0x20E2, 0x20E3, 0x20C3,
  0x18C2, 0x20C3, 0x20C3, 0x20C3, 0x20C3, 0x20C3, 0x20C3, 0x20C3, 0x1882, 0x1882, 0x18A2, 0x18A2, 0x18A2, 0x18A2, 0x18A3, 0x18C3,
  0x18C3, 0x18C3, 0x18C3, 0x18C3, 0x18C3, 0x18A2, 0x18A2, 0x18A2, 0x2924, 0x2904, 0x18A2, 0x18A3, 0x18A3, 0x18A3, 0x18A2, 0x18A2,
  0x18A2, 0x20E3, 0x2945, 0x1061, 0x1082, 0x1061, 0x1061, 0x1082, 0x1082, 0x1082, 0x1061, 0x1061, 0x1082, 0x1041, 0x2103, 0x20E3,
  0x18A2, 0x3165, 0x3165, 0x20E3, 0x3165, 0x62CA, 0x6B0B, 0x39A6, 0x3144, 0x2924, 0x39A5, 0x5AC9, 0x5AA9, 0x5A89, 0x39C6, 0x18C2,
  0x2103, 0x2944, 0x41E6, 0x630A, 0x6B2A, 0x6B0A, 0x6B2A, 0x5AA8, 0x5267, 0x732A, 0xBD33, 0xC553, 0x9C2F, 0x834B, 0xA470, 0xC574,
  0x838C, 0x9C2F, 0xACB1, 0x9C70, 0x83AD, 0x5A68, 0x2103, 0x20E3, 0x20C3, 0x20C3, 0x20C3, 0x20C3, 0x20C3, 0x20C3, 0x20C3, 0x20C3,
  0x20E3, 0x18C3, 0x1882, 0x1882, 0x1882, 0x1882, 0x18A2, 0x18A2, 0x18A2, 0x18C3, 0x18A2, 0x18A2, 0x18A2, 0x18A2, 0x18A2, 0x18A2,
  0x18A2, 0x18A2, 0x20C3, 0x20C3, 0x18A2, 0x18A2, 0x18A2, 0x18A2, 0x18A2, 0x18A2, 0x18A2, 0x18C3, 0x3165, 0x1061, 0x1082, 0x1061,
  0x1061, 0x1082, 0x1061, 0x1061, 0x1061, 0x1061, 0x1082, 0x1041, 0x2904, 0x2924, 0x1881, 0x2924, 0x3986, 0x2903, 0x2924, 0x5A89,
  0x732C, 0x41C6, 0x2924, 0x2943, 0x39A5, 0x62CA, 0x62A9, 0x5AA9, 0x41C6, 0x18A2, 0x20E3, 0x3144, 0x41E6, 0x6B0A, 0x6B2A, 0x6B2A,
  0x6B2B, 0x5AA8, 0x5247, 0x6B2A, 0xBD12, 0xBD33, 0x9C2F, 0x7B2B, 0xA450, 0xC554, 0x834C, 0x940E, 0xACB1, 0xA490, 0x7B6C, 0x5A68,
  0x20E3, 0x20E3, 0x20C3, 0x20C3, 0x20C3, 0x20C3, 0x20C3, 0x20C3, 0x20C3, 0x20C3, 0x20C3, 0x18A2, 0x1882, 0x1882, 0x1882, 0x18A2,
  0x18A2, 0x18A2, 0x18A2, 0x18C3, 0x18A2, 0x18A2, 0x18A2, 0x18A2, 0x18A2, 0x18A2, 0x18A2, 0x18A2, 0x18A2, 0x18A3, 0x18A3, 0x18A2,
  0x18A2, 0x18A2, 0x18A2, 0x18A2, 0x18A2, 0x18A2, 0x39A6, 0x1061, 0x1082, 0x1061, 0x1061, 0x1082, 0x1061, 0x1061, 0x1082, 0x1061,
  0x1082, 0x1041, 0x2904, 0x3985, 0x1061, 0x2904, 0x39A6, 0x3145, 0x3144, 0x5248, 0x736D, 0x49E7, 0x2903, 0x2923, 0x39A5, 0x62EA,
  0x62C9, 0x62CA, 0x41E6, 0x18A2, 0x20E3, 0x3145, 0x41E6, 0x6B2A, 0x734A, 0x6B4A, 0x6B4B, 0x5AA8, 0x5247, 0x6B0A, 0xB4F2, 0xBD12,
  0x9C0F, 0x7B0A, 0xA42F, 0xC554, 0x7B4B, 0x93EE, 0xA490, 0xA4B1, 0x734C, 0x5268, 0x20E3, 0x20E3, 0x20C3, 0x20C3, 0x20C3, 0x20C3,
  0x20C3, 0x20C3, 0x20C3, 0x20C3, 0x18C3, 0x1882, 0x1882, 0x1882, 0x18A2, 0x18A2, 0x18A2, 0x18A2, 0x18A2, 0x18C3, 0x18A2, 0x18A2,
  0x18A2, 0x18A2, 0x18C3, 0x18C3, 0x1882, 0x18A2, 0x18A2, 0x18A2, 0x18A2, 0x18A2, 0x18A2, 0x18A2, 0x18A2, 0x18A2, 0x18A2, 0x18A2,
  0x39C7, 0x1082, 0x1061, 0x1061, 0x1061, 0x1082, 0x1061, 0x1061, 0x1082, 0x1082, 0x1082, 0x1041, 0x2903, 0x41C6, 0x1061, 0x18C2,
  0x3186, 0x3986, 0x2924, 0x4A07, 0x734C, 0x4A08, 0x20E3, 0x2923, 0x39A5, 0x62CA, 0x5AA9, 0x5ACA, 0x41E6, 0x20C2, 0x20C3, 0x2924,
  0x41C6, 0x6B0A, 0x6B4A, 0x6B4A, 0x736B, 0x5AA8, 0x5247, 0x6B0A, 0xB4F2, 0xB4F2, 0x93EE, 0x72EA, 0x9C2F, 0xBD33, 0x7B2B, 0x93EE,
  0xA490, 0xA4B0, 0x732B, 0x5248, 0x20E3, 0x20E3, 0x20C3, 0x20C3, 0x20C3, 0x20C3, 0x20C3, 0x18C3, 0x18C3, 0x18C3, 0x18C3, 0x1882,
  0x1882, 0x1882, 0x1882, 0x18A2, 0x18A2, 0x18A2, 0x18A2, 0x18A2, 0x18A2, 0x18A2, 0x18A2, 0x18A2, 0x18C3, 0x20E3, 0x39C7, 0x18A2,
  0x20C3, 0x20E3, 0x18C3, 0x18A2, 0x18A2, 0x18C3, 0x18A2, 0x18A2, 0x18A2, 0x1882, 0x39C7, 0x18A2, 0x1061, 0x1061, 0x1061, 0x1061,
  0x1061, 0x1061, 0x1061, 0x1082, 0x1061, 0x1061, 0x2904, 0x4A07, 0x18A2, 0x1882, 0x2945, 0x39A6, 0x2904, 0x41C6, 0x6B0B, 0x4A07,
  0x20C2, 0x2103, 0x39A5, 0x5AA9, 0x5A89, 0x5AAA, 0x41E6, 0x20C2, 0x20E3, 0x2924, 0x41C6, 0x62EA, 0x6B2A, 0x6B2A, 0x734B, 0x5AA9,
  0x5247, 0x6B0A, 0xB4F2, 0xB4F2, 0x93CD, 0x72EA, 0x9C2F, 0xBD33, 0x7B0B, 0x8BCD, 0xACB1, 0x9C70, 0x6AEA, 0x5227, 0x20E2, 0x20E3,
  0x20C3, 0x20C3, 0x20C3, 0x20C3, 0x20C3, 0x18C3, 0x18C3, 0x18C3, 0x18A2, 0x18A2, 0x1882, 0x1882, 0x1882, 0x1882, 0x18A2, 0x18A2,
  0x18A2, 0x18A2, 0x18A2, 0x18A2, 0x18A2, 0x18C2, 0x18A2, 0x18C3, 0x2104, 0x1061, 0x3986, 0x5269, 0x1882, 0x20C3, 0x18A2, 0x18C3,
  0x18A2, 0x18A2, 0x18A2, 0x1882, 0x3186, 0x18A2, 0x1061, 0x1061, 0x1061, 0x1061, 0x1061, 0x1061, 0x1061, 0x1082, 0x1061, 0x1061,
  0x2903, 0x4A28, 0x20E3, 0x1061, 0x2904, 0x39C7, 0x2904, 0x3145, 0x6AEB, 0x5248, 0x2903, 0x2103, 0x39A5, 0x62CA, 0x5AA9, 0x5AA9,
  0x41E6, 0x20C2, 0x20E3, 0x2924, 0x41C6, 0x630A, 0x6B2A, 0x6B0A, 0x6B2A, 0x5A88, 0x5247, 0x6B0A, 0xB512, 0xB512, 0x8BCD, 0x730A,
  0x9C2F, 0xBD33, 0x7B0B, 0x93CE, 0xACB1, 0x9C4F, 0x6B0A, 0x4A07, 0x20C2, 0x20E3, 0x20C3, 0x20E3, 0x20E3, 0x20E3, 0x20E3, 0x20C3,
  0x20C3, 0x20C3, 0x18A2, 0x18A2, 0x1882, 0x1882, 0x18A2, 0x1882, 0x1882, 0x18A2, 0x18A2, 0x18A2, 0x18A2, 0x18A2, 0x18C3, 0x18A2,
  0x18A2, 0x20C3, 0x18C3, 0x1082, 0x3985, 0x9C91, 0x20C2, 0x18A2, 0x18A3, 0x18A2, 0x18A2, 0x18A2, 0x18A2, 0x1061, 0x3186, 0x20C3,
  0x1041, 0x1061, 0x1061, 0x1061, 0x1061, 0x1061, 0x1082, 0x1082, 0x1061, 0x1061, 0x20C3, 0x4A08, 0x2924, 0x1061, 0x20E3, 0x41C6,
  0x3144, 0x2903, 0x62EB, 0x5AAA, 0x3165, 0x2103, 0x39C5, 0x62CA, 0x5A89, 0x5AA9, 0x41C6, 0x18C2, 0x20E3, 0x2924, 0x41C6, 0x62EA,
  0x6309, 0x62E9, 0x6B0A, 0x5A88, 0x4A47, 0x62EA, 0xB4F2, 0xAD12, 0x8BED, 0x6AEA, 0x942F, 0xBD53, 0x7B2B, 0x93CE, 0xACD1, 0x944F,
  0x6B0A, 0x4A07, 0x20C2, 0x20E3, 0x20E3, 0x20E3, 0x20E3, 0x20E3, 0x20E3, 0x20C3, 0x20C3, 0x20C3, 0x18A2, 0x1882, 0x1882, 0x1882,
  0x18A2, 0x1882, 0x1882, 0x1882, 0x18A2, 0x18A2, 0x18A2, 0x18A2, 0x18C3, 0x18A2, 0x18A2, 0x18A3, 0x20C3, 0x1061, 0x41E6, 0xB575,
  0x3986, 0x1061, 0x20C3, 0x18A2, 0x18A2, 0x18A2, 0x18A2, 0x1082, 0x4A28, 0x2924, 0x1041, 0x1061, 0x1061, 0x1061, 0x1061, 0x1061,
  0x1082, 0x1082, 0x1061, 0x1061, 0x20C3, 0x4A08, 0x3965, 0x1082, 0x18A2, 0x39C6, 0x3985, 0x20C2, 0x5289, 0x5A89, 0x2903, 0x2103,
  0x39C6, 0x62C9, 0x5A89, 0x5A89, 0x39C6, 0x18C2, 0x20E3, 0x2924, 0x41C6, 0x62C9, 0x62E9, 0x62E9, 0x62EA, 0x5A88, 0x4A47, 0x62E9,
  0xACF1, 0xACF1, 0x83CD, 0x6AC9, 0x8BEE, 0xB533, 0x730A, 0x8BCD, 0xACD1, 0x942F, 0x730B, 0x4A07, 0x20E2, 0x20E3, 0x20E3, 0x20E3,
  0x20E3, 0x20E3, 0x20E3, 0x20C3, 0x20C3, 0x18C2, 0x18A2, 0x1882, 0x1882, 0x18A2, 0x18A2, 0x18A2, 0x18A2, 0x1882, 0x18A2, 0x18A2,
  0x18A2, 0x18A2, 0x18C3, 0x18A2, 0x18A2, 0x18A2, 0x20C3, 0x1061, 0x62CA, 0xBD95, 0x5248, 0x1061, 0x20C3, 0x18A2, 0x18A2, 0x18A2,
  0x1882, 0x20C3, 0x39A6, 0x39A6, 0x1061, 0x1082, 0x1061, 0x1082, 0x1061, 0x1061, 0x1082, 0x1082, 0x1061, 0x1061, 0x20C3, 0x4A08,
  0x39A6, 0x18A2, 0x1881, 0x3985, 0x41C6, 0x20C2, 0x4207, 0x5269, 0x2903, 0x2923, 0x39C6, 0x5AC9, 0x5A68, 0x5268, 0x41C6, 0x18C2,
  0x20E3, 0x2924, 0x41C6, 0x62C9, 0x62C9, 0x62C9, 0x62EA, 0x5A88, 0x4A47, 0x62E9, 0xACF1, 0xACD1, 0x838C, 0x62A9, 0x8BEE, 0xB512,
  0x732A, 0x8BAD, 0xACB1, 0x942F, 0x7B4C, 0x4A27, 0x20E3, 0x20E3, 0x20E3, 0x20E3, 0x20E3, 0x20E3, 0x20E3, 0x20C3, 0x20C2, 0x18C2,
  0x18A2, 0x18A2, 0x18A2, 0x18A2, 0x18A2, 0x18A2, 0x18A2, 0x18A2, 0x18A2, 0x18A2, 0x18C3, 0x18C3, 0x18C3, 0x18A2, 0x20C3, 0x20A3,
  0x20C3, 0x1062, 0x62CA, 0xCE58, 0x736D, 0x1061, 0x20C3, 0x18A2, 0x18A2, 0x18A2, 0x18A2, 0x1082, 0x18A2, 0x20E3, 0x1061, 0x1061,
  0x1082, 0x1082, 0x1082, 0x1082, 0x1882, 0x1082, 0x1061, 0x1061, 0x20C3, 0x4A08, 0x41C7, 0x18C2, 0x1081, 0x3144, 0x4A28, 0x20E3,
  0x39A6, 0x5228, 0x2924, 0x2103, 0x4206, 0x5AA9, 0x5268, 0x5248, 0x41C6, 0x18C2, 0x20E3, 0x2924, 0x41C6, 0x5AA9, 0x62C9, 0x62C9,
  0x62C9, 0x5288, 0x5247, 0x6B0A, 0xACF1, 0xACD1, 0x7B8C, 0x5A88, 0x8BED, 0xB533, 0x732B, 0x8BEE, 0xACD1, 0x940E, 0x83AD, 0x4A07,
  0x20E3, 0x20E3, 0x20E3, 0x20E3, 0x20E3, 0x20E3, 0x20E3, 0x20E3, 0x20C3, 0x18C2, 0x18A2, 0x18A2, 0x18A2, 0x18A2, 0x18A2, 0x18A2,
  0x18A2, 0x18A2, 0x18A2, 0x18A2, 0x18A2, 0x18C3, 0x18C3, 0x18A2, 0x20C3, 0x20C3, 0x20C3, 0x20C3, 0x3144, 0x83EF, 0xAD34, 0x20C3,
  0x18A2, 0x18A2, 0x18A2, 0x18A2, 0x18A2, 0x18A2, 0x1061, 0x1061, 0x1061, 0x1061, 0x1082, 0x1082, 0x1082, 0x1082, 0x1882, 0x1082,
  0x1061, 0x1081, 0x20E3, 0x4A08, 0x49E7, 0x2103, 0x1061, 0x2103, 0x4A28, 0x2903, 0x3165, 0x5A69, 0x3144, 0x18C2, 0x4227, 0x5AA9,
  0x5248, 0x5248, 0x39A6, 0x20C2, 0x20E3, 0x2924, 0x41C6, 0x5AA9, 0x62C9, 0x5AC9, 0x5AA9, 0x5268, 0x5247, 0x6B0A, 0xACF1, 0xACD1,
  0x7B6B, 0x5A68, 0x83CD, 0xB533, 0x734B, 0x8BEE, 0xACD1, 0x8BEE, 0x8BEE, 0x4A27, 0x20E3, 0x2103, 0x2103, 0x2103, 0x20E3, 0x20E3,
  0x20E3, 0x20E3, 0x20E3, 0x20C3, 0x18A2, 0x18A2, 0x18A2, 0x18A2, 0x18A2, 0x18A2, 0x18A2, 0x18C3, 0x18A2, 0x18A2, 0x18A2, 0x18A2,
  0x18A2, 0x18C2, 0x18A2, 0x18A2, 0x18A2, 0x20C3, 0x41E7, 0x39A6, 0x7BAE, 0x41E7, 0x1061, 0x20C3, 0x18A2, 0x18A2, 0x18A2, 0x18A2,
  0x1082, 0x1882, 0x1061, 0x1061, 0x1082, 0x1082, 0x1882, 0x1882, 0x1082, 0x1061, 0x1081, 0x1081, 0x20E3, 0x4A08, 0x4A07, 0x2944,
  0x1061, 0x20E3, 0x4A28, 0x2944, 0x2944, 0x5248, 0x3144, 0x20C2, 0x41C6, 0x5A88, 0x5248, 0x5248, 0x39A6, 0x20E2, 0x20E3, 0x2904,
  0x41A6, 0x5AA9, 0x62C9, 0x62C9, 0x5AA9, 0x5268, 0x5267, 0x62EA, 0xACF1, 0xACD1, 0x7B6B, 0x5A67, 0x83CD, 0xB533, 0x7B6C, 0x8BEE,
  0xA4D1, 0x8BED, 0x83EE, 0x5248, 0x20E2, 0x20E3, 0x2103, 0x2103, 0x20E3, 0x20E3, 0x20E3, 0x20E3, 0x20E3, 0x20E3, 0x18A2, 0x18A2,
  0x18A2, 0x18A2, 0x18A2, 0x18A2, 0x18A2, 0x18C3, 0x18A2, 0x18A2, 0x18A2, 0x18A2, 0x18A2, 0x18A2, 0x2924, 0x2944, 0x2924, 0x20E3,
  0x4A27, 0x5248, 0x3986, 0x2904, 0x18A2, 0x18C3, 0x18A2, 0x18A2, 0x18A2, 0x18A2, 0x1882, 0x1082, 0x1061, 0x1061, 0x1082, 0x1082,
  0x1882, 0x1882, 0x1062, 0x1061, 0x1882, 0x1061, 0x2103, 0x4A07, 0x4A07, 0x3164, 0x1881, 0x18A2, 0x4A28, 0x39A5, 0x2903, 0x4A28,
  0x3144, 0x20C2, 0x39A5, 0x5268, 0x5268, 0x5248, 0x41C6, 0x20E3, 0x20E3, 0x2924, 0x39A5, 0x5AA8, 0x62C9, 0x62C9, 0x62C9, 0x5268,
  0x5247, 0x62C9, 0xACD1, 0xA4B0, 0x7B4B, 0x5A47, 0x83CD, 0xB553, 0x7B6B, 0x8BCD, 0xA4B0, 0x83CD, 0x8C0E, 0x5248, 0x20C2, 0x20E3,
  0x20E3, 0x20E3, 0x20E3, 0x20E3, 0x20E3, 0x20E3, 0x20E3, 0x20E3, 0x18A2, 0x18A2, 0x18A2, 0x18A2, 0x18A2, 0x18A2, 0x18A2, 0x18C3,
  0x18A2, 0x18A2, 0x18A2, 0x18A2, 0x18C2, 0x18A2, 0x2924, 0x3165, 0x18A2, 0x5269, 0x5269, 0x41E7, 0x3165, 0x18A2, 0x18A2, 0x18A2,
  0x18A2, 0x18A2, 0x1882, 0x1882, 0x1082, 0x1082, 0x1061, 0x1061, 0x1082, 0x1082, 0x1882, 0x1882, 0x1082, 0x1082, 0x1882, 0x1882,
  0x2903, 0x4A28, 0x4A07, 0x39A5, 0x18A2, 0x1881, 0x4A28, 0x4207, 0x20E3, 0x4A28, 0x3165, 0x18A1, 0x39A5, 0x5A89, 0x5268, 0x5248,
  0x41C6, 0x20E3, 0x20E3, 0x2924, 0x39A5, 0x5AA8, 0x62C9, 0x62C9, 0x5AA9, 0x5A68, 0x5248, 0x62C9, 0xACB1, 0xA4B0, 0x734B, 0x5247,
  0x83AD, 0xB533, 0x7B4B, 0x83AD, 0xA4B1, 0x7BAC, 0x8C0E, 0x5248, 0x18A2, 0x20C3, 0x20E3, 0x20E3, 0x20E3, 0x20E3, 0x20E3, 0x20E3,
  0x20E3, 0x20C3, 0x18A2, 0x18A2, 0x18A2, 0x18A2, 0x18A2, 0x18A2, 0x18C3, 0x20C3, 0x18C3, 0x18C3, 0x18A2, 0x18A2, 0x18A2, 0x18C2,
  0x18A2, 0x18C2, 0x1061, 0x8C30, 0xB574, 0x4A28, 0x2924, 0x20C3, 0x18A2, 0x18A2, 0x18A2, 0x18A2, 0x1882, 0x1882, 0x1882, 0x1082,
  0x1082, 0x1082, 0x1882, 0x18A2, 0x18A2, 0x1882, 0x1882, 0x1882, 0x18A2, 0x1882, 0x2924, 0x4A28, 0x4A07, 0x39A5, 0x20C2, 0x1081,
  0x41E7, 0x5248, 0x20E2, 0x4A07, 0x3985, 0x20C2, 0x3985, 0x5A88, 0x5268, 0x5248, 0x41C6, 0x20E2, 0x20E3, 0x2924, 0x41C6, 0x5AC9,
  0x62E9, 0x62C9, 0x62C9, 0x5A89, 0x5268, 0x62CA, 0xACB1, 0xA490, 0x732B, 0x5247, 0x83AD, 0xB533, 0x7B6C, 0x7B6C, 0x9C90, 0x7BAC,
  0x8C2F, 0x5248, 0x1881, 0x18C2, 0x20E3, 0x20E3, 0x20E3, 0x20E3, 0x20E3, 0x20E3, 0x20E3, 0x20C3, 0x18A2, 0x18A2, 0x18A2, 0x18A2,
  0x18A2, 0x18A2, 0x20C3, 0x20E3, 0x20C3, 0x18C3, 0x18C3, 0x18C3, 0x18C3, 0x18C2, 0x20C3, 0x20C3, 0x1081, 0x5269, 0xC5D6, 0xA4F3,
  0x3165, 0x1882, 0x18A3, 0x18A2, 0x18A2, 0x18A2, 0x1882, 0x1882, 0x18A2, 0x1882, 0x1082, 0x1082, 0x18A2, 0x18A2, 0x18A2, 0x1882,
  0x1882, 0x1882, 0x18A2, 0x1882, 0x3144, 0x4A48, 0x4A27, 0x41C6, 0x2903, 0x1881, 0x3165, 0x5248, 0x2103, 0x41C6, 0x49E7, 0x20C2,
  0x3985, 0x5A89, 0x5268, 0x5268, 0x41C6, 0x20E3, 0x20E3, 0x2924, 0x41C6, 0x5AC9, 0x62E9, 0x62EA, 0x62EA, 0x5AA9, 0x5A88, 0x62EA,
  0xA4B1, 0xA490, 0x732A, 0x5247, 0x83AD, 0xB533, 0x7B6C, 0x7B6C, 0x9C90, 0x83CD, 0x8C2F, 0x4A27, 0x18A2, 0x20E3, 0x2103, 0x2103,
  0x20E3, 0x20E3, 0x20E3, 0x20E3, 0x20E3, 0x20C3, 0x18A2, 0x18A2, 0x18A2, 0x18A2, 0x18A2, 0x18A2, 0x20C3, 0x20C3, 0x18C3, 0x18C2,
  0x18C3, 0x18C3, 0x18C3, 0x18C3, 0x20C3, 0x18C2, 0x18A2, 0x1081, 0x5248, 0xC5D6, 0x8C30, 0x18A2, 0x18A2, 0x18A2, 0x18A2, 0x18A2,
  0x1882, 0x1882, 0x18A2, 0x18A2, 0x1882, 0x1882, 0x18A2, 0x18A2, 0x18A2, 0x1882, 0x18A2, 0x18A2, 0x18A2, 0x1882, 0x3165, 0x5268,
  0x4A27, 0x41E6, 0x2924, 0x18A2, 0x3144, 0x5248, 0x3144, 0x39A6, 0x5248, 0x20C2, 0x3985, 0x5AA9, 0x5A88, 0x5A89, 0x41C6, 0x20E3,
  0x20E3, 0x2924, 0x41C6, 0x62C9, 0x6B0A, 0x62EA, 0x62CA, 0x5AA9, 0x5AA9, 0x62EA, 0xA4B1, 0x9C90, 0x6B2A, 0x5247, 0x83AD, 0xAD12,
  0x736B, 0x736B, 0x9C90, 0x83AD, 0x8C0E, 0x4A27, 0x18A2, 0x20E3, 0x20E3, 0x20E3, 0x20E3, 0x20E3, 0x20E3, 0x20E3, 0x20E3, 0x20C3,
  0x18A2, 0x18A2, 0x18A2, 0x18A2, 0x18C2, 0x18C3, 0x20C3, 0x20C3, 0x18C3, 0x18C3, 0x20C3, 0x18C3, 0x18C2, 0x18C2, 0x18C2, 0x18C2,
  0x18A2, 0x18C2, 0x1061, 0x4A07, 0x5ACA, 0x20E3, 0x18A2, 0x18A2, 0x18A2, 0x18A2, 0x18A2, 0x1882, 0x1882, 0x1882, 0x1882, 0x1882,
  0x20E3, 0x2904, 0x18C3, 0x18A2, 0x18A2, 0x18A2, 0x18C2, 0x1881, 0x3985, 0x5248, 0x4A28, 0x4207, 0x3985, 0x1882, 0x20E3, 0x5269,
  0x39A6, 0x3985, 0x5A69, 0x2924, 0x39C6, 0x62E9, 0x5AC8, 0x5AA9, 0x41C6, 0x20E3, 0x2103, 0x2944, 0x41C6, 0x62C9, 0x62E9, 0x7BCD,
  0x6B0A, 0x5AA8, 0x5AA8, 0x6B2A, 0xA4B1, 0x9C90, 0x6B2A, 0x5247, 0x7B8C, 0xACF2, 0x732B, 0x734B, 0x944F, 0x7BAC, 0x8C0E, 0x4A27,
  0x1881, 0x20E3, 0x20E3, 0x20E3, 0x20E3, 0x20E3, 0x20E3, 0x20E3, 0x20E3, 0x20C3, 0x18C2, 0x18A2, 0x18A2, 0x18C2, 0x18C2, 0x20C3,
  0x20E3, 0x20E3, 0x20C3, 0x20C3, 0x20E3, 0x20C3, 0x20C3, 0x18C2, 0x18C2, 0x18C2, 0x18C2, 0x18A2, 0x20C2, 0x1881, 0x1881, 0x18A2,
  0x18A2, 0x18A2, 0x18A2, 0x18A2, 0x18A2, 0x1882, 0x18A2, 0x1882, 0x18A2, 0x1061, 0x3165, 0x8C51, 0x4A28, 0x1082, 0x18C3, 0x18A2,
  0x18A2, 0x1881, 0x39A5, 0x5248, 0x4A27, 0x41E6, 0x41A5, 0x5227, 0x5227, 0x5A68, 0x49E6, 0x3123, 0x5A89, 0xB554, 0xAD33, 0x62E9,
  0x6309, 0x62C9, 0x41C6, 0x20E3, 0x2103, 0x2964, 0x41E6, 0x62C9, 0x6B0A, 0x8C2E, 0x736C, 0x5288, 0x5AA8, 0xAD32, 0xA490, 0x9C90,
  0x6B2A, 0x4A27, 0x7B6C, 0xA4F2, 0x6B0A, 0x734B, 0x942E, 0x7BAC, 0x83EE, 0x4A27, 0x1881, 0x20E3, 0x2103, 0x2103, 0x2103, 0x20E3,
  0x20E3, 0x20E3, 0x20E3, 0x20C3, 0x18C2, 0x18A2, 0x18A2, 0x18A2, 0x18C2, 0x18C2, 0x20C3, 0x20E3, 0x20E3, 0x20E3, 0x20E3, 0x20E3,
  0x20E3, 0x18C3, 0x18C2, 0x18C2, 0x18C2, 0x18C2, 0x18A2, 0x20C3, 0x20C3, 0x20E3, 0x18A2, 0x18C2, 0x18C2, 0x18A2, 0x18A2, 0x18A2,
  0x18A2, 0x1882, 0x1882, 0x18A2, 0x1041, 0x39A6, 0x41E7, 0x1882, 0x18C3, 0x18A2, 0x18A2, 0x18A2, 0x39C6, 0x5248, 0x5248, 0x9C91,
  0x7B6B, 0xD636, 0xDE77, 0x8BED, 0xAD11, 0x6B0A, 0x732B, 0xF73B, 0xAD13, 0x62EA, 0x6B0A, 0x62C9, 0x41C6, 0x20E3, 0x2103, 0x3164,
  0x41E7, 0x62C9, 0x6B2A, 0xA4F1, 0x7B8C, 0x5268, 0x736C, 0x9CB0, 0xA491, 0x9C90, 0x6B2A, 0x4A26, 0x7B6C, 0xA4F2, 0x62E9, 0x734A,
  0x942E, 0x7BAC, 0x83EE, 0x4A07, 0x1881, 0x20E3, 0x2103, 0x2103, 0x2103, 0x2103, 0x2103, 0x20E3, 0x20E3, 0x20E3, 0x18C2, 0x18A2,
  0x18A2, 0x18A2, 0x18C2, 0x18C2, 0x20C3, 0x20E3, 0x20E3, 0x20E3, 0x20E3, 0x20E3, 0x20E3, 0x20E3, 0x20C3, 0x18C2, 0x18C2, 0x18C2,
  0x20C2, 0x20C2, 0x18A2, 0x20C2, 0x20C2, 0x18C2, 0x18A2, 0x18A2, 0x18A2, 0x18A2, 0x18A2, 0x1882, 0x1882, 0x1882, 0x20E3, 0x62CB,
  0x41E7, 0x1061, 0x18C3, 0x18C3, 0x18A2, 0x18A2, 0x41E7, 0x5248, 0x62A9, 0xDE57, 0xD616, 0xDE77, 0xE6B8, 0xDE57, 0xEED8, 0xBD52,
  0xA490, 0xEF1B, 0x62CA, 0x62EA, 0x6B0A, 0x5AA9, 0x41C6, 0x20E3, 0x2103, 0x3164, 0x41C6, 0x62EA, 0x6B2A, 0x9C90, 0x6B0A, 0x5267,
  0x9C90, 0xBDB4, 0xA4B1, 0x9C90, 0x6B2A, 0x4A26, 0x736C, 0xA4F1, 0x62E9, 0x734B, 0x8C0E, 0x7BAC, 0x8C2F, 0x4A07, 0x1881, 0x20E3,
  0x2103, 0x2103, 0x2103, 0x2103, 0x2103, 0x20E3, 0x20E3, 0x20E3, 0x20E3, 0x18A2, 0x18A2, 0x18A2, 0x18C2, 0x20C3, 0x20C3, 0x20E3,
  0x20E3, 0x20E3, 0x20E3, 0x20E3, 0x20C3, 0x20E3, 0x20E3, 0x18C2, 0x18C2, 0x18C2, 0x20C2, 0x20C2, 0x18C2, 0x18A2, 0x18A2, 0x18C2,
  0x18C2, 0x18A2, 0x18A2, 0x18A2, 0x18A2, 0x1882, 0x1882, 0x1082, 0x3165, 0x83EF, 0x5AAA, 0x18A2, 0x18C3, 0x20C3, 0x20C3, 0x20E3,
  0x4A48, 0x4A27, 0x62A9, 0xC574, 0xEED9, 0xE698, 0xDE77, 0xEED9, 0xDE77, 0xD615, 0xCDF5, 0xD637, 0x5227, 0x5A68, 0x6B0A, 0x5AA9,
  0x41C6, 0x20E3, 0x2903, 0x3164, 0x41E7, 0x62CA, 0x83CD, 0x944F, 0x62C9, 0x8C2E, 0xA4D1, 0x7BAC, 0xA4B0, 0x9C90, 0x6B0A, 0x4A26,
  0x734B, 0xA4F1, 0x62E9, 0x7B8C, 0x8C2E, 0x7BAC, 0x944F, 0x41E6, 0x1881, 0x20E3, 0x20E3, 0x2903, 0x2903, 0x2903, 0x2903, 0x2903,
  0x2903, 0x2903, 0x20E3, 0x18A2, 0x20C2, 0x20C2, 0x20C2, 0x20C3, 0x20E3, 0x20E3, 0x20E3, 0x20E3, 0x20E3, 0x20E3, 0x20E3, 0x20E3,
  0x20C3, 0x18C3, 0x18C2, 0x18C2, 0x18C2, 0x18C2, 0x18C2, 0x18C2, 0x18C2, 0x18C2, 0x18C2, 0x18C2, 0x18A2, 0x18A2, 0x18A2, 0x1882,
  0x1882, 0x18A2, 0x1061, 0x3145, 0x5269, 0x18C2, 0x20C2, 0x18A2, 0x18A2, 0x2924, 0x4A48, 0x4A47, 0x5A88, 0xC5B5, 0xE6B9, 0xCDD5,
  0xBD74, 0xE677, 0xEEB8, 0xE6B8, 0xAD11, 0xBD53, 0x7B4B, 0x6288, 0x6AEA, 0x5AA9, 0x4A07, 0x20E3, 0x2903, 0x3185, 0x4207, 0x62C9,
  0x944F, 0x83CD, 0x6B09, 0x9C90, 0xC5F5, 0x736B, 0xA4B0, 0x9C90, 0x6B0A, 0x4A06, 0x6B2A, 0xA4F1, 0x62E9, 0x83CC, 0x942E, 0x8BEE,
  0x8C0E, 0x3985, 0x18A2, 0x20E3, 0x20E3, 0x2903, 0x2903, 0x2903, 0x2903, 0x2903, 0x2903, 0x2903, 0x20E3, 0x18A2, 0x20C2, 0x20C2,
  0x20C2, 0x20C2, 0x20C3, 0x20E3, 0x20E3, 0x20E3, 0x20E3, 0x20E3, 0x20E3, 0x20E3, 0x20C3, 0x18C3, 0x18C2, 0x18C2, 0x18C2, 0x18C2,
  0x18C2, 0x18C2, 0x18C2, 0x18A2, 0x18A2, 0x18A2, 0x18A2, 0x18A2, 0x18A2, 0x1881, 0x1882, 0x18A2, 0x1881, 0x3985, 0x738D, 0x18A1,
  0x1881, 0x3144, 0x3165, 0x3164, 0x83CE, 0x734B, 0x41E6, 0x83AD, 0xD616, 0xB533, 0x9C4F, 0xD636, 0xDE77, 0x838C, 0x730A, 0xA4B1,
  0xD616, 0xC594, 0x8BCD, 0x6AEA, 0x41A6, 0x2904, 0x2903, 0x3985, 0x41E6, 0x83CD, 0x9C70, 0x9C90, 0xDE97, 0xA4D1, 0xA4D1, 0x6B2A,
  0x9CB0, 0x9CB0, 0x6B0A, 0x4A26, 0x6B2A, 0xA4D1, 0x62E9, 0x83CD, 0x942E, 0x8C0E, 0x83EE, 0x3164, 0x18C2, 0x20E3, 0x20E3, 0x20E3,
  0x2903, 0x20E3, 0x20E3, 0x20E3, 0x20E3, 0x20E3, 0x20E3, 0x18A2, 0x20C2, 0x20C2, 0x20C3, 0x20C2, 0x20C3, 0x20C3, 0x20C3, 0x20E3,
  0x20E3, 0x20E3, 0x20E3, 0x20E3, 0x20C3, 0x18C3, 0x18C2, 0x18C2, 0x18C2, 0x18C2, 0x18C2, 0x18C2, 0x18C2, 0x18A2, 0x18A2, 0x18A2,
  0x18A2, 0x18A2, 0x1882, 0x18A2, 0x1882, 0x18A2, 0x18A2, 0x3165, 0x6B4C, 0x2903, 0x6B0B, 0xA513, 0x9CB1, 0x9450, 0xB553, 0x62C9,
  0x49E6, 0x41C5, 0x942F, 0xC594, 0xC5B5, 0xCDF6, 0x83AD, 0x41A5, 0x7B6C, 0xDE58, 0xEEF9, 0xDE77, 0xA490, 0x7B6C, 0x49E7, 0x3124,
  0x2924, 0x3985, 0x62A9, 0xACF2, 0xC5B4, 0xCDF5, 0xE6B8, 0xCDF5, 0xC5D5, 0x7B6B, 0xA4B0, 0x9C90, 0x62E9, 0x4A06, 0x6B2A, 0xA4D1,
  0x6AE9, 0x83ED, 0x944F, 0x8BED, 0x83CD, 0x3144, 0x20C2, 0x20E3, 0x20E3, 0x20E3, 0x20E3, 0x20E3, 0x20E3, 0x20E3, 0x20E3, 0x20E3,
  0x20C3, 0x20C2, 0x20C2, 0x20C2, 0x20C3, 0x20C2, 0x20C2, 0x20C2, 0x20C3, 0x20C3, 0x20C3, 0x20C3, 0x20E3, 0x20E3, 0x20C3, 0x18C3,
  0x18C2, 0x18C2, 0x18C2, 0x18C2, 0x18C2, 0x18C2, 0x18C2, 0x18A2, 0x18A2, 0x18A2, 0x18C2, 0x1081, 0x4A48, 0x3165, 0x1061, 0x20C2,
  0x20C2, 0x3165, 0x738D, 0x7BAE, 0x83EF, 0x736D, 0x83EE, 0xA4D2, 0x734C, 0x7B6C, 0xACF2, 0xA4B0, 0x838C, 0x83AD, 0x83CD, 0x5247,
  0x28E2, 0x62AA, 0x62AA, 0xDE58, 0xE6B9, 0xEEF9, 0xBD74, 0x6B0A, 0x5228, 0x3124, 0x3144, 0x41E6, 0x7BAD, 0xAD12, 0xDE98, 0xDE56,
  0xB511, 0xD636, 0xCE16, 0x7B6B, 0x9CB0, 0x9C6F, 0x6AE9, 0x4A06, 0x6B2A, 0xA4D1, 0x6B0A, 0x8C0E, 0x946F, 0x83CD, 0x7B6C, 0x2923,
  0x20E2, 0x20E3, 0x20E3, 0x20E3, 0x20E3, 0x20E3, 0x20E3, 0x20E3, 0x20E3, 0x20E3, 0x20C3, 0x20C2, 0x20C2, 0x20C2, 0x20C3, 0x20C2,
  0x20C2, 0x20C2, 0x20C2, 0x20C3, 0x20C3, 0x20C3, 0x20C3, 0x20E3, 0x20C3, 0x18C3, 0x18C2, 0x18C2, 0x18C2, 0x18C2, 0x18C2, 0x18C2,
  0x18C2, 0x18C2, 0x18C2, 0x18C2, 0x18A2, 0x18A2, 0x5249, 0x2103, 0x1081, 0x20C3, 0x20E3, 0x18A2, 0x83EE, 0x39A6, 0x1060, 0x20E3,
  0x4A07, 0x944F, 0x942F, 0xBD94, 0xF73A, 0xEEF9, 0xB533, 0x8C2E, 0x6AEA, 0x3123, 0x3965, 0x5A69, 0x3124, 0xB513, 0xE6B9, 0xEED9,
  0xB532, 0xCDD6, 0x6AEB, 0x3124, 0x3124, 0x62CA, 0xA4B1, 0xBD94, 0xEEF9, 0xCDD4, 0xACD0, 0xDE77, 0xD637, 0xA4B1, 0x9C90, 0x946F,
  0x6B0A, 0x4A06, 0x6B0A, 0x9CB0, 0x732A, 0x942E, 0x944F, 0x83CD, 0x734B, 0x3144, 0x20C3, 0x20C3, 0x20E3, 0x20E3, 0x20E3, 0x20E3,
  0x20E3, 0x20E3, 0x20E3, 0x20E3, 0x20E2, 0x18C2, 0x18C2, 0x20C3, 0x20C3, 0x18C3, 0x18C3, 0x20C3, 0x20C2, 0x20C2, 0x20C3, 0x20C3,
  0x20C3, 0x20C3, 0x20C3, 0x20C3, 0x20C2, 0x18C2, 0x18A2, 0x18A2, 0x18A2, 0x18A2, 0x20C2, 0x18C2, 0x18C2, 0x18C2, 0x18C2, 0x1882,
  0x4A48, 0x41E7, 0x18C2, 0x20E2, 0x20C2, 0x2924, 0x732B, 0x3165, 0x18C2, 0x20C2, 0x6AEB, 0xB512, 0xE698, 0xE6B8, 0xE6B8, 0xD5F5,
  0xB4F2, 0x6AC9, 0x6B0A, 0x3964, 0x4A28, 0x4A28, 0x3984, 0x8C0E, 0xB553, 0xB532, 0xEEB8, 0xFF3B, 0x9C71, 0x28E3, 0x3124, 0x8C0E,
  0xB532, 0xDE77, 0xE697, 0xBD73, 0xD636, 0xF71A, 0xEEFA, 0xF71A, 0x9C70, 0x946F, 0x6B0A, 0x4A06, 0x630A, 0x9CB0, 0x734B, 0x9C6F,
  0x944F, 0x83EE, 0x6B0A, 0x3164, 0x20C3, 0x20C3, 0x20E3, 0x20E3, 0x20E3, 0x20E3, 0x20E3, 0x20E3, 0x28E3, 0x20E3, 0x20E2, 0x18C2,
  0x18A2, 0x18A2, 0x18C3, 0x18C3, 0x18C3, 0x20C3, 0x20C2, 0x20C2, 0x20C3, 0x20C3, 0x20E3, 0x20C3, 0x20C3, 0x20C3, 0x20C2, 0x20C2,
  0x20C2, 0x20C2, 0x20C2, 0x20C2, 0x20C2, 0x18C2, 0x18C2, 0x18C2, 0x20C2, 0x18A2, 0x4A28, 0x4A07, 0x2903, 0x4A27, 0xA512, 0xC5D5,
  0xA4D1, 0x4A07, 0x18A1, 0x3165, 0x6B0A, 0x9C4F, 0x940E, 0xD636, 0xDE77, 0xB511, 0xACD1, 0x836C, 0xACD1, 0x8C0E, 0x6B2C, 0x2924,
  0x3164, 0x6B0A, 0x8C0D, 0x940D, 0xDE56, 0xB511, 0x730A, 0x5A68, 0x5A88, 0xA4D1, 0xA4B0, 0xD636, 0x7B4A, 0xA48F, 0xD636, 0xE6B8,
  0xEED9, 0xEED9, 0x9C90, 0x9C70, 0x6B0A, 0x4A06, 0x62E9, 0x9CB0, 0x732A, 0x944F, 0x944F, 0x8C0E, 0x62C9, 0x3965, 0x20C3, 0x20E3,
  0x20E3, 0x20E3, 0x20E3, 0x20C3, 0x18A2, 0x20C2, 0x20C2, 0x20C2, 0x20E2, 0x18A2, 0x18C2, 0x18C2, 0x18C2, 0x18C2, 0x18C2, 0x20C2,
  0x20C2, 0x20C2, 0x20C2, 0x20C3, 0x20E3, 0x20C3, 0x20C3, 0x20C3, 0x20C2, 0x20C2, 0x20C2, 0x20C2, 0x20C3, 0x20C3, 0x20C2, 0x18C3,
  0x18C3, 0x20E3, 0x18A2, 0x1861, 0x5269, 0x736D, 0x3144, 0x5AC9, 0xEF3A, 0xDE97, 0xB532, 0x5AC9, 0x2902, 0x5268, 0xAD12, 0xE6B8,
  0xC594, 0x9C4E, 0xCDB4, 0xA48F, 0x9C0E, 0xACD1, 0xC5B4, 0xC5D5, 0x83AE, 0x2903, 0x6B0A, 0x62EA, 0x8BEE, 0x8BED, 0xC5B4, 0xCDF5,
  0xD636, 0xEEF9, 0xB552, 0x9C8F, 0x9C4F, 0xBD53, 0x72E9, 0x732A, 0x83AC, 0x9C6F, 0xBD74, 0xDE57, 0x9C90, 0x9C70, 0x6B0A, 0x4A06,
  0x62E9, 0x9C90, 0x732A, 0x9C6F, 0x944F, 0x8BEE, 0x62A9, 0x39A5, 0x20C2, 0x18C2, 0x20C2, 0x20C2, 0x20C2, 0x2903, 0x41E7, 0x5248,
  0x4A07, 0x3985, 0x2923, 0x18E2, 0x18C2, 0x18C2, 0x18C2, 0x18C2, 0x18C2, 0x18C2, 0x20C2, 0x20C2, 0x20C2, 0x20C3, 0x20C3, 0x20C2,
  0x20C2, 0x20C2, 0x20C2, 0x20C2, 0x20C2, 0x20C3, 0x20E3, 0x20C3, 0x20C3, 0x20C3, 0x20E3, 0x1081, 0x3985, 0x83EE, 0x9450, 0x83EE,
  0x5A68, 0x28E1, 0xAD11, 0xD676, 0xBD93, 0xB573, 0x3143, 0x5A68, 0x83AC, 0xB533, 0xF73A, 0xE698, 0xACF1, 0x8BCD, 0xBD33, 0x9C0E,
  0xCDD4, 0xACF2, 0x5A68, 0x2923, 0x7B8C, 0x942F, 0x62EA, 0x4A27, 0x62E9, 0xC5D5, 0xEED8, 0xCE15, 0x9C6F, 0xC593, 0xCDB5, 0x7B2B,
  0x8BEE, 0x9C70, 0x7B4B, 0x9C70, 0x83AC, 0x6288, 0x9CB0, 0x9C70, 0x6B0A, 0x4A06, 0x62E9, 0x9C90, 0x734B, 0xA490, 0x944F, 0x83CD,
  0x5AA9, 0x41A6, 0x20C2, 0x18A2, 0x18C2, 0x18C2, 0x18C2, 0x3165, 0x4A07, 0x5A89, 0x6B2C, 0x4A28, 0x3164, 0x2944, 0x20E3, 0x18A2,
  0x18C2, 0x18C2, 0x18C2, 0x18C2, 0x20C2, 0x20C2, 0x20C2, 0x20C3, 0x20C3, 0x20C2, 0x20C2, 0x20C2, 0x20C2, 0x20C2, 0x20C2, 0x20C3,
  0x20C3, 0x20C3, 0x20E3, 0x20E2, 0x3144, 0x62EA, 0x736B, 0xE6B8, 0xE6D8, 0x83CC, 0x62C8, 0x5226, 0x5A87, 0xB553, 0xEED9, 0xCE16,
  0x5248, 0x5227, 0x8BEE, 0xBD74, 0xB533, 0xCDD5, 0x940D, 0xB511, 0xB4F1, 0x93ED, 0xBD32, 0x942E, 0x8BEE, 0x83CE, 0x8BEE, 0x83CE,
  0x83EE, 0x5AA9, 0x2923, 0xBD95, 0xACF1, 0x940D, 0xACB0, 0xACB1, 0xDE77, 0xACF1, 0x730A, 0x83AC, 0x8BCD, 0x7B4B, 0x5A67, 0x5227,
  0x9CB0, 0x9C70, 0x6B0A, 0x4A06, 0x62C9, 0x9C90, 0x736B, 0xA4D1, 0x8C2E, 0x7BAC, 0x62EA, 0x39A5, 0x20E2, 0x20E3, 0x20C2, 0x20C2,
  0x18C2, 0x2924, 0x41E7, 0x62EB, 0x6B0C, 0x4A28, 0x39A5, 0x3185, 0x3144, 0x2903, 0x20C2, 0x18A2, 0x20C2, 0x20C2, 0x20C2, 0x20A2,
  0x20C2, 0x20C3, 0x20C2, 0x20C2, 0x20C2, 0x20C2, 0x20C2, 0x20C2, 0x20C2, 0x20C2, 0x20E3, 0x20C2, 0x2903, 0x1881, 0x3984, 0xEF1A,
  0xD636, 0xDE76, 0xBDB3, 0x6B2A, 0x8C0E, 0x734B, 0x6AEA, 0x5227, 0x7B4B, 0xC5B5, 0x6AEA, 0x49C6, 0x8BCE, 0xACF1, 0x7B4B, 0x940D,
  0xA46F, 0xCDD5, 0xA46F, 0xACB0, 0xCDB4, 0xB512, 0xBD73, 0xF71A, 0xCDD5, 0x940E, 0xA4B1, 0x7B6C, 0x41A5, 0xCDD5, 0x8BED, 0x942E,
  0x9C2E, 0xC594, 0xEED9, 0x8BCD, 0x5226, 0x8BEE, 0x9C70, 0x6AC9, 0x5A68, 0x6288, 0x9C90, 0x946F, 0x6AEA, 0x4A06, 0x5AA8, 0x944F,
  0x736B, 0xA4F1, 0x944F, 0x7BAC, 0x6B0A, 0x3164, 0x20E3, 0x2103, 0x2103, 0x20E3, 0x18C2, 0x2903, 0x4A28, 0x5A69, 0x5A69, 0x5268,
  0x5248, 0x4A07, 0x41C5, 0x3143, 0x39A5, 0x41A6, 0x18A2, 0x20C2, 0x20C2, 0x20C2, 0x20C2, 0x20C2, 0x20A2, 0x20A2, 0x20A2, 0x20A2,
  0x20A2, 0x20A2, 0x20E2, 0x20E2, 0x2923, 0x2923, 0x18A1, 0x5A68, 0x9C90, 0xB533, 0xCE15, 0xB532, 0x6B0A, 0x5AA9, 0x62E9, 0x734B,
  0x734C, 0x6B2B, 0x62C9, 0x942F, 0x5247, 0x836C, 0xBD53, 0xB512, 0x8BAC, 0xE6B8, 0xCDD5, 0x83AC, 0x7B6B, 0x83AC, 0xD616, 0xE6B9,
  0xDE77, 0xF6F9, 0xE698, 0xEEF9, 0xDE98, 0x8C0E, 0xB552, 0xDE77, 0xC594, 0xB512, 0x7B2B, 0xC594, 0xDE77, 0x83CD, 0x5A47, 0x730A,
  0x6AE9, 0x6AC9, 0x72EA, 0x7B4B, 0x9C70, 0x944F, 0x6AEA, 0x4A06, 0x5AA8, 0x8C0E, 0x736B, 0xA4D1, 0x944F, 0x736C, 0x5A88, 0x2923,
  0x2103, 0x2103, 0x20E3, 0x20E3, 0x20C2, 0x2924, 0x4A28, 0x49E7, 0x5228, 0x4A07, 0x5248, 0x5247, 0x6B2B, 0x83CD, 0x5A88, 0x732B,
  0x41A6, 0x20C2, 0x20E3, 0x20E3, 0x2903, 0x2903, 0x2903, 0x2903, 0x2903, 0x2903, 0x2924, 0x3144, 0x3144, 0x3164, 0xB574, 0xA4F2,
  0x3123, 0x736C, 0xDE78, 0xBD94, 0x83AD, 0x732A, 0x62A9, 0x5A89, 0x7B8D, 0xA4F2, 0xA4D1, 0xBDB5, 0x83ED, 0x942E, 0x942F, 0xB533,
  0xF71A, 0xEEF9, 0xCDF5, 0xF71A, 0xDE77, 0x942E, 0xBD53, 0x62A8, 0xA4B1, 0xF73B, 0xEED9, 0xE6B8, 0xEED9, 0xEF1A, 0xCDD5, 0x9C90,
  0xE6D9, 0xEED8, 0xACD0, 0x730A, 0x7B4B, 0x8BED, 0xCDD5, 0x9C4F, 0x62A8, 0x730A, 0x7B4B, 0x732B, 0x730A, 0x8BAD, 0x9C70, 0x944F,
  0x6B0A, 0x4A06, 0x62C8, 0x8C0D, 0x736B, 0x9CB0, 0x8C0E, 0x736B, 0x5247, 0x2102, 0x2103, 0x2103, 0x20E3, 0x20E3, 0x20C2, 0x2904,
  0x5249, 0x41C6, 0x5248, 0x62C9, 0x83CD, 0x736C, 0x7B8C, 0x9CB1, 0x734B, 0x5A89, 0x736C, 0x39A6, 0x2903, 0x3144, 0x3144, 0x3144,
  0x3144, 0x3144, 0x3144, 0x3144, 0x3985, 0x3985, 0x41C5, 0xA4B1, 0xDE98, 0xE6D9, 0x8BEE, 0x41E6, 0x49E6, 0x5248, 0x39A5, 0x41C6,
  0x83CE, 0x20E3, 0x20C2, 0x734C, 0x9470, 0xBD94, 0x7B8C, 0x7B6B, 0xEED9, 0xDE57, 0xE6B9, 0xEED9, 0xEEF9, 0xEED9, 0xE677, 0xE698,
  0xEEF9, 0x734B, 0x5A48, 0xC5D5, 0xE6D9, 0xCDD5, 0xE698, 0xEEF9, 0xEF19, 0xCE15, 0xD656, 0xE6B8, 0xBD52, 0xACD1, 0xBD73, 0xB532,
  0xB532, 0x944F, 0x8C0E, 0xA4B0, 0x6288, 0x732B, 0x6AEA, 0x6AA9, 0x9C70, 0x944F, 0x6B0A, 0x4A06, 0x62C9, 0x8C0D, 0x736B, 0x9CB0,
  0x83ED, 0x736B, 0x5AA9, 0x2943, 0x2103, 0x20E3, 0x20C3, 0x20E3, 0x20E3, 0x18A2, 0x3165, 0x5248, 0x732B, 0x83AD, 0x7B6C, 0x83CD,
  0x6B0A, 0x5267, 0x8C4F, 0x41E6, 0x4A06, 0x6B0B, 0x49E7, 0x3985, 0x39A5, 0x39A6, 0x41C6, 0x41C6, 0x41C6, 0x4A07, 0x5248, 0x5248,
  0x6AE9, 0xE6D9, 0xE6D9, 0xE6D9, 0xAD12, 0x62C9, 0x3984, 0x3124, 0x3144, 0x39A6, 0x7B6D, 0x2924, 0x1861, 0x62CA, 0xB574, 0x944F,
  0x5A87, 0xACF1, 0xF71A, 0xEED9, 0xEEF9, 0xEEF9, 0xE698, 0xEED9, 0xEEF9, 0xEEF9, 0xE6B8, 0x7B8C, 0x49E6, 0x9C70, 0xDE98, 0xB552,
  0xDE77, 0xE6D8, 0xD636, 0xEF19, 0xF75A, 0xD615, 0x9C4E, 0xE698, 0xFF9C, 0x8BEE, 0x732B, 0x9C6F, 0xD616, 0xEEF9, 0x7B6B, 0x5A48,
  0x7B2B, 0x6AEA, 0x946F, 0x946F, 0x6B0A, 0x49E6, 0x62C9, 0x8C0E, 0x736B, 0x9CB0, 0x83ED, 0x736B, 0x736B, 0x4A27, 0x2903, 0x20E3,
  0x20C2, 0x20C3, 0x20E3, 0x20C2, 0x18A2, 0x5248, 0x62EA, 0x734C, 0x62EA, 0x62C9, 0x8C0E, 0x39A5, 0x944F, 0x5AA9, 0x20E2, 0x5A89,
  0x62EB, 0x3165, 0x41A6, 0x41A5, 0x41C6, 0x41C6, 0x41E6, 0x41E6, 0x41E6, 0x49E6, 0x5247, 0xB532, 0xE6B8, 0xD657, 0xCE16, 0x5AA9,
  0x3985, 0x3144, 0x3985, 0x3145, 0x3124, 0x41C7, 0x3985, 0x8C0F, 0x8C0E, 0x8BED, 0x6B2A, 0x736B, 0xCDD5, 0xEEF9, 0xEEF9, 0xE6B8,
  0xC594, 0xDE77, 0xF71A, 0xD636, 0xB553, 0x9C70, 0x41C6, 0x83CE, 0xC5B5, 0xDE78, 0xE6B8, 0xD657, 0xA4B0, 0xA4D0, 0xEED9, 0xCDF5,
  0xD636, 0xE698, 0x9C6F, 0x732A, 0x83AC, 0xC594, 0xDE77, 0xD637, 0xB512, 0x6288, 0x7B6B, 0xBD53, 0x946F, 0x944F, 0x6AEA, 0x41C6,
  0x62A9, 0x8BEE, 0x7B8C, 0xA4D0, 0x83ED, 0x7B8C, 0x7B8C, 0x734B, 0x41E6, 0x2923, 0x20A2, 0x20C2, 0x20C2, 0x20C2, 0x18A2, 0x39A5,
  0x736D, 0x62CA, 0x7BAD, 0x5247, 0x83AD, 0x3164, 0x5A89, 0x62C9, 0x2923, 0x20E3, 0x2924, 0x3985, 0x49C6, 0x5207, 0x5207, 0x5A88,
  0x5A89, 0x62C9, 0x6AEA, 0x732B, 0xCE16, 0xEEF9, 0xDE57, 0xC594, 0xACD1, 0x734C, 0x5228, 0x5248, 0x62EA, 0x62CA, 0x41C6, 0x5269,
  0x8C50, 0x840E, 0xAD12, 0x944E, 0x4A27, 0x7BAD, 0xDEB8, 0xE6D8, 0xE6D8, 0xE6B8, 0xDE57, 0xE6B8, 0xEED9, 0xEED8, 0xBD52, 0x8BED,
  0x49E6, 0x62C9, 0x6B0B, 0xD637, 0xDE78, 0xDE78, 0xEF1A, 0xDE77, 0xCDD5, 0xC5D5, 0xDE57, 0xB512, 0xAD11, 0x942E, 0x7B8C, 0x732B,
  0xBD74, 0xDE78, 0x9C90, 0x732B, 0x940E, 0x7B8C, 0x946F, 0x944E, 0x6B0A, 0x49E6, 0x5AA9, 0x8BEE, 0x7B8C, 0xA4D1, 0x83ED, 0x83CD,
  0x7BAC, 0x736C, 0x62C9, 0x5A68, 0x20C2, 0x20C2, 0x20C2, 0x20C2, 0x20A2, 0x3144, 0x5AAA, 0x41E6, 0x734C, 0x41C5, 0x62EA, 0x4A07,
  0x39A5, 0x5247, 0x5AA9, 0x734C, 0x736D, 0x83AE, 0x942F, 0x9C70, 0x9C70, 0x9450, 0x9C90, 0xA4B1, 0x9450, 0xA4B1, 0xE6B9, 0xEED9,
  0xF719, 0xCDB4, 0x49C5, 0x3164, 0x62EA, 0x6B0B, 0x734C, 0x62EA, 0x6B2B, 0x4A28, 0x4A28, 0x20E2, 0x5288, 0x736B, 0x5267, 0x5247,
  0xC5F5, 0xEEF9, 0xE698, 0xE6B8, 0xEED8, 0xEED8, 0xE6B8, 0xE6B8, 0xA490, 0x83AC, 0x5227, 0x41C5, 0x4A07, 0x7B8C, 0x5AA8, 0x7B8C,
  0x9C8F, 0xCE35, 0xDEB7, 0xDE76, 0xEEF9, 0xF73A, 0xE6B9, 0x7B6C, 0x734B, 0x944F, 0xDE78, 0xD657, 0xD637, 0x7B6B, 0xBD53, 0xACD1
};

const uint16_t life_03[10800] = {
  0x18A1, 0x18C2, 0x18A2, 0x18A2, 0x18C3, 0x1882, 0x1081, 0x10A2, 0x10A2, 0x10A2, 0x18A2, 0x18A2, 0x18A2, 0x1881, 0x18A1, 0x10A1,
  0x1081, 0x1061, 0x1061, 0x1081, 0x18A1, 0x1081, 0x1081, 0x1061, 0x1061, 0x1081, 0x1081, 0x0881, 0x0861, 0x0860, 0x1060, 0x1040,
  0x0800, 0x6B0B, 0xB574, 0x9C90, 0xB512, 0x9C2E, 0xACD1, 0x9C2E, 0x8B8C, 0x940E, 0xA470, 0xAD74, 0xB533, 0xBD73, 0xBD73, 0xC595,
  0xB575, 0xB595, 0xCDF7, 0xB4F3, 0x93AE, 0xACB2, 0x9C50, 0xA491, 0x942F, 0x9CB1, 0x9CD1, 0x9C91, 0x9451, 0xA471, 0xA492, 0xACF3,
  0xBD73, 0xBD34, 0xAC92, 0x838D, 0x834B, 0x8BCD, 0xA46F, 0xBD53, 0x944F, 0x7268, 0x7248, 0xBCB1, 0xDED9, 0xDE99, 0xACD1, 0xB553,
  0xBD95, 0xACF2, 0xBD94, 0x9C4F, 0x940E, 0xA46F, 0x9C2E, 0x836C, 0x7B0B, 0x6A67, 0x1061, 0x1061, 0x1061, 0x1061, 0x1082, 0x18A2,
  0x18A2, 0x10A1, 0x18A2, 0x10A1, 0x1081, 0x1082, 0x1081, 0x1061, 0x1081, 0x1060, 0x0860, 0x0860, 0x1080, 0x1060, 0x1060, 0x0840,
  0x1060, 0x1061, 0x1061, 0x1081, 0x1081, 0x1061, 0x18C1, 0x2923, 0x5A68, 0x5226, 0x30E3, 0x7B6C, 0xBD95, 0xB594, 0xACF1, 0x93EE,
  0xACB1, 0xBD53, 0x8BED, 0xA490, 0xBD54, 0xBDD5, 0xAD12, 0x93ED, 0xA42E, 0x836C, 0x9CB1, 0xAD95, 0xCE58, 0xB513, 0x9C0E, 0xB4F1,
  0xBD12, 0xB512, 0x9C4F, 0xA4F1, 0xBDB5, 0xD637, 0xC595, 0xBD34, 0xC595, 0xB553, 0xA46F, 0x9C2F, 0xC574, 0xACD2, 0x8BAD, 0x7B2B,
  0xBD33, 0xCE16, 0xACB1, 0x5964, 0x8268, 0xB44F, 0xE719, 0xDEF9, 0xB554, 0xD617, 0xB4F2, 0xBD33, 0xA4B0, 0x83AC, 0xA4D1, 0xACF1,
  0xA44F, 0xB491, 0xB4D1, 0x72E8, 0x0861, 0x0861, 0x1061, 0x1061, 0x1061, 0x1061, 0x1081, 0x1081, 0x1081, 0x1081, 0x1081, 0x1081,
  0x1081, 0x1081, 0x1881, 0x18A1, 0x2923, 0x2923, 0x20C1, 0x2903, 0x3164, 0x41E6, 0x6B0B, 0x62C9, 0x5248, 0x28E2, 0x20A1, 0x20A2,
  0x3123, 0x49A5, 0x93AC, 0x9BEC, 0x6A88, 0x7B2B, 0xC5F6, 0xD698, 0xCE36, 0xA4B0, 0xB532, 0xBD74, 0x944E, 0x9C0E, 0xA470, 0xBDD4,
  0xA4F0, 0x8329, 0xC4B0, 0x7247, 0x734B, 0xC657, 0xB553, 0xACB1, 0x8BAB, 0x8B8B, 0xC532, 0xB533, 0x83AC, 0x838B, 0x8C0E, 0x9C0D,
  0x938C, 0x834B, 0xA490, 0xDE57, 0x8B6B, 0x8B6B, 0xB4F2, 0xACF2, 0xCD94, 0x830A, 0x8B0B, 0x9C4F, 0x8BAD, 0x69E6, 0x934B, 0xAC4E,
  0xA44E, 0xC5F5, 0xB595, 0xA451, 0x7289, 0x8B2A, 0x7B09, 0x8BCD, 0x93EE, 0xB532, 0x940E, 0xAC90, 0xB4F0, 0x7B08, 0x0861, 0x0861,
  0x1061, 0x1061, 0x1061, 0x1061, 0x1082, 0x10A2, 0x1081, 0x10A2, 0x10A2, 0x18C2, 0x18C2, 0x1061, 0x18C2, 0x3943, 0x49C5, 0x41A5,
  0x3964, 0x49E6, 0x4A07, 0x9450, 0x83EE, 0x4A06, 0x4A06, 0x4A06, 0x4185, 0x28A1, 0x30C2, 0x4964, 0x6A47, 0x82C8, 0x6A67, 0x62C9,
  0xAD33, 0xAD33, 0xAD53, 0x9C6F, 0x8B6C, 0xBD53, 0xBDB4, 0xA490, 0x8BAD, 0x9CB0, 0x8BEC, 0x8348, 0x9B6A, 0xA34B, 0x4984, 0x6AA8,
  0x7AC9, 0xAC0E, 0xA3CC, 0x938C, 0xB4B1, 0xB534, 0x83AD, 0x6AC9, 0x72C8, 0x9B8A, 0xA3AA, 0x82C8, 0x8BCD, 0xACD2, 0xCD75, 0xD5D6,
  0xB511, 0x8BCC, 0xA42E, 0x930A, 0x6984, 0x7AA8, 0x6A26, 0xAC0E, 0xF73A, 0xBDB3, 0x92C9, 0xBC90, 0xDF1A, 0x93EF, 0x7185, 0x6963,
  0x61A4, 0x7268, 0x6A68, 0x93EE, 0x62A8, 0xCE36, 0x9C2D, 0x8B28, 0x1082, 0x1082, 0x1061, 0x1061, 0x0861, 0x0841, 0x0000, 0x0000,
  0x0861, 0x0020, 0x0840, 0x1041, 0x18C2, 0x20A1, 0x6268, 0x6268, 0x6288, 0x5205, 0x6AA7, 0x834B, 0x20A1, 0x28E2, 0x5A67, 0x6AC9,
  0x1020, 0x3985, 0x49C6, 0x2860, 0x40E2, 0x40E2, 0x7AA9, 0x8B6B, 0x9C8E, 0x83CC, 0x7B8B, 0x734A, 0x5A67, 0x942F, 0xC616, 0xAD33,
  0x944F, 0xA46F, 0xBD94, 0xA554, 0x842E, 0x836A, 0x934A, 0x92C9, 0x69E5, 0x69A4, 0x7A06, 0x9BAB, 0x8309, 0x8B6A, 0xA48F, 0xCE17,
  0xA4D2, 0x6A87, 0x61E3, 0xA38A, 0xA38A, 0x9B8A, 0x8BEC, 0x9C0E, 0xB44F, 0xCCD1, 0xF6D8, 0xCD94, 0xBCD1, 0x8B4A, 0x7A05, 0x932A,
  0x8B4B, 0x938C, 0xD616, 0xEF3A, 0x8AA8, 0x8A05, 0x93AC, 0x5186, 0x6165, 0x69C5, 0x48C2, 0x82EA, 0x836C, 0x7AEA, 0x7B4B, 0xE71A,
  0x93EB, 0x92E8, 0x0800, 0x0000, 0x0800, 0x0820, 0x0820, 0x31A6, 0x73AE, 0x5AEB, 0x2924, 0x9CF3, 0x8C30, 0x49E7, 0x4A27, 0x1040,
  0x5227, 0xC5B5, 0xEF5B, 0xD677, 0x6AC8, 0x5A06, 0x5206, 0x9C70, 0x942F, 0x6AA8, 0x6268, 0x20A2, 0x28C2, 0x4964, 0x59C6, 0x5164,
  0x72A9, 0x6AA8, 0x6B09, 0x734A, 0x5A67, 0x5A66, 0x72C8, 0x940E, 0xC616, 0xDEF9, 0x942E, 0xC552, 0xD616, 0xDF5C, 0xB5F6, 0x8C0D,
  0xA42E, 0x5943, 0x8226, 0x9AEA, 0xAB8C, 0xAC6E, 0x8309, 0x8B29, 0x8BAB, 0x834B, 0x836B, 0x72C8, 0x6A47, 0xA46F, 0xA46E, 0xA46E,
  0x93AA, 0xA3CA, 0x8AE6, 0x7A45, 0xB44E, 0xBD32, 0xD636, 0xDEB8, 0x834A, 0xDE78, 0xFFFF, 0xDE99, 0xCE58, 0xFFFF, 0xAC0D, 0x9245,
  0x69E5, 0x5A07, 0x9BCF, 0x6207, 0x38E3, 0x51E7, 0xACD1, 0x8B6C, 0xACD1, 0xEF1A, 0xB4EF, 0x9B29, 0x7B8D, 0x7B6D, 0x7B4C, 0x41A6,
  0x5AA9, 0xFFBD, 0xFFFF, 0xF79D, 0xA4D2, 0xFFDF, 0xBD75, 0x72C9, 0x3964, 0x3144, 0x732B, 0xDEB9, 0xFFFE, 0xFFFE, 0xC616, 0xC616,
  0xF7BD, 0xFFFF, 0xFFFE, 0xA4D1, 0x4985, 0x30A1, 0x30C2, 0x5206, 0x5A47, 0x3102, 0x5A27, 0x3122, 0x3102, 0x3943, 0x49E6, 0x4143,
  0x4142, 0x6267, 0x5A67, 0x736B, 0x7B6B, 0xBD11, 0xA44E, 0xAD13, 0xB574, 0xAD10, 0x41A4, 0x5184, 0x92EA, 0xBC0F, 0xBC91, 0xA40E,
  0x8B8C, 0x6A47, 0x59A4, 0x5142, 0x59A4, 0x8309, 0xEEDB, 0xFFFF, 0xFFFF, 0xFFBD, 0xBCD0, 0xA40B, 0xCD70, 0xB4D0, 0x7267, 0x79E4,
  0x8287, 0xDE15, 0xC573, 0xCDD5, 0xDE57, 0xF71A, 0xFFBD, 0xFFFF, 0xC594, 0xBC8F, 0x938C, 0x4964, 0x8AC9, 0x7247, 0x38E2, 0x5A68,
  0x9C4F, 0x9C2E, 0xDE57, 0xE6F9, 0xCDB3, 0x934A, 0xFF9C, 0xDE57, 0xB512, 0x93EE, 0x730A, 0xDE98, 0xD637, 0x9C70, 0xACB1, 0x6AA9,
  0x4965, 0x4984, 0x3922, 0x7AE9, 0x59C5, 0x6246, 0xF75B, 0xEF7B, 0xFFFE, 0xFFFE, 0xFFFE, 0xAD54, 0x9CF2, 0xF79D, 0x5A07, 0x3860,
  0x4923, 0x2060, 0x4164, 0x3984, 0x3984, 0x1020, 0x4164, 0x5A88, 0x5AA9, 0x4184, 0x51C4, 0x9C0D, 0x49C5, 0x3102, 0x3984, 0x5246,
  0x6206, 0x6A68, 0x8BAB, 0xA44D, 0x2040, 0x7B2C, 0x9BAE, 0x938D, 0xC574, 0xC533, 0xAC91, 0xA42F, 0x59A5, 0x61A4, 0x59A4, 0x9C6F,
  0xD656, 0x836C, 0xDE17, 0xFFBD, 0xF77C, 0xBCF0, 0xABAB, 0xEEB8, 0xDE77, 0x9AE9, 0x9246, 0x82C7, 0x93AB, 0x6183, 0x9B29, 0xABAB,
  0xAC2F, 0xF79D, 0xF77C, 0xCDF6, 0xCE57, 0x7AE9, 0xAB6B, 0xAB4B, 0x5984, 0x8BCD, 0xB532, 0xCDB4, 0xD616, 0xD698, 0xEF1A, 0xCD94,
  0xFF3A, 0xCDD5, 0x8BAC, 0x6AA8, 0x5226, 0x5A67, 0x6AC9, 0x4984, 0x51C5, 0x6206, 0x59C6, 0x6A48, 0xA470, 0xCDB5, 0x8B2A, 0x6A26,
  0xCDD4, 0xD6B8, 0xF7BC, 0xD657, 0x7B2B, 0x93EE, 0x5207, 0xBDB5, 0xAD13, 0x40C1, 0x61A5, 0x30A1, 0x5185, 0x3102, 0x1860, 0x730B,
  0xCE37, 0xFFDD, 0xFFDE, 0x8BCE, 0x59E5, 0x8B6B, 0x3923, 0x2881, 0x1860, 0x1840, 0x4124, 0x30E2, 0x9B89, 0xABEA, 0x1820, 0x6B2C,
  0x4186, 0x6ACA, 0xFFBE, 0xDE17, 0x8B8D, 0xACB2, 0x6248, 0x5984, 0x8B6B, 0x942E, 0x62A7, 0x61A4, 0x7A27, 0x93ED, 0xFFFF, 0xDDF5,
  0x9245, 0x8AC8, 0xBD73, 0xACB0, 0xDE16, 0xD657, 0x940D, 0x6983, 0x7182, 0x7163, 0x4080, 0xACB1, 0xFFFF, 0xDEFB, 0xC638, 0x8B6D,
  0x6985, 0x71E7, 0x7AA9, 0xBDD5, 0xBD74, 0xC5B4, 0xACD1, 0xC5F5, 0xFFBD, 0xF75C, 0xEE56, 0xB4F1, 0xA44E, 0x72C8, 0x5226, 0x4A06,
  0x3984, 0x4985, 0x49A5, 0x5207, 0x72EA, 0xF71B, 0xFFFF, 0xFFFF, 0xE6B8, 0xEE98, 0xDEB8, 0xD6B8, 0xEF5B, 0xA46F, 0x830A, 0x836C,
  0x30C2, 0x62AA, 0xC5F6, 0x9C4F, 0x9C2E, 0x4964, 0x40E3, 0x28A1, 0x732B, 0xF79D, 0xFFFE, 0xEF7C, 0xF77D, 0xFFDE, 0xBCF2, 0x5A06,
  0x3903, 0x2860, 0x2081, 0x4125, 0x39A6, 0x4163, 0xC48B, 0x9B47, 0x1000, 0x5208, 0x5A68, 0x3965, 0x7B2C, 0x5A07, 0x51C6, 0x6268,
  0x6AA9, 0x6227, 0x6247, 0x6AA8, 0x6226, 0x71A4, 0x79E6, 0x38A1, 0x9C90, 0xF6D8, 0xDD10, 0xC4D0, 0x9BCC, 0xB4F1, 0xFFFF, 0xEF5B,
  0xA40C, 0x9265, 0xBB28, 0xA286, 0x79C3, 0x8B4A, 0xE6D9, 0xF7BD, 0xFFFF, 0xF75C, 0x93CE, 0x6A49, 0xDE99, 0xFFFF, 0xFF9E, 0xEF3B,
  0xA4D1, 0xC5D4, 0xF77C, 0xDEB9, 0xD510, 0x8B09, 0x51E5, 0x5A27, 0x5227, 0x18C1, 0x18A1, 0x1881, 0x18A1, 0x1881, 0x20C2, 0x840F,
  0xFFDE, 0xFFDD, 0xEF19, 0xCDF4, 0xDEB8, 0xDED9, 0xDE98, 0x834B, 0x93CD, 0x7B0B, 0x6A48, 0x93F0, 0xF79E, 0xD6D9, 0x8C0D, 0xA42E,
  0x9C2E, 0x5226, 0x8C0E, 0xF77D, 0xFFDE, 0xE6D9, 0xB533, 0xE6DA, 0xD5D6, 0x5A67, 0x30C2, 0x2860, 0x2881, 0x8BAF, 0x9C4F, 0x6A44,
  0xED4E, 0x8A65, 0x2061, 0x3124, 0x93EE, 0xACD2, 0x730B, 0x72CA, 0x30C2, 0x3102, 0x5A06, 0x6A88, 0x51C5, 0x7B4A, 0x7287, 0x8246,
  0x8206, 0x5963, 0x6288, 0xA46F, 0xD593, 0xFFBC, 0xDE77, 0xACF2, 0xF7BE, 0xBDB4, 0xB46E, 0x8A05, 0xB265, 0xBA86, 0x7922, 0x938C,
  0xDE78, 0xEF5B, 0xEF5C, 0xF7DE, 0xF7BE, 0xF75D, 0xFFFF, 0xFFDE, 0xFFDE, 0xFFFF, 0xDE98, 0xC5F5, 0xE71A, 0xD678, 0x92C8, 0x6A26,
  0x49A4, 0x28C1, 0x18A1, 0x1081, 0x10A2, 0x10A2, 0x10A2, 0x1081, 0x0881, 0x0000, 0x5288, 0xC5B3, 0x9C6D, 0xBD51, 0xCDF5, 0xBD94,
  0x93ED, 0x9BAC, 0x72C9, 0x3123, 0x3904, 0xDE39, 0xFFFF, 0xA4D1, 0x4163, 0xA44F, 0xD5F6, 0x7B4B, 0x940E, 0xFF7C, 0xDE78, 0xC573,
  0x8BAC, 0x4185, 0x6268, 0x49E5, 0x3923, 0x5985, 0x30A1, 0x59E7, 0x7AC8, 0x9B26, 0xDC4A, 0x6962, 0x1000, 0x3965, 0x5248, 0x41C6,
  0x6AEA, 0x8BAE, 0x2081, 0x3123, 0x51E6, 0x5A48, 0x730B, 0xE71B, 0xD657, 0x6A07, 0x6985, 0x5103, 0xB4F2, 0xEF5C, 0xCE17, 0xE6F9,
  0xB532, 0x9C4F, 0xD6B9, 0xD678, 0xFF9C, 0xBC90, 0x91C3, 0xA1A3, 0x81A4, 0xE678, 0xEF1A, 0xEF3B, 0xEF5C, 0xEF9D, 0xFFFF, 0xFFFF,
  0xFFDF, 0xFFFF, 0xFFFF, 0xFFFF, 0xF79D, 0xD678, 0xEF3B, 0xE6DA, 0x7247, 0x4984, 0x28E2, 0x1860, 0x1081, 0x10A2, 0x10C2, 0x10A1,
  0x0840, 0x0860, 0x10A2, 0x0861, 0x3964, 0x9C2C, 0xAC6D, 0xC4F0, 0xD5F5, 0xFF5C, 0xCD73, 0x82A8, 0x61E6, 0x49E6, 0x3966, 0x9450,
  0xA512, 0x830A, 0x40A1, 0xBD12, 0xFF7C, 0xA470, 0x834A, 0xD5B4, 0x6A67, 0x38C1, 0x6226, 0x3923, 0x20A2, 0x49E6, 0x6227, 0x7247,
  0x5164, 0x61C6, 0x7245, 0xA346, 0xC388, 0x48C0, 0x6B0B, 0xBDD6, 0x6B4B, 0x20E3, 0x20A2, 0x1881, 0x1080, 0x2103, 0x3965, 0x62CB,
  0xC5F7, 0xFFFF, 0xFFFF, 0xF73C, 0x6A49, 0x6208, 0xEF3C, 0xFFFF, 0xFFFF, 0xFFDE, 0xAC4E, 0xA44F, 0xFFBD, 0xEF7C, 0xF79C, 0xFFDD,
  0xCCB0, 0xAAE9, 0xCD13, 0xFFDE, 0xE6FA, 0xDE98, 0xE6B9, 0xF77D, 0xFFFF, 0xFFFF, 0xFFFF, 0xFFFF, 0xFFFF, 0xFFDE, 0xFFBE, 0xEF3C,
  0xEF1B, 0xDEB9, 0x1861, 0x1082, 0x1081, 0x1082, 0x1082, 0x10A1, 0x08A0, 0x3163, 0x6287, 0x41C5, 0x18E3, 0x0000, 0x5A68, 0xA46F,
  0x9BCB, 0x82E9, 0x8BAD, 0x836D, 0x9BEE, 0x6227, 0x28A1, 0x18A2, 0x1041, 0x0800, 0x3103, 0x6AA9, 0x2861, 0x834C, 0xDE17, 0x72A9,
  0x4943, 0x7A26, 0x9B2A, 0xBC4F, 0xACB0, 0x6A88, 0x28E3, 0x3985, 0x49E5, 0x6A06, 0x6965, 0x3840, 0x48A0, 0xC3C9, 0xB307, 0x48E2,
  0xC5D5, 0xFFFF, 0xBDF7, 0x2985, 0x0000, 0x2103, 0x4227, 0x1081, 0x2924, 0x1082, 0x8C51, 0xFFFF, 0xFFDE, 0xFFFF, 0xD67A, 0xE6DB,
  0xFFFF, 0xFFFF, 0xFFFF, 0xF79C, 0x6206, 0x6227, 0xEF5C, 0xDEDA, 0xEEFA, 0xF77C, 0xFF9C, 0xFF7C, 0xFFFE, 0xFFDE, 0xF77C, 0xD678,
  0xCE17, 0xFF9E, 0xFFFF, 0xFFFF, 0xFFFF, 0xFFFF, 0xFFFF, 0xE6FB, 0xEF5C, 0xE6F9, 0xEED9, 0xEEFA, 0x3103, 0x20C2, 0x1081, 0x1082,
  0x1082, 0x0860, 0x2902, 0x9C4D, 0xA40C, 0xB4D0, 0x3985, 0x1040, 0x28E2, 0x8B8C, 0x6A66, 0x6206, 0x38C2, 0x2881, 0x59C6, 0x1000,
  0x1060, 0x1040, 0x2881, 0x5164, 0x30C2, 0x1800, 0x20A1, 0x18A1, 0x49C6, 0x6AA9, 0x6227, 0x4902, 0x9AEA, 0xBC4F, 0x8B4B, 0x51C5,
  0x1860, 0x2903, 0x3103, 0x2881, 0x7206, 0xBC4D, 0xC44C, 0xE44B, 0xB2A6, 0x5902, 0xBD94, 0xFFBE, 0xFFBF, 0xBDD7, 0x3185, 0xA534,
  0x738D, 0x2103, 0x31A6, 0x18C2, 0x10A2, 0xEF5C, 0xFFFF, 0xFFFF, 0xFFFF, 0xFFFF, 0xFFFF, 0xFFFF, 0xFFFF, 0xC5D5, 0x40C1, 0x4123,
  0xAD34, 0xCE38, 0xDEB9, 0xDED9, 0xEF3B, 0xEF3B, 0xF77C, 0xE6FA, 0xF77C, 0xE6FA, 0xEF3B, 0xFFFF, 0xFFFF, 0xFFFF, 0xFFFF, 0xFFDF,
  0xFF9E, 0xDEB9, 0xDE57, 0xD636, 0xC593, 0xE6D9, 0x836C, 0x2903, 0x1081, 0x10A2, 0x18A2, 0x0840, 0x7B4B, 0xDDF4, 0xD5D3, 0x72E9,
  0x1040, 0x1061, 0x1860, 0x41A5, 0x3102, 0x832B, 0xB4B1, 0xA3EE, 0x7B0B, 0x1000, 0x1820, 0x40C2, 0x8226, 0xCC6D, 0xD551, 0x7288,
  0x1020, 0x4227, 0xCE37, 0xACD2, 0x5A07, 0x4123, 0x5964, 0x5964, 0x4903, 0x3902, 0x2081, 0x20A2, 0x28C3, 0x2860, 0xBC4D, 0xFE12,
  0xD46B, 0xBB05, 0x8141, 0x71C5, 0xEF1A, 0xFFFF, 0xFFDF, 0xFFFF, 0xFFDF, 0xE71B, 0x4A48, 0x4207, 0x39C6, 0x3165, 0x7BAD, 0xBD94,
  0xFFFF, 0xFFDF, 0xFFFF, 0xFFFF, 0xFFFF, 0xFFDF, 0xFFFF, 0xBD94, 0x5964, 0x5144, 0xACF3, 0xCE58, 0xE71B, 0xF79D, 0xFFBD, 0xE71B,
  0xEF1B, 0xD678, 0xF77B, 0xDE98, 0xEF3C, 0xFFFF, 0xFFFF, 0xFFDF, 0xFFFF, 0xF79E, 0xF73C, 0xCDF6, 0xD636, 0xD5F5, 0xC593, 0xDE98,
  0x30E2, 0x0820, 0x0881, 0x0861, 0x1061, 0x1081, 0x6AC9, 0x72C9, 0x5A47, 0x3964, 0x20E2, 0x4207, 0x18A1, 0x0840, 0x18A1, 0x4164,
  0x93AD, 0x8B6C, 0x6AA9, 0x1020, 0x1800, 0x5143, 0xBBCA, 0xE4EC, 0xE56E, 0xD571, 0x49A5, 0xCE38, 0xC657, 0x7B6C, 0x30E2, 0x30E2,
  0x836D, 0x51A6, 0x40E3, 0x82EB, 0x3944, 0x1882, 0x30C3, 0x40C2, 0x9AA7, 0xAAC6, 0x9AE7, 0x92E6, 0x8AEA, 0x82EA, 0xD677, 0xFFFF,
  0xFFFF, 0xFFDF, 0xFFFF, 0xD6BA, 0x5ACA, 0x39A6, 0x2903, 0x41A5, 0xD616, 0x942E, 0xFFDF, 0xFFDF, 0xFFFF, 0xFFFF, 0xFFFF, 0xFFBE,
  0xD6BA, 0xBD95, 0x69C5, 0x7206, 0xBD75, 0xDEFB, 0xF77D, 0xFFFE, 0xFFFE, 0xFFDE, 0xF77D, 0xE6FA, 0xF75B, 0xDED9, 0xF77D, 0xFFFF,
  0xFFDF, 0xFFDE, 0xFFFF, 0xEF5D, 0xEEFB, 0xDE99, 0xDE78, 0xD616, 0xE698, 0xE6DA, 0xDE78, 0x738C, 0x18A2, 0x2924, 0x2924, 0x20E3,
  0x3964, 0x30E2, 0x20E1, 0x9C91, 0x3985, 0x5A89, 0x41C6, 0x1060, 0x10A1, 0x1881, 0x3964, 0x1840, 0x2081, 0x1881, 0x1860, 0x4122,
  0x6A05, 0xBC2C, 0xEDB1, 0xD511, 0x7B0B, 0xFFFF, 0xE71B, 0x62C9, 0xCDD6, 0xE6FB, 0xFFFF, 0xD637, 0x6A89, 0x3903, 0x28C2, 0x1861,
  0x2061, 0x30C2, 0x9BCD, 0xCDD5, 0xF75B, 0xFFFF, 0xC5F6, 0x6247, 0xE6DA, 0xFFFF, 0xFFFF, 0xFFFF, 0xFFFF, 0xB5B6, 0x4207, 0x31A6,
  0x20C2, 0x28E2, 0xB4B1, 0xAC4F, 0xCDF6, 0xFFFF, 0xFFFF, 0xFFFF, 0xFFFF, 0xEF5D, 0xB575, 0xB533, 0x71C5, 0x7A47, 0xC5B6, 0xF79E,
  0xFFDE, 0xFFFF, 0xFFFF, 0xFFFF, 0xFFDF, 0xE6B9, 0xEEFA, 0xF79D, 0xFFFF, 0xFFFF, 0xFFDF, 0xFFDF, 0xFFFF, 0xE71B, 0xEF5C, 0xFFFF,
  0xFFBD, 0xD637, 0xEF1A, 0xF77C, 0xD5F6, 0x942F, 0xB554, 0xBD95, 0xE6FB, 0x9CD2, 0xC617, 0xBD74, 0xAD11, 0xC574, 0x8BCE, 0x2923,
  0x3144, 0x1081, 0x1061, 0x1040, 0x1040, 0x20A2, 0x2903, 0x1861, 0x30E3, 0x30A2, 0x30C2, 0x5A06, 0x6267, 0x3103, 0xB533, 0xE73B,
  0x5268, 0xA4D1, 0xFFFF, 0xFFFF, 0xF7DE, 0xFFFF, 0xEEFB, 0x6A89, 0x2081, 0x3964, 0x4A27, 0x8C2F, 0xFFDE, 0xFFFF, 0xFFFF, 0xFFFF,
  0xACF1, 0x8B8C, 0xFFDE, 0xFFFF, 0xFFFF, 0xFFFF, 0xFFFF, 0x8C30, 0x3985, 0x4208, 0x39C6, 0x1860, 0x8B4B, 0xFE57, 0xA44F, 0xFFBE,
  0xFFFF, 0xFFFF, 0xFFFF, 0xD69A, 0xBDF7, 0xBD95, 0x932A, 0x8226, 0xC595, 0xF79E, 0xFFDF, 0xFFDF, 0xFFFF, 0xFFFF, 0xFFFF, 0xDE99,
  0xE6B9, 0xFFBD, 0xFFFF, 0xFFFF, 0xFFDF, 0xFFDE, 0xF79D, 0xD699, 0xF7BD, 0xFFFF, 0xEF3B, 0xD636, 0xFF9D, 0xF7BD, 0x9450, 0xD678,
  0xFFBD, 0xCE38, 0xEF1B, 0xF77D, 0xEF5C, 0xE6FA, 0xB4F1, 0x9C0E, 0x834C, 0x1881, 0x20A2, 0x1040, 0x1881, 0x5248, 0x1860, 0x1040,
  0x20A2, 0x28A1, 0x40C1, 0x9B2A, 0x7A88, 0x8B6C, 0x51C6, 0x4164, 0xACF2, 0x3144, 0x4A07, 0xF75B, 0xF77C, 0xF7DE, 0xF7DF, 0xFFFF,
  0xFFDF, 0xC576, 0x6ACB, 0xD658, 0xFFFF, 0xEF7C, 0xE77C, 0xFFFF, 0xF7DE, 0xF79C, 0xA46F, 0x940F, 0xFFFF, 0xFFFF, 0xFFFF, 0xFFFF,
  0xFFFF, 0x840F, 0x41C6, 0x41C6, 0x41E7, 0x3965, 0x82EB, 0xBC2F, 0xB40E, 0xD617, 0xFFFF, 0xFFBF, 0xFFFF, 0xC618, 0xB5D6, 0xBE16,
  0xBC6E, 0x8A66, 0xCDB5, 0xFFFF, 0xFFDF, 0xFFFF, 0xFFFF, 0xFFFF, 0xFFFF, 0xDE78, 0xEEFA, 0xFFDE, 0xFFFF, 0xFFFF, 0xFFBF, 0xF79D,
  0xEF5C, 0xE73B, 0xF7BD, 0xE71B, 0xF75C, 0xDE57, 0xEF1B, 0xFFDE, 0xB553, 0xEF1B, 0xF7BD, 0xEF3B, 0x9470, 0xEEFB, 0xFFDE, 0xF71B,
  0x936C, 0x936B, 0x5A27, 0x5227, 0x41C6, 0x3965, 0x9C71, 0xCDF7, 0x4A27, 0x1861, 0x1881, 0x2081, 0x3080, 0xA309, 0x79C5, 0xAB6B,
  0xD4F0, 0xAC6F, 0x3964, 0x0000, 0x9C90, 0xEEF9, 0xA490, 0xE6FA, 0xFFDF, 0xFFFF, 0xFFFF, 0xFFDE, 0xF79D, 0xFFFF, 0xFFDF, 0xFFDF,
  0xE73C, 0xFFDE, 0xFFFF, 0xF77D, 0x93CE, 0xCDF7, 0xFFFF, 0xFFFF, 0xFFFF, 0xFFDF, 0xFFFF, 0xB555, 0x3145, 0x3124, 0x2924, 0x8C30,
  0xF73C, 0x7267, 0x8A66, 0xB490, 0xF79D, 0xFFDF, 0xFFFF, 0xB576, 0xB5B6, 0xB554, 0xABEE, 0x7A47, 0xC5D6, 0xFFFF, 0xFFDF, 0xFFFF,
  0xFFFF, 0xFFFF, 0xFFFF, 0xE6D9, 0xE6DA, 0xFFFE, 0xFFFF, 0xFFFF, 0xF7BE, 0xF79D, 0xFFDE, 0xFFFE, 0xF79D, 0xE73C, 0xEF5C, 0xC5B5,
  0xE71B, 0xFFFF, 0xBD33, 0xDE58, 0xF73B, 0xB554, 0x734C, 0xB534, 0xD637, 0xF73B, 0xAC91, 0x4123, 0x51E6, 0x9C50, 0x8BCE, 0xACF2,
  0xBD95, 0xC617, 0x942F, 0x3943, 0x1860, 0x1881, 0x30C2, 0x50A2, 0x5081, 0x79A4, 0xE530, 0xC592, 0x2102, 0x1060, 0xBD53, 0xD5F5,
  0x940E, 0xC5B5, 0xFFBE, 0xFFFF, 0xFFFF, 0xFFFF, 0xFFFF, 0xFFFF, 0xFFFF, 0xFFFF, 0xF79D, 0xFFBE, 0xF7DE, 0xF79E, 0xA4B1, 0xEF1B,
  0xFFFF, 0xFFFF, 0xFFFF, 0xFFDF, 0xFFFF, 0xAD34, 0x28E3, 0x28E3, 0x5248, 0xD69A, 0xFFFF, 0xCDF5, 0x82A6, 0xCCAE, 0xC552, 0xF7BD,
  0xFFFF, 0xA534, 0xB555, 0x93AD, 0x9B2B, 0x7289, 0xF77D, 0xFFFF, 0xFFFF, 0xFFFF, 0xFFFF, 0xFFFF, 0xFFFF, 0xE6DA, 0xE6B9, 0xFFDE,
  0xFFFF, 0xFFDE, 0xF79D, 0xFFDE, 0xFFFF, 0xFFFF, 0xFFDE, 0xEEDA, 0xE699, 0xE6DA, 0xFFDE, 0xFFDF, 0xB513, 0xDE16, 0xC4F1, 0xF6F9,
  0xFFFE, 0xF73B, 0xCDF6, 0xEF1B, 0x9450, 0x1000, 0x49C6, 0xC595, 0xBD54, 0x8BEE, 0x9490, 0xB5B5, 0xB554, 0x6288, 0x6AA8, 0x28C1,
  0x40E2, 0x6144, 0x81A5, 0xAAE9, 0xC4CF, 0xC5B4, 0x20A2, 0x28A1, 0xBD12, 0xB4B0, 0x7B0A, 0xC595, 0xE6DB, 0xFFFF, 0xFFFF, 0xFFFF,
  0xFFFF, 0xFFFF, 0xFFFF, 0xFFFF, 0xFFDE, 0xF79D, 0xEF7D, 0xE71B, 0xACF2, 0xEF5C, 0xFFFF, 0xFFFF, 0xFFFF, 0xFFFF, 0xFFFF, 0xEF7D,
  0xA4D3, 0x62AA, 0x83EE, 0xEF3C, 0xFFDE, 0xFFFE, 0xBD52, 0xB40C, 0xCCAE, 0xC552, 0xFFDE, 0x83EF, 0xACF2, 0x7A89, 0x7227, 0xA470,
  0xFFFF, 0xF7FF, 0xFFFF, 0xFFFF, 0xFFFF, 0xFFFF, 0xFFFF, 0xF77C, 0xDE99, 0xFFBE, 0xFFDE, 0xF79D, 0xDEFA, 0xF77C, 0xF79D, 0xEF9D,
  0xFFFE, 0x938D, 0xC554, 0xF79D, 0xF79D, 0xFFFF, 0xE71A, 0x8B0A, 0xB3AC, 0xF6B7, 0xEF7A, 0xFF9B, 0xE636, 0xC5D5, 0x6B0B, 0x0820,
  0x9CB1, 0xD658, 0xACF3, 0xB575, 0xC617, 0xA4F3, 0xA491, 0x8BAD, 0xA42F, 0x4944, 0x3881, 0x71A5, 0x9A88, 0xC3EC, 0xDE15, 0xD657,
  0x2060, 0x4143, 0xBCAF, 0x934A, 0x5164, 0xE659, 0xDE7A, 0xFFBE, 0xFFFF, 0xFFFF, 0xFFFF, 0xFFFF, 0xFFFF, 0xFFFF, 0xF7BE, 0xEF5D,
  0xEF5C, 0xDE99, 0xB513, 0xFFBE, 0xFFFF, 0xFFFF, 0xFFFF, 0xFFFF, 0xFFFF, 0xFFDF, 0xFFFF, 0xF77D, 0xCE38, 0xEF3C, 0xFFFF, 0xF7BD,
  0xF7BD, 0xBD11, 0x9308, 0xB38A, 0xBCF1, 0xA4B2, 0x9C30, 0x5964, 0x5964, 0xD637, 0xFFFF, 0xFFFF, 0xFFFF, 0xF7BE, 0xF7BE, 0xFFDE,
  0xFFFF, 0xFFDE, 0xEF3B, 0xEF5C, 0xEF5C, 0xE71B, 0xD678, 0xDE79, 0xE6FA, 0xE71A, 0xD657, 0x72C9, 0xBD33, 0xFFFE, 0xF7BE, 0xFFFF,
  0x5A89, 0x4923, 0xABED, 0xCD93, 0xF6D9, 0xDE15, 0xCD52, 0xCD73, 0x5A68, 0x39C7, 0xDEDA, 0xB573, 0xA4D2, 0xCDF7, 0xC5F7, 0xB554,
  0xACF2, 0x9C50, 0xCD95, 0x6A27, 0x5942, 0x58C1, 0x7183, 0x92E9, 0xFFDD, 0xCE16, 0x2840, 0x6226, 0xBCAF, 0x8AA8, 0x3840, 0xDE17,
  0xDEBA, 0xF77D, 0xFFFF, 0xFFFF, 0xFFFF, 0xFFFF, 0xFFFF, 0xFFFF, 0xEF5D, 0xE71C, 0xF73C, 0xCDF6, 0xC5D6, 0xFFFF, 0xFFFF, 0xFFDF,
  0xFFDF, 0xFFDF, 0xFFFF, 0xEF5C, 0xE71B, 0xFFDE, 0xAD34, 0xF77E, 0xFFFF, 0xFFFE, 0xF7DE, 0xFFFF, 0xBCD1, 0x9286, 0x6A06, 0xBD34,
  0x836D, 0x51A5, 0xB4B1, 0xE6DA, 0xFFFE, 0xFFFE, 0xFFFF, 0xF7BE, 0xE73C, 0xEF7D, 0xFFFF, 0xF77D, 0xEF5C, 0xEF5C, 0xEF5C, 0xF79C,
  0xE6B9, 0xD637, 0xDE99, 0xE6DA, 0x8BED, 0x72C9, 0xDE58, 0xFFDE, 0xEF7D, 0xFFDE, 0x2061, 0x2860, 0x2040, 0x30A2, 0x82CA, 0x3902,
  0x5163, 0xBCB0, 0x3944, 0x7BEF, 0xDEFA, 0x944E, 0xA46F, 0xC574, 0xC5B5, 0xBD95, 0xDEBA, 0xDED9, 0xFF7C, 0x92E9, 0x9AC7, 0xB38A,
  0x6142, 0x7247, 0xFFBD, 0xC5B5, 0x2000, 0x9329, 0xBC6D, 0x7205, 0x7206, 0xE699, 0xEF3C, 0xF79E, 0xFFFF, 0xFFFF, 0xFFFF, 0xFFFF,
  0xFFFF, 0xFFDE, 0xE73C, 0xEF5D, 0xEEFA, 0xB4F2, 0xE699, 0xFFBE, 0xEF3C, 0xFFDF, 0xFFDF, 0xF77D, 0xF79E, 0xF77D, 0xF79D, 0xE71B,
  0xCE38, 0xF79E, 0xFFDF, 0xFFFF, 0xFFFE, 0xFFDE, 0xFFFE, 0xBCF1, 0x6206, 0x834D, 0x51A6, 0x72EA, 0xF71B, 0xBD54, 0xD698, 0xF77C,
  0xFFDE, 0xFFFF, 0xFFFF, 0xFFFF, 0xFFFF, 0xFFFF, 0xFFFF, 0xF79D, 0xE6DA, 0xB554, 0xBD75, 0xD637, 0xDE99, 0xCE17, 0xA4F2, 0xF75C,
  0xEF3C, 0xDF1B, 0xDF1B, 0xE73B, 0x3081, 0x5164, 0x7268, 0x6A07, 0xCD13, 0x8B6C, 0x93CE, 0xD5B4, 0x49C5, 0x9491, 0xD6BA, 0x946E,
  0xB4B1, 0xCD95, 0xD678, 0xEF9D, 0xFFFE, 0xF79D, 0xFFDE, 0xB44F, 0xC3EB, 0xDCAD, 0x6962, 0x936C, 0xE6B9, 0xE6BA, 0x72CA, 0x9B4A,
  0xB3EC, 0x79E4, 0x9B2A, 0xD595, 0xFFBD, 0xEF5C, 0xFFDF, 0xFFFF, 0xFFFF, 0xFFFF, 0xFFFF, 0xF79E, 0xE6FC, 0xFFBF, 0xEEB9, 0x9B4C,
  0xBCF2, 0xE699, 0xB514, 0xD5F8, 0xFF9E, 0xFFFF, 0xFFDE, 0xEF5D, 0xEF7D, 0xC638, 0xE71B, 0xEF5C, 0xF7BE, 0xFFFF, 0xF7BE, 0xFFDE,
  0xFFFF, 0xF77D, 0x6ACA, 0x38E3, 0x4924, 0x93EF, 0xFFDE, 0xCDF6, 0xF77C, 0xEF1B, 0xDEB9, 0xEF3B, 0xF77C, 0xEF3C, 0xE6DA, 0xDE98,
  0xD657, 0xDEB9, 0xFFBE, 0xE71C, 0xDE9A, 0xEF5C, 0xF77D, 0xB513, 0xEF3C, 0xFFFF, 0xF75D, 0xDED9, 0xF7BD, 0xEF7C, 0x3060, 0x7A26,
  0xE4B0, 0x8A27, 0xEDF6, 0xFF3A, 0xFF3A, 0xB490, 0x4164, 0xBDD6, 0xBDF7, 0x9CB1, 0xDE99, 0xF75D, 0xFFFF, 0xFFFF, 0xFFFE, 0xF79D,
  0xFFFF, 0xDE37, 0xC44D, 0xECED, 0x92E8, 0xE658, 0xDE98, 0xF75C, 0xFFDE, 0xDE77, 0xB48E, 0x79E5, 0xAB4B, 0x9BAD, 0xF77C, 0xE71B,
  0xFFBF, 0xFFFF, 0xFFFF, 0xFFFF, 0xFFFF, 0xFFBE, 0xF75D, 0xF79E, 0xDE58, 0x8289, 0xC4D2, 0xCDB6, 0xBD34, 0xC5B6, 0xEF1C, 0xFFDF,
  0xFFFF, 0xFFFF, 0xF79D, 0xE71B, 0xF79E, 0xEF7D, 0xFFBE, 0xFFFF, 0xF7BE, 0xFFDE, 0xFFFF, 0xDEB9, 0x5207, 0x30A2, 0x38E3, 0xBD75,
  0xFFFE, 0xD678, 0xF79D, 0xF75C, 0xE6DA, 0xCDD6, 0xCDD6, 0xD5F6, 0xCDD6, 0xBDB5, 0xDEB9, 0xEF3B, 0xFFDE, 0xF77D, 0xFFFF, 0xFFDE,
  0xFFDE, 0xC574, 0xCD33, 0xC553, 0xB470, 0xBD12, 0xFFDD, 0xF79D, 0x50E2, 0x9247, 0xC3AC, 0x50A1, 0xB42F, 0xE5F5, 0xF6B8, 0x7268,
  0x49C6, 0xDE9A, 0xBDD6, 0xDF1B, 0xFFFF, 0xFFFF, 0xFFFF, 0xFFFF, 0xFFFF, 0xF7BD, 0xFFDE, 0xEF5C, 0xD5D4, 0xD4EF, 0xD593, 0xEF3B,
  0xC594, 0xE699, 0xF79D, 0xFFFE, 0xF75A, 0xD5B5, 0xE5F6, 0x8AA9, 0xE699, 0xF79E, 0xFFBF, 0xFFFF, 0xFFFF, 0xFFFF, 0xFFDF, 0xFFDF,
  0xF77D, 0xE73C, 0xEEDA, 0xA36D, 0xBC50, 0xE659, 0xE6BA, 0xF77D, 0xFFFF, 0xFFDF, 0xFFDF, 0xFFFF, 0xFFDF, 0xF79D, 0xE71C, 0xFFDF,
  0xFFDF, 0xFFFF, 0xFFBE, 0xFFFF, 0xFFFF, 0xEF3C, 0x5A28, 0x2881, 0x7B4C, 0xF79E, 0xFFDE, 0xEF5C, 0xF79D, 0xFFFF, 0xFFFE, 0xE699,
  0xE678, 0xEEDA, 0xE699, 0xD678, 0xFFFF, 0xE73B, 0xF79D, 0xE71B, 0xF79D, 0xFFFE, 0xFFFF, 0xB4F3, 0x60E2, 0xAB2B, 0x8A07, 0xA38D,
  0xF77C, 0xFFFE, 0x2861, 0x6185, 0x5985, 0x2020, 0x3041, 0x8AC9, 0xCCD0, 0x4964, 0x6A8A, 0xCE38, 0xEF5C, 0xFFFF, 0xFFFF, 0xFFFF,
  0xFFFF, 0xFFFF, 0xFFFF, 0xFFFF, 0xEF9D, 0xEF7C, 0xFFDD, 0xE698, 0xFF7C, 0xEF1A, 0xC552, 0xC512, 0xF6DA, 0xEF7C, 0xFFFE, 0xFFFF,
  0xEF1B, 0x92EA, 0xD5B5, 0xFFBF, 0xFFBF, 0xFFFF, 0xFFFF, 0xFFFF, 0xFFDE, 0xFFBE, 0xFFBE, 0xD6BA, 0xE6DA, 0xB3F0, 0x6145, 0xAC71,
  0xF75C, 0xFFFF, 0xFFFF, 0xFFFF, 0xF7DE, 0xFFDF, 0xFFFF, 0xE73C, 0xCE38, 0xFFFF, 0xF7BE, 0xFFFF, 0xFFDF, 0xF7BE, 0xFFFE, 0xF79D,
  0x6248, 0x51E7, 0xEF1C, 0xFFFF, 0xFFDE, 0xF77D, 0xEF5C, 0xFFFF, 0xFFFF, 0xF79D, 0xEF3B, 0xEF3B, 0xDE99, 0xDEDA, 0xFFDF, 0xE73C,
  0xF79D, 0xF7BE, 0xF79E, 0xF7DE, 0xFFFF, 0xD617, 0x50C2, 0xBC0E, 0x8A48, 0x9BCE, 0xF79D, 0xFFFE, 0x1860, 0x20A1, 0x2060, 0x4924,
  0x8AAA, 0x9309, 0xA3ED, 0x30A2, 0x8BEF, 0xDEDB, 0xF7BE, 0xFFDF, 0xFFFF, 0xFFFF, 0xFFDF, 0xFFFF, 0xFFFF, 0xFFFF, 0xFFFF, 0xFFFF,
  0xFFFF, 0xFFFF, 0xFFDF, 0xFFFE, 0xE6D8, 0xBD52, 0xF71A, 0xEF3C, 0xE73C, 0xFFFF, 0xF75C, 0xA42E, 0xCD95, 0xFFBE, 0xFFDF, 0xFFFF,
  0xFFFF, 0xFFFF, 0xFFDE, 0xFFDE, 0xFFDE, 0xE6FB, 0xDE79, 0xCD54, 0x7A69, 0x7AAA, 0xAC71, 0xB533, 0xD679, 0xE6FA, 0xF77C, 0xF79D,
  0xFFFF, 0xEF7D, 0xCE38, 0xFFDF, 0xFFBF, 0xFFFF, 0xFFFF, 0xEF7D, 0xFFFF, 0xD679, 0x8C0F, 0xCE17, 0xF79D, 0xFFFF, 0xEF9D, 0xEF5D,
  0xEF3C, 0xFFDF, 0xFFFF, 0xF79D, 0xEF7D, 0xEF5D, 0xDEFB, 0xEF9D, 0xFFDE, 0xE73B, 0xE71B, 0xF79D, 0xEF7D, 0xFFFE, 0xFFDE, 0xE71B,
  0x5185, 0xBBED, 0xAB8C, 0xAC91, 0xFFDD, 0xF7BD, 0x1860, 0x1861, 0x38E2, 0x69A6, 0xBBEE, 0xE552, 0x6A26, 0x1020, 0x41E7, 0x9CF3,
  0xFFFF, 0xFFFF, 0xFFFF, 0xEF5C, 0xEF7D, 0xFFFF, 0xFFFF, 0xFFFF, 0xFFFF, 0xFFFF, 0xFFFF, 0xFFFF, 0xFFFF, 0xFFFF, 0xFFDD, 0xFF9C,
  0xFFDE, 0xFFBE, 0xDEB9, 0xFFBE, 0xFFBE, 0xCDD6, 0xDE78, 0xFFDE, 0xFFFF, 0xFFFF, 0xFFFF, 0xFFFF, 0xFFFF, 0xFFFF, 0xEF5C, 0xDEBA,
  0xDE78, 0xDE78, 0xD616, 0x938E, 0xDDF7, 0x9BEF, 0x8B0C, 0x9BAE, 0x8B6D, 0xB4B2, 0xD617, 0xB533, 0xB575, 0xFFFF, 0xFFDF, 0xFFFF,
  0xFFFF, 0xF79D, 0xFFDE, 0xB554, 0xCE37, 0xD6B9, 0xF79D, 0xFFDE, 0xEF7D, 0xFFBE, 0xDEFB, 0xF77D, 0xFFFF, 0xEF7D, 0xFFDE, 0xEF7D,
  0xE71B, 0xFFFF, 0xFFDE, 0xEF5C, 0xC617, 0xFFDE, 0xDEDA, 0xFFBE, 0xFFDE, 0xFF9E, 0x830B, 0x9AEA, 0x9ACA, 0xBCB2, 0xF75C, 0xFFFE,
  0x1041, 0x1040, 0x1861, 0x4103, 0x934B, 0x61E4, 0x1820, 0x1041, 0x0840, 0x0861, 0x528A, 0xAD75, 0xF79D, 0xE71B, 0xF7BE, 0xFFFF,
  0xFFFF, 0xFFFF, 0xFFFF, 0xFFFF, 0xFFFF, 0xFFFF, 0xFFFF, 0xFFFF, 0xFFFF, 0xFFFF, 0xFFFF, 0xFFFF, 0xE6FA, 0xFFDE, 0xFFFF, 0xEF1B,
  0xEF1A, 0xFFDE, 0xFFFF, 0xFFFF, 0xFFFF, 0xFFFF, 0xFFFF, 0xFFFF, 0xDEBA, 0xE6BA, 0xDE99, 0xDE99, 0xFFFE, 0x9C91, 0xAD13, 0xEEDA,
  0xCDB5, 0xE678, 0xD5D7, 0xD616, 0xC594, 0x7B2B, 0xC595, 0xFFFF, 0xFFDF, 0xFFFF, 0xFFDF, 0xF79D, 0xE71B, 0x83CE, 0xD678, 0xBE17,
  0xF79E, 0xEF5D, 0xF79E, 0xFFFF, 0xE73C, 0xEF5D, 0xFFFF, 0xFFDF, 0xFFFF, 0xF7BE, 0xF79E, 0xFFFF, 0xFFFF, 0xF7BE, 0xCE58, 0xFFFF,
  0xCE79, 0xE73C, 0xFFFF, 0xFFFF, 0xDE99, 0xB4F2, 0xD5D6, 0xEF1B, 0xCE17, 0xACF2, 0x1040, 0x1041, 0x0820, 0x1800, 0x2840, 0x4984,
  0x5228, 0x0000, 0x1081, 0x1061, 0x0821, 0x0861, 0x31A6, 0x528A, 0xC5F7, 0xFFFF, 0xFFDF, 0xFFFF, 0xFFFF, 0xFFFF, 0xFFFF, 0xFFFF,
  0xFFFF, 0xFFFF, 0xFFFF, 0xFFFF, 0xFFFF, 0xFFFE, 0xE73B, 0xF7DE, 0xFFFF, 0xFFBD, 0xEF1B, 0xF79D, 0xFFFF, 0xFFFF, 0xF7BE, 0xFFDF,
  0xFFBE, 0xEEFB, 0xE699, 0xEEFB, 0xE6DA, 0xEEFB, 0xFFFF, 0xD678, 0x944F, 0xEF1B, 0xEF7C, 0xE71B, 0xFFFF, 0xFFFF, 0xFF9C, 0xB4B1,
  0xBD12, 0xFFFF, 0xFFFF, 0xFFFF, 0xF7BE, 0xFFBE, 0xFF9D, 0x9CB2, 0xDEBA, 0xB575, 0xFFFF, 0xF7BE, 0xF7BE, 0xFFFF, 0xF7BE, 0xF77D,
  0xFFFF, 0xFFFF, 0xFFFF, 0xFFFF, 0xFFDF, 0xFFFF, 0xFFFF, 0xF7BE, 0xE6FB, 0xF7BE, 0xEF5C, 0xC5F7, 0xF7BE, 0xFFFF, 0xFFFF, 0xFFFE,
  0xFFFF, 0xFFFF, 0xDE98, 0x4143, 0x1061, 0x1881, 0x5A69, 0x4144, 0x5184, 0xCD73, 0x5228, 0x0000, 0x10A1, 0x1061, 0x1081, 0x1082,
  0x0861, 0x0840, 0x18C2, 0x8C51, 0xFFFF, 0xFFFF, 0xFFFF, 0xFFFF, 0xFFFF, 0xFFFF, 0xFFFF, 0xFFFF, 0xFFFF, 0xF7FF, 0xFFFF, 0xFFFF,
  0xFFBE, 0xFFFF, 0xFFFF, 0xFFDE, 0xEF3B, 0xF7BD, 0xFFFF, 0xFFFF, 0xDEDA, 0xF7BD, 0xFFDE, 0xBD54, 0xCDB6, 0xFF9D, 0xEF1B, 0xEF1B,
  0xFFBD, 0xEF1B, 0x8BAD, 0xCDF6, 0xFFFF, 0xEF9D, 0xF7BE, 0xFFFF, 0xEEFA, 0xBCD2, 0x9BCE, 0xEF1B, 0xFFFF, 0xFFFF, 0xFFDF, 0xF79D,
  0xEF3C, 0xA534, 0xDEDA, 0xC5D6, 0xF79E, 0xDEFB, 0xFFFF, 0xFFFF, 0xF79E, 0xE71C, 0xFFFF, 0xFFDE, 0xFFFF, 0xFFFF, 0xF7DE, 0xF7DE,
  0xFFFF, 0xFFFF, 0xEF7D, 0xE71B, 0xFFFF, 0xE71B, 0xD699, 0xFFFF, 0xFFFF, 0xF7DE, 0xFFDF, 0xFFDF, 0xFF7C, 0x7AEA, 0x1081, 0x0840,
  0x5248, 0x834C, 0x4123, 0xB4D1, 0x2923, 0x0841, 0x1082, 0x1081, 0x0861, 0x1081, 0x1082, 0x10A2, 0x0861, 0x0841, 0xBDF7, 0xFFFF,
  0xFFFF, 0xFFFF, 0xFFFF, 0xFFFF, 0xFFFF, 0xFFFF, 0xFFFF, 0xFFFF, 0xEF3B, 0xD617, 0xC554, 0xC5B5, 0xC5F6, 0xEEFB, 0xFF9D, 0xF7BD,
  0xFFFF, 0xFFFF, 0xF77C, 0xF79C, 0xFFDE, 0xEF5C, 0xEF5C, 0xFFFF, 0xFFFF, 0xF75C, 0xE73B, 0xFF9D, 0xD637, 0x9C50, 0xFFDE, 0xE73C,
  0xF79E, 0xFFDF, 0xDEDA, 0xBD12, 0x938C, 0xD638, 0xFFFF, 0xF7DF, 0xFFFF, 0xFFBE, 0xC638, 0xAD34, 0xC5D6, 0x8BCE, 0x5A69, 0xAD13,
  0xFFFF, 0xFFFF, 0xFFDF, 0xE6DB, 0xFFBE, 0xFFFF, 0xFFFF, 0xFFFE, 0xF7DE, 0xFFBE, 0xFFFF, 0xFFFF, 0xEF3C, 0xEF1B, 0xFFFF, 0xFFDE,
  0xCE17, 0xCDF7, 0xEF1B, 0xFFFF, 0xFFFF, 0xFFDE, 0xF73B, 0x93EE, 0x1061, 0x1040, 0x28E3, 0x3944, 0x2081, 0x49E6, 0x20E3, 0x0861,
  0x1081, 0x1081, 0x0861, 0x0861, 0x1081, 0x0861, 0x1082, 0x0000, 0x6B6D, 0xFFFF, 0xFFFF, 0xFFFF, 0xFFFF, 0xFFFF, 0xFFFF, 0xFFFF,
  0xFFFF, 0xA490, 0x6247, 0x93AD, 0xC513, 0xA450, 0x6269, 0x51C5, 0xE699, 0xFFDE, 0xF7BD, 0xD698, 0xD678, 0xF77C, 0xFFFE, 0xFFFE,
  0xF7FD, 0xE6F9, 0xBD32, 0x8B8C, 0xE6B9, 0xFFFF, 0xFFBD, 0x7B2C, 0xBD55, 0xFFFF, 0xF7BE, 0xF7BE, 0xE75B, 0xCDF5, 0xA3EE, 0xCE17,
  0xFFFF, 0xFFFF, 0xF77D, 0x9CB2, 0xB575, 0xBDB6, 0xAD13, 0x2881, 0x51A6, 0xB554, 0xFFFF, 0xFFDF, 0xFFFF, 0xEF5D, 0xEF5D, 0xFFDF,
  0xFFFF, 0xFFDE, 0xEF5C, 0xEF5C, 0xF79D, 0xFFFF, 0xDE99, 0xD658, 0xFFFF, 0xEF1B, 0xE6B9, 0xE658, 0xE678, 0xD617, 0xE6FA, 0xFFDD,
  0xDEDA, 0xACB1, 0x1061, 0x1061, 0x1861, 0x3124, 0x8BEF, 0x736D, 0x0840, 0x1082, 0x1081, 0x1081, 0x1081, 0x1081, 0x1081, 0x0861,
  0x0861, 0x0020, 0x39E7, 0xFFDF, 0xFFFF, 0xFFFF, 0xFFFF, 0xFFFF, 0xFFFF, 0xFFFF, 0x736C, 0x3902, 0xD5B4, 0xFFDD, 0xFFFE, 0xFFFF,
  0xFFDE, 0x836B, 0x5206, 0xDEB9, 0xDED8, 0xE6F9, 0xEF1A, 0xE6DA, 0xE71B, 0xEF3B, 0xD698, 0x832A, 0x82A8, 0xA40D, 0xDE97, 0xFFFF,
  0xFFBE, 0xA471, 0xC5F7, 0xF7BE, 0xF7BE, 0xFFDE, 0xDEDA, 0xC553, 0x8B6B, 0xACD2, 0xFFFF, 0xFF9E, 0x732B, 0x4185, 0xA4B2, 0xD69A,
  0xBD75, 0x4144, 0x59C5, 0xB533, 0xFFFF, 0xFFDF, 0xFFFF, 0xF79D, 0xE6DB, 0xFFDF, 0xFFDE, 0xFFBE, 0xBD95, 0xCE17, 0xFFDF, 0xF79E,
  0xDE79, 0xCE38, 0xF7BF, 0xDEBA, 0xD617, 0xE678, 0xF698, 0xAC4F, 0x5184, 0x6288, 0xBDD6, 0xBD74, 0x1061, 0x1081, 0x0820, 0x9C91,
  0xEEFB, 0xBDD6, 0x10A2, 0x1081, 0x1081, 0x1081, 0x1081, 0x1081, 0x1081, 0x0861, 0x0861, 0x0861, 0x2104, 0xE71C, 0xFFFF, 0xFFFF,
  0xFFFF, 0xFFFF, 0xFFFF, 0xC5F7, 0x5A48, 0xCD32, 0xEEB8, 0xFFDE, 0xF7FF, 0xF7DF, 0xFFFF, 0xCDD5, 0x3101, 0x7309, 0xDEB8, 0xBD94,
  0xA4D1, 0xC616, 0xBD95, 0xE6FA, 0xFFBD, 0xACD3, 0xD5F6, 0xFF9C, 0xEF9D, 0xF7DE, 0xC5D6, 0xB534, 0xFFFF, 0xF7BE, 0xD6BA, 0x9471,
  0xACB2, 0xAC2F, 0x51A5, 0xB554, 0xFFFF, 0x9430, 0x2060, 0x5207, 0x83EF, 0xE6FB, 0xC5D7, 0x4985, 0x4123, 0xA4F2, 0xFFFF, 0xFFDF,
  0xFFFF, 0xFFBE, 0xF7BE, 0xFFFF, 0xFF9D, 0xD637, 0xB512, 0xC5D5, 0xF7BD, 0xE6FB, 0xEF3C, 0xEF3C, 0xF7BE, 0xFFBE, 0xCDF6, 0xC573,
  0xC4F1, 0xCCF1, 0x5123, 0x3040, 0x8C50, 0xA491, 0x1061, 0x1041, 0x18A2, 0xC595, 0xFF7D, 0xBDB6, 0x0841, 0x1081, 0x1082, 0x1082,
  0x1082, 0x1081, 0x1081, 0x1081, 0x0861, 0x1082, 0x1082, 0xCE79, 0xFFFF, 0xFFFF, 0xFFFF, 0xFFDF, 0xFFFF, 0x83EF, 0xA451, 0xBC8F,
  0xDDF4, 0xFFFE, 0xFFFF, 0xF7FF, 0xFFDE, 0xCD94, 0x5A06, 0x5A06, 0xCDF5, 0xBD73, 0xCE37, 0xEF5C, 0xDEDA, 0xEF5C, 0xFFFF, 0xD659,
  0xE71B, 0xFFFF, 0xFFFF, 0xDEB9, 0x7B0B, 0xF73C, 0xFFFF, 0xF79E, 0xFFFF, 0x83AF, 0x1000, 0x4944, 0x3081, 0xB554, 0xFFFF, 0x9470,
  0x30E2, 0x4165, 0x632B, 0xE73C, 0xAD13, 0x51A6, 0x30A1, 0x7B8D, 0xFFFF, 0xFFFF, 0xF7BE, 0xEF1B, 0xFF7D, 0xEF1B, 0xD617, 0xBD74,
  0xBD53, 0xBD94, 0xD698, 0xF7DE, 0xFFFF, 0xF73C, 0xFFBE, 0xBD75, 0xC5B4, 0xAC8F, 0x7267, 0xA3CC, 0x69E5, 0x4923, 0x6B0A, 0x5207,
  0x1061, 0x1061, 0x1881, 0xBD75, 0xFF9D, 0xAD13, 0x0020, 0x1082, 0x1081, 0x1082, 0x1082, 0x1081, 0x1081, 0x1081, 0x0861, 0x1082,
  0x0841, 0xB596, 0xFFFF, 0xFFFF, 0xFFFF, 0xFFDF, 0xFFFF, 0x62CA, 0x9BCD, 0xB44E, 0xFEF8, 0xFFDC, 0xFFFF, 0xFFFF, 0xFFFF, 0xEED9,
  0x7AEA, 0x4985, 0xE699, 0xEF1B, 0xE6DA, 0xFFBD, 0xFFBE, 0xEF7D, 0xFFFF, 0xDEBA, 0xEF3C, 0xF79D, 0xFFFF, 0xDEDA, 0x836D, 0xFF9D,
  0xFFFF, 0xDEDB, 0xE73C, 0xFF9E, 0x4186, 0x6A68, 0x9B8C, 0x940F, 0xFFFF, 0xBDB6, 0x3922, 0x30E2, 0x632C, 0xC638, 0x9CD2, 0x51E6,
  0x3902, 0x7B8D, 0xFFFF, 0xEF5C, 0xC5B6, 0xDDF7, 0x936D, 0x5184, 0xAC70, 0xC595, 0xBD54, 0xACD2, 0xBD95, 0xEF5C, 0xACF2, 0x9C0E,
  0x8B6C, 0x5185, 0xB4F0, 0x93EB, 0x6A25, 0x8B29, 0x7A87, 0x4922, 0x4985, 0x30C2, 0x1061, 0x1061, 0x1040, 0xB513, 0xFFFF, 0x9450,
  0x0000, 0x10A2, 0x0861, 0x1081, 0x1081, 0x1081, 0x1081, 0x1081, 0x0861, 0x1082, 0x0000, 0x8C51, 0xFFFF, 0xFFDF, 0xFFFF, 0xFFDF,
  0xFFFF, 0x62EA, 0xCD94, 0xC4D0, 0xCD52, 0xC573, 0xCDD5, 0xAD12, 0xACF2, 0xE657, 0xAC90, 0x49A5, 0xF71B, 0xEEFB, 0xE6DB, 0xEF5C,
  0xFFDF, 0xFFDE, 0xFFFF, 0xE6FB, 0xEF3C, 0xFFDE, 0xFFFF, 0xFFDE, 0xCDD6, 0xF79C, 0xFFFE, 0xEF1C, 0xCE79, 0xFFFF, 0x9C71, 0x6227,
  0x8B2A, 0x834C, 0xEF9D, 0xBDF6, 0x4983, 0x3103, 0x8430, 0x9D34, 0x9CD2, 0x62A9, 0x4143, 0x83CE, 0xEF3C, 0xAD34, 0x940F, 0xC554,
  0x8B4B, 0x40C1, 0x9BAD, 0xB4F2, 0xACD2, 0xA4B1, 0x944F, 0xBD95, 0x51C5, 0x59C5, 0x7A67, 0x4922, 0xAC4E, 0xA42C, 0x8329, 0x8B6A,
  0x7AC8, 0x59C5, 0x4123, 0x4123, 0x1061, 0x1061, 0x0800, 0x9430, 0xFFFF, 0x8C30, 0x0000, 0x1082, 0x1081, 0x1081, 0x1081, 0x1081,
  0x1081, 0x0861, 0x0861, 0x1081, 0x0000, 0x5AEB, 0xFFFF, 0xFFDF, 0xFFFF, 0xFFDF, 0xFFFF, 0x8C4F, 0xB553, 0x72A9, 0x40E2, 0xA3EE,
  0xBCD1, 0x30C1, 0x59E6, 0x7AA9, 0xCD93, 0x93ED, 0xD616, 0xEF1B, 0xF75C, 0xFFBE, 0xFFDF, 0xFFDF, 0xFFFF, 0xEF5C, 0xEF7C, 0xFFFF,
  0xFFFF, 0xFFFF, 0xEF5C, 0xFFDD, 0xFFFE, 0xF77D, 0xCE39, 0xF77E, 0xC5B6, 0x3923, 0x7247, 0x6227, 0xB595, 0xB5B5, 0x5A26, 0x3102,
  0x8CB2, 0xA596, 0xAD74, 0x62A8, 0x4164, 0x83AD, 0xB596, 0x9472, 0x8C30, 0x944F, 0x83AC, 0x4923, 0x7AEA, 0x9C2F, 0xA490, 0x9C4F,
  0x8BEE, 0x9C70, 0x834B, 0x6A26, 0x7267, 0x4922, 0x8309, 0x8B6A, 0x6226, 0x59E5, 0x6226, 0x5A06, 0x3923, 0x4164, 0x1061, 0x1082,
  0x0800, 0x6B0C, 0xFFBE, 0x8C50, 0x0000, 0x1082, 0x0861, 0x0861, 0x0861, 0x0861, 0x0861, 0x0861, 0x0861, 0x1081, 0x0841, 0x2104,
  0xE71B, 0xFFFF, 0xFFFF, 0xFFFF, 0xFFFE, 0xCE36, 0xC5B4, 0xB490, 0x7269, 0xB4D2, 0xFF5B, 0xA46F, 0x936C, 0xDDF6, 0xF6F8, 0x93CC,
  0xBCF3, 0xF75C, 0xE6FB, 0xFFFF, 0xF7DE, 0xFFDE, 0xF7BE, 0xEF3C, 0xE73B, 0xFFDE, 0xFFFF, 0xFFFF, 0xF7BE, 0xEF7C, 0xEF7C, 0xE71B,
  0xCE58, 0xCE58, 0xDE78, 0x6248, 0x7288, 0x6267, 0x840E, 0xBE37, 0x5A47, 0x20A1, 0x84D2, 0x9D55, 0xA512, 0x5A67, 0x49A4, 0x7BAD,
  0x8C91, 0xAD95, 0xAD54, 0x9470, 0x736C, 0x4164, 0x730A, 0x83AC, 0x8BCD, 0x83AD, 0x7B4B, 0x7B6B, 0x7B6A, 0x6AA7, 0x5205, 0x51C4,
  0x51E5, 0x4984, 0x3923, 0x3102, 0x3943, 0x3943, 0x3143, 0x3163, 0x1061, 0x1082, 0x0800, 0x4A28, 0xFFBE, 0x9471, 0x0000, 0x1082,
  0x0861, 0x0861, 0x0861, 0x0861, 0x0861, 0x0861, 0x0861, 0x0861, 0x1081, 0x0840, 0xB596, 0xFFFF, 0xFFFF, 0xFFFF, 0xFFDD, 0xB5B4,
  0xE6D8, 0xFF5A, 0xD593, 0xC573, 0xFFDD, 0xD617, 0xF71A, 0xFFDD, 0xCD72, 0xA3EC, 0xEE78, 0xD617, 0xDE79, 0xF77D, 0xF7BE, 0xFFDE,
  0xEF5C, 0xE6FA, 0xEF3C, 0xEF7D, 0xFFDF, 0xFFFF, 0xEF7D, 0xAD74, 0xB595, 0xCE78, 0xC637, 0x6B8C, 0xAD53, 0x946F, 0x5A47, 0x7B4A,
  0x732B, 0xAD33, 0x5A68, 0x28E2, 0x8491, 0x7C30, 0x8C2F, 0x5A67, 0x5A06, 0x83EE, 0x73EE, 0x8430, 0x842F, 0x736C, 0x734B, 0x4164,
  0x5A47, 0x730A, 0x62A8, 0x5A68, 0x5A47, 0x6287, 0x5225, 0x5A46, 0x5A26, 0x4183, 0x30E1, 0x3102, 0x3123, 0x3123, 0x2902, 0x3143,
  0x3964, 0x39A5, 0x1061, 0x1061, 0x0800, 0x3145, 0xEF5D, 0x9491, 0x0000, 0x1082, 0x0861, 0x0861, 0x0861, 0x0861, 0x0861, 0x0861,
  0x0861, 0x0861, 0x0861, 0x0020, 0x9CF3, 0xFFFF, 0xFFFF, 0xFFFF, 0xF7BD, 0xD698, 0xD615, 0xBCCF, 0xEE34, 0xA42D, 0x9C30, 0xBD74,
  0xF75B, 0xEF3A, 0xA42D, 0xAC4E, 0xDE37, 0xBD74, 0xDE58, 0xE6BA, 0xE71B, 0xFFDE, 0xDEBA, 0xDE99, 0xF75C, 0xE73B, 0xEF5C, 0xFFFF,
  0xEF3C, 0xA4F2, 0x9CB1, 0xB5B5, 0xAD74, 0x5288, 0x630A, 0xA532, 0x4A26, 0x6AE9, 0x6AC9, 0x730B, 0x6288, 0x30C2, 0x738D, 0x634C,
  0x83CD, 0x5A47, 0x59E5, 0x83AD, 0x7BEF, 0x7BAE, 0x734C, 0x7B6C, 0x6289, 0x4164, 0x5206, 0x49A5, 0x49A4, 0x5206, 0x4A05, 0x49C5,
  0x41A3, 0x5A26, 0x5A47, 0x41A4, 0x3143, 0x39A4, 0x39A5, 0x2943, 0x3184, 0x2963, 0x2943, 0x41E6, 0x1061, 0x1061, 0x0840, 0x18C2,
  0xDEDA, 0x94B1, 0x0000, 0x1082, 0x0861, 0x0861, 0x0861, 0x0861, 0x0861, 0x0861, 0x0861, 0x0861, 0x1081, 0x0000, 0x8410, 0xFFFF,
  0xFFFF, 0xFFDF, 0xF7BD, 0xD698, 0xD5B3, 0x9348, 0xCCF0, 0xAC30, 0x832C, 0xEEF9, 0xFF19, 0xD5B3, 0x9BAB, 0x9BED, 0xD657, 0xCDF7,
  0xD638, 0xD659, 0xE71B, 0xFFDF, 0xD679, 0xD678, 0xE6DA, 0xFFBD, 0xD678, 0xFFBE, 0xE6FB, 0x9470, 0x7B8D, 0x8C50, 0x9C91, 0x6AEA,
  0x5A88, 0x842E, 0x83CD, 0x6288, 0x6288, 0x41C5, 0x49C5, 0x2882, 0x5289, 0x6B2B, 0x6AEA, 0x6A88, 0x6226, 0x6B0B, 0x8430, 0x6B2C,
  0x62AA, 0x7B4C, 0x41A5, 0x4184, 0x51E6, 0x49C5, 0x6268, 0x62A9, 0x6AC9, 0x6288, 0x6268, 0x6AC9, 0x6288, 0x5A88, 0x62E9, 0x5AC9,
  0x5AA9, 0x5AC9, 0x630A, 0x5B0A, 0x4227, 0x5289, 0x1061, 0x1061, 0x1041, 0x1061, 0xCE79, 0x94D2, 0x0000, 0x1082, 0x1081, 0x1081,
  0x1081, 0x0861, 0x0861, 0x0861, 0x0861, 0x0861, 0x1081, 0x0000, 0x7BCF, 0xFFFF, 0xFFDF, 0xFFFF, 0xFFFE, 0xF75B, 0xBD32, 0x6A46,
  0x5943, 0x8269, 0xC4F2, 0x9B4B, 0xA3AB, 0xABEB, 0x7B09, 0xCDB5, 0xC5B6, 0xC5F6, 0xCE17, 0xD658, 0xF77C, 0xF79D, 0xD658, 0xCDF6,
  0xC5F6, 0xF77C, 0xE71B, 0xE6FB, 0xD679, 0xB575, 0xA4F2, 0x8C4F, 0x6B2B, 0x5A88, 0x62E9, 0x5AA8, 0x6AE9, 0x49E5, 0x5A67, 0x3963,
  0x3102, 0x28A1, 0x41C5, 0x5A68, 0x5226, 0x5A46, 0x6247, 0x5A68, 0x738D, 0x62CA, 0x62EA, 0x6AEA, 0x41C5, 0x41A5, 0x41A5, 0x3943,
  0x4185, 0x5A68, 0x5A68, 0x4A06, 0x5247, 0x5A88, 0x62A9, 0x5AC9, 0x73AC, 0x7BCD, 0x6B4C, 0x7BEE, 0x8450, 0x94B2, 0x94B2, 0xAD95,
  0x1061, 0x1061, 0x1061, 0x0841, 0xCE59, 0x9CF3, 0x0000, 0x1081, 0x0861, 0x0861, 0x0861, 0x0861, 0x0861, 0x0861, 0x0861, 0x0861,
  0x1081, 0x0000, 0x6B4D, 0xFFFF, 0xFFFF, 0xFFBE, 0xE6DB, 0xBD75, 0x41C6, 0x30C1, 0x61A5, 0x7207, 0x934B, 0xC46E, 0xA349, 0x7225,
  0x72E9, 0xDE78, 0xC5B6, 0xD658, 0xDE99, 0xDE79, 0xEF3C, 0xE6DB, 0xDEBA, 0xD617, 0xCE38, 0xE6FB, 0xEF7D, 0xFFDE, 0xC5F7, 0x7BCE,
  0x8C50, 0x8C4F, 0x9CB1, 0x736B, 0x62E9, 0x5A88, 0x41A4, 0x3122, 0x41A4, 0x49E5, 0x20C1, 0x3963, 0x49E6, 0x41A5, 0x41C4, 0x41A4,
  0x51C6, 0x5A89, 0x630B, 0x5A89, 0x62CA, 0x7B6C, 0x83AD, 0x7B8D, 0x7B8C, 0x7B6C, 0x7B8D, 0x8BEE, 0x83EE, 0x83ED, 0x83ED, 0x7B8D,
  0x6B4B, 0x5288, 0x5AEA, 0x73EE, 0x73EE, 0x7C30, 0x8430, 0x73CF, 0x8430, 0x94B2, 0x1061, 0x1061, 0x1061, 0x0841, 0xC618, 0x9CF3,
  0x0000, 0x1081, 0x0861, 0x0861, 0x0861, 0x0861, 0x0861, 0x0861, 0x0861, 0x1061, 0x0840, 0x0000, 0x738E, 0xE71C, 0xBD77, 0xAD15,
  0x8BCF, 0x1862, 0x0821, 0x1841, 0x38C2, 0x61A5, 0xA3CC, 0xCCF0, 0x7206, 0x40C1, 0x3943, 0x7B6D, 0xB535, 0xDE59, 0xE6DB, 0xE6BA,
  0xFFBE, 0xFFDE, 0xEF1B, 0xCDF7, 0xCE17, 0xE71B, 0xE71C, 0xFFFF, 0xD679, 0x8C2F, 0x630A, 0x41E6, 0x4A27, 0x5A88, 0x41E5, 0x4A26,
  0x5A68, 0x5A68, 0x3984, 0x5AA9, 0x3964, 0x49E6, 0x5227, 0x5248, 0x62C9, 0x5247, 0x732B, 0x7B8D, 0x734C, 0x730B, 0x942F, 0xA4B1,
  0x9C71, 0xA4D2, 0xACF2, 0xA4D2, 0xA4D2, 0xA4F2, 0xA512, 0xB574, 0xBDF6, 0xBDD5, 0xBDD5, 0xA533, 0x8C90, 0x94D1, 0x94F3, 0x9D34,
  0x9D13, 0x9CF3, 0x8C91, 0x7C0F, 0x1061, 0x1061, 0x1061, 0x0821, 0xBDD7, 0xA514, 0x0000, 0x1081, 0x0861, 0x0861, 0x0861, 0x0861,
  0x0861, 0x0861, 0x0861, 0x0841, 0x39A7, 0x524A, 0x7B8F, 0x8BF1, 0x7B6F, 0x9C73, 0x730D, 0x3925, 0x28E3, 0x0820, 0x1881, 0x2040,
  0x2020, 0x40E2, 0x3881, 0x6A89, 0x41A6, 0x49E9, 0x8BD1, 0xA494, 0x9432, 0x8BD0, 0xCE18, 0xD658, 0xC5B5, 0xCDB6, 0xCDF7, 0xEF3C,
  0xD679, 0xEF5C, 0xC5F6, 0xB594, 0xB594, 0x9CB0, 0x7BAD, 0x6B4B, 0x5A87, 0x41E5, 0x39A5, 0x5A88, 0x41E6, 0x4A27, 0x39A5, 0x41C6,
  0x5A88, 0x62EA, 0x738C, 0x840E, 0xAD12, 0xB554, 0xAD13, 0xA4B1, 0xA4F2, 0xC5B5, 0xD637, 0xCE17, 0xC5D6, 0xB574, 0xA4F2, 0xA4F2,
  0xB554, 0xB574, 0xAD53, 0xB595, 0xB595, 0xA533, 0x9CD2, 0x8C50, 0x7BEF, 0x73AE, 0x9491, 0x9CD1, 0x842F, 0x9490, 0x1061, 0x1061,
  0x1061, 0x0821, 0xB5B6, 0x9CF3, 0x0000, 0x1081, 0x0861, 0x0861, 0x0861, 0x0861, 0x0861, 0x0861, 0x1082, 0x524A, 0x732E, 0x6B0E,
  0x8BD1, 0x732F, 0x8BD1, 0x8BD0, 0x6AAC, 0x72EC, 0x5207, 0x0820, 0x1881, 0x3124, 0x30E3, 0x3903, 0x6A89, 0xBD74, 0x28C4, 0x4A0A,
  0x7330, 0x8392, 0xA475, 0x7B51, 0x8BD2, 0x732F, 0x7B6F, 0x9C72, 0xBD55, 0xF75C, 0xEF3B, 0xCE37, 0x944F, 0x6B2A, 0x8C2E, 0x9490,
  0x9490, 0x8C4F, 0x842E, 0x9490, 0x736C, 0x5268, 0x41E6, 0x3984, 0x3143, 0x39A5, 0x5247, 0x9CB1, 0xB574, 0xAD33, 0xBD95, 0xC5F6,
  0xCDF6, 0xBD95, 0xACF2, 0xB553, 0xCE37, 0xD678, 0xCE17, 0xB553, 0xAD13, 0xB554, 0xC5B5, 0xBD95, 0x9CB1, 0x83EE, 0x7BAE, 0x840F,
  0x8C4F, 0x840F, 0x7BAD, 0x6B4C, 0x6B4B, 0x630A, 0x5288, 0x630A, 0x1061, 0x1061, 0x0861, 0x0841, 0xB5B6, 0x94B2, 0x0000, 0x1081,
  0x0861, 0x0861, 0x0861, 0x0861, 0x0861, 0x0861, 0x2945, 0x5AAB, 0x4A09, 0x28E5, 0x8BD1, 0x5A2A, 0x7B4E, 0x628B, 0x5209, 0x838F,
  0x6ACB, 0x1861, 0x1861, 0x3144, 0x5207, 0x3103, 0xACF3, 0x732C, 0x28C4, 0x7B6F, 0x730F, 0x6ACE, 0x8392, 0x8392, 0x7310, 0x6AEF,
  0x6ACE, 0x7B4F, 0x6AED, 0xD679, 0xEF3B, 0xBDB5, 0x83CD, 0x83CD, 0x944F, 0x8C70, 0x9CD1, 0x8C70, 0x6B8C, 0x73AD, 0xA4F2, 0x9CD1,
  0x842F, 0x5AA9, 0x3143, 0x3164, 0x39A5, 0x5AA9, 0x8C0F, 0xBD94, 0xC5D5, 0xBDB5, 0xC5B5, 0xBD74, 0xA4F2, 0x8C2F, 0x8C0E, 0x9470,
  0xA4F2, 0xAD33, 0xA4F2, 0x9470, 0x83EE, 0x83ED, 0x83ED, 0x7BAD, 0x83EE, 0x734B, 0x5268, 0x5288, 0x52A9, 0x62EA, 0x6B4B, 0x6B2B,
  0x5AA9, 0x41E6, 0x1061, 0x1061, 0x0861, 0x0841, 0xBDB6, 0x94B2, 0x0000, 0x1081, 0x0861, 0x0861, 0x0861, 0x1061, 0x0861, 0x1082,
  0x39E7, 0x3186, 0x6B0D, 0x28E5, 0x732E, 0x5209, 0x628B, 0x62AB, 0x7B4E, 0x836E, 0x838E, 0x49E7, 0x1040, 0x28E2, 0x3144, 0x20A2,
  0x7B4D, 0x734C, 0x41C8, 0x7B70, 0x7B4F, 0x732F, 0x628D, 0x5A4C, 0x62AD, 0x6B0E, 0x6B0E, 0x734F, 0x3987, 0x9CB3, 0xFFBE, 0xCE37,
  0x8BEE, 0x7BAC, 0xA4D1, 0x9CF2, 0x9CD2, 0xAD54, 0xB5D6, 0xC617, 0xB5B5, 0xAD53, 0xCE78, 0xD6B9, 0xBDB5, 0x9470, 0x5AA9, 0x3984,
  0x3143, 0x6AEA, 0xACF2, 0xBD95, 0xBD94, 0x944F, 0x734B, 0x62EA, 0x5AA9, 0x5AA9, 0x6B0A, 0x7B8C, 0x83EE, 0x7BCD, 0x7B8C, 0x734C,
  0x62EA, 0x5269, 0x6B0B, 0x8C0F, 0x83CE, 0x62CA, 0x5288, 0x5288, 0x5288, 0x5268, 0x5AA9, 0x5248, 0x1061, 0x1061, 0x1061, 0x0841,
  0xBDB6, 0xA4D3, 0x0000, 0x0861, 0x0861, 0x0861, 0x1061, 0x1061, 0x0841, 0x18A2, 0x6B2C, 0x18C2, 0x52AA, 0x3986, 0x524A, 0x6AEC,
  0x4167, 0x3105, 0x51E8, 0x5A49, 0x626A, 0x6ACB, 0x28E3, 0x20C2, 0x3986, 0x18A2, 0x4A08, 0x9491, 0x6B0D, 0x7B6F, 0x62CD, 0x62CD,
  0x3947, 0x5A6B, 0x7B90, 0x4A0A, 0x62CD, 0x6AEE, 0x41C8, 0x6B4D, 0xEF5C, 0xC5F6, 0x7B8C, 0x734B, 0x8C2F, 0xBDD6, 0xC617, 0xB5B6,
  0xC617, 0xCE58, 0xCE78, 0xC617, 0xAD74, 0x9CD2, 0xB594, 0xA512, 0x8C4F, 0x736C, 0x3984, 0x20C2, 0x5247, 0x8C2F, 0xA4F2, 0x8BEE,
  0x62C9, 0x5227, 0x5227, 0x5248, 0x5268, 0x62C9, 0x734B, 0x7B8C, 0x736C, 0x734C, 0x734D, 0x6B2C, 0x62EB, 0x5A89, 0x5248, 0x4A27,
  0x5A89, 0x41E6, 0x2923, 0x2923, 0x20C2, 0x20C2, 0x1061, 0x1061, 0x1041, 0x1041, 0xB596, 0xAD14, 0x0841, 0x0861, 0x0861, 0x0861,
  0x0861, 0x1061, 0x1061, 0x0820, 0x4A08, 0x4A69, 0x18E3, 0x4A28, 0x2904, 0x6AEC, 0x72ED, 0x5A29, 0x5208, 0x5208, 0x4986, 0x4186,
  0x2903, 0x18A2, 0x2924, 0x18A2, 0x4A28, 0x7BCE, 0x5A4A, 0x6ACD, 0x732F, 0x62AD, 0x41C8, 0x736E, 0x732E, 0x522A, 0x62AC, 0x49E9,
  0x39C7, 0x3165, 0xC617, 0xB554, 0x6B0A, 0x6B0A, 0x83CE, 0xB595, 0xCE78, 0xCE99, 0xCE79, 0xCE58, 0xC637, 0xCE78, 0xBDF6, 0x94D2,
  0x738C, 0x5AC9, 0x41E6, 0x5AA9, 0x62EA, 0x39A5, 0x1881, 0x2902, 0x6AEA, 0x6B0A, 0x5A88, 0x62C9, 0x62EA, 0x62EA, 0x5A88, 0x41E6,
  0x41E6, 0x4A06, 0x5247, 0x5AA9, 0x5AAA, 0x6B0B, 0x62CA, 0x5269, 0x5248, 0x4A27, 0x4A27, 0x39A5, 0x3164, 0x3985, 0x3984, 0x3984,
  0x1041, 0x1041, 0x1041, 0x0841, 0xAD35, 0xAD35, 0x1061, 0x0861, 0x0861, 0x0861, 0x0861, 0x1061, 0x0841, 0x20C3, 0x3145, 0x4208,
  0x39C7, 0x41C7, 0x3145, 0x41A7, 0x732E, 0x6AED, 0x838F, 0x7B2E, 0x8BAF, 0x7B2D, 0x628A, 0x3104, 0x4207, 0xD699, 0xD638, 0x9451,
  0x49C7, 0x8BD1, 0x93F2, 0x8BD2, 0x6AEE, 0x49E9, 0x3146, 0x734E, 0x5A8A, 0x3166, 0x3987, 0x1041, 0xAD33, 0xBDB5, 0x8C0E, 0x8C0E,
  0xAD54, 0xC637, 0xC678, 0xCE78, 0xDEDA, 0xDEDA, 0xD6B9, 0xC5F6, 0xB595, 0xBDD6, 0x944F, 0x5268, 0x41E6, 0x2923, 0x20C2, 0x3185,
  0x20C2, 0x1040, 0x20A2, 0x5AA9, 0x41E6, 0x3144, 0x3143, 0x3165, 0x39C6, 0x41E6, 0x4A07, 0x5207, 0x49C6, 0x49E5, 0x3984, 0x3123,
  0x3104, 0x2903, 0x2903, 0x3124, 0x3144, 0x20E2, 0x18A1, 0x20E2, 0x4A07, 0x5248, 0x1041, 0x1061, 0x1041, 0x0841, 0xAD34, 0xB596,
  0x1082, 0x0861, 0x0861, 0x0861, 0x0861, 0x0861, 0x1061, 0x1061, 0x62CB, 0x39C7, 0x3165, 0x41C7, 0x41C7, 0x3966, 0x734E, 0x6AED,
  0x732D, 0x7B2E, 0x7B2E, 0x836F, 0x730E, 0x62AC, 0x83EF, 0xFFFF, 0xFF9D, 0x9C71, 0x3966, 0x730E, 0x7B50, 0x6ACE, 0x6AED, 0x4187,
  0x3126, 0x734E, 0x3146, 0x2925, 0x3987, 0x1041, 0x7BAD, 0xB574, 0x9CB0, 0xB533, 0xC5F6, 0xC617, 0xC637, 0xB574, 0x9CB1, 0x9CB1,
  0x9450, 0x8BEE, 0x83CE, 0x83AD, 0x5268, 0x20E2, 0x4A27, 0x62EA, 0x3144, 0x0800, 0x0820, 0x1060, 0x0860, 0x3144, 0x4A07, 0x1061,
  0x1081, 0x20E3, 0x18A2, 0x1860, 0x28C1, 0x3964, 0x4184, 0x5206, 0x5227, 0x5207, 0x5207, 0x3944, 0x1881, 0x20A2, 0x20C2, 0x18A1,
  0x18A1, 0x20E2, 0x3164, 0x4A07, 0x1041, 0x1041, 0x1041, 0x0820, 0xAD14, 0xCE18, 0x18C3, 0x0840, 0x0861, 0x0861, 0x0861, 0x0861,
  0x0841, 0x20C3, 0x39A6, 0x7BAF, 0x62EC, 0x6B2C, 0x7B8E, 0x28C4, 0x62AB, 0x7B4D, 0x626A, 0x72EC, 0x7B0D, 0x730E, 0x628C, 0x730E,
  0x62AB, 0xE6BA, 0xEF1A, 0x9C91, 0x3945, 0x6ACD, 0x730F, 0x5A4C, 0x6ACD, 0x41C8, 0x41A7, 0x62CC, 0x1062, 0x3966, 0x3986, 0x1061,
  0x5247, 0x9470, 0x83CD, 0x732A, 0x6B2B, 0xA4F2, 0x9450, 0x5A89, 0x5228, 0x62AA, 0x734C, 0x7B6D, 0x730B, 0x62CA, 0x736D, 0x9CB1,
  0x5268, 0x20E2, 0x49E6, 0x5A68, 0x41C6, 0x2943, 0x18A1, 0x1860, 0x1881, 0x0861, 0x0861, 0x0841, 0x18A1, 0x62A9, 0x834B, 0x730A,
  0x4184, 0x6268, 0x72EA, 0x72EB, 0x5207, 0x3944, 0x28E2, 0x1040, 0x2923, 0x5AA9, 0x5AA9, 0x41C6, 0x2923, 0x1881, 0x1041, 0x1041,
  0x1061, 0x0800, 0xA4D3, 0xD69A, 0x2924, 0x0840, 0x0861, 0x0861, 0x0861, 0x0861, 0x0820, 0x3986, 0x3165, 0x5AAB, 0x6B0C, 0x62CB,
  0x83AF, 0x3145, 0x4166, 0x838F, 0x5A49, 0x51C8, 0x626A, 0x5A4A, 0x5A2A, 0x6AEE, 0x5A2A, 0xBD74, 0xE6F9, 0x9470, 0x3125, 0x626B,
  0x6AAD, 0x628D, 0x730E, 0x41C8, 0x5249, 0x5A8A, 0x1061, 0x41E7, 0x2924, 0x1040, 0x4A26, 0x7B8C, 0x7B8C, 0x62C8, 0x3984, 0x41C6,
  0x5248, 0x5207, 0x41A5, 0x4185, 0x3985, 0x62CA, 0x5248, 0x4A07, 0x3144, 0x736D, 0xA4D2, 0x20E2, 0x5A47, 0xA4B0, 0x9C2E, 0x834B,
  0x6AC9, 0x41E5, 0x1060, 0x0860, 0x0881, 0x0861, 0x20C2, 0x6AC9, 0x836B, 0x93AC, 0x832B, 0x7B4B, 0x62A9, 0x730B, 0x730B, 0x5248,
  0x49E7, 0x1861, 0x3164, 0x734C, 0x7BAD, 0x7BAC, 0x6B4B, 0x62EA, 0x0861, 0x0861, 0x1061, 0x0800, 0x9471, 0xD67A, 0x3186, 0x0020,
  0x0861, 0x0861, 0x0861, 0x1061, 0x0820, 0x4A28, 0x5A8A, 0x41E8, 0x7BAF, 0x732D, 0x734D, 0x3945, 0x4166, 0x836E, 0x6ACB, 0x4166,
  0x3925, 0x51E8, 0x5A2A, 0x6A8C, 0x5209, 0x9C50, 0xE6D9, 0x8C0E, 0x28E3, 0x524A, 0x6AEE, 0x6ACD, 0x628B, 0x3145, 0x4A28, 0x41E7,
  0x18A2, 0x3165, 0x20C3, 0x18A2, 0x4A48, 0x5AC9, 0x62C9, 0x62EA, 0x4A47, 0x18A1, 0x28E3, 0x20A2, 0x20A2, 0x20C2, 0x5289, 0x39C6,
  0x4207, 0x632B, 0x4A48, 0x0840, 0x3185, 0x6B2B, 0x2923, 0x1860, 0x1040, 0x2080, 0x20A1, 0x20C2, 0x0861, 0x0861, 0x1062, 0x1082,
  0x1041, 0x0000, 0x0820, 0x2080, 0x41A5, 0x41C6, 0x28E3, 0x2903, 0x3124, 0x3144, 0x3965, 0x3124, 0x20E3, 0x2924, 0x3185, 0x39C6,
  0x4A27, 0x6B4B, 0x0861, 0x0861, 0x1061, 0x0820, 0x8C31, 0xD67A, 0x4228, 0x0000, 0x0861, 0x0861, 0x0861, 0x0841, 0x1061, 0x62CB,
  0x5A8A, 0x526A, 0x62CB, 0x734D, 0x83F0, 0x3124, 0x49A6, 0x730C, 0x6AAA, 0x5A29, 0x30E3, 0x3924, 0x5208, 0x5A29, 0x49C7, 0x7B6C,
  0xE6B9, 0x9C50, 0x20C2, 0x5229, 0x6AEE, 0x6AED, 0x5229, 0x2903, 0x3144, 0x20E3, 0x1882, 0x1882, 0x18C2, 0x2924, 0x41E7, 0x2102,
  0x4206, 0x7BAD, 0x5A89, 0x2103, 0x4A28, 0x5AAA, 0x2924, 0x20C2, 0x4A48, 0x4207, 0x4228, 0x2123, 0x18C2, 0x18C1, 0x39C6, 0x840F,
  0x734C, 0x62EA, 0x4A07, 0x3143, 0x3143, 0x20E2, 0x10A1, 0x0840, 0x0820, 0x20E3, 0x41C6, 0x4206, 0x4207, 0x41E6, 0x39A5, 0x3164,
  0x3985, 0x3144, 0x2944, 0x3985, 0x3164, 0x39A6, 0x4A28, 0x4207, 0x5AAA, 0x738D, 0x7BCE, 0x7C0F, 0x0861, 0x0861, 0x1061, 0x0821,
  0x9C92, 0xD67A, 0x5AEB, 0x0000, 0x0861, 0x0861, 0x0861, 0x0841, 0x20E3, 0x4A49, 0x39A7, 0x734D, 0x7B8E, 0x6B0C, 0x7BAF, 0x3965,
  0x3944, 0x628A, 0x5208, 0x6ACB, 0x51E7, 0x30E3, 0x41A6, 0x5207, 0x4185, 0x5228, 0xDE38, 0xACD2, 0x28A2, 0x51E8, 0x732F, 0x6ACD,
  0x3966, 0x3165, 0x5248, 0x18A2, 0x1061, 0x1061, 0x2904, 0x2103, 0x3165, 0x18A1, 0x18C2, 0x39C6, 0x3165, 0x0820, 0x0820, 0x10A2,
  0x5289, 0x6B4C, 0x6B2C, 0x7BEF, 0x8430, 0x94B2, 0x8430, 0x8C70, 0x9CB2, 0x9491, 0x62EA, 0x83CE, 0xD637, 0xBD74, 0xA491, 0x93AD,
  0x72A9, 0x6A48, 0x5A07, 0x2902, 0x5267, 0x7BAD, 0x7BAD, 0x6B6C, 0x62EA, 0x62EA, 0x62EA, 0x4A28, 0x4207, 0x5269, 0x4227, 0x4A28,
  0x5289, 0x5ACA, 0x6B6D, 0x7BEE, 0x8430, 0x8430, 0x0861, 0x0861, 0x1041, 0x1041, 0xA4F3, 0xD69A, 0x6B4D, 0x0000, 0x1081, 0x0861,
  0x0861, 0x0821, 0x2945, 0x4208, 0x20C3, 0x5A6A, 0x7B8E, 0x7BAE, 0x7BAF, 0x3144, 0x3123, 0x626A, 0x5209, 0x7B2E, 0x6ACB, 0x3965,
  0x28E3, 0x49C6, 0x3944, 0x3945, 0xCDB7, 0xACB2, 0x28A2, 0x51E8, 0x730E, 0x522B, 0x20E4, 0x5AA9, 0x6B2C, 0x20E2, 0x1061, 0x1041,
  0x2944, 0x18C2, 0x2924, 0x20E3, 0x0820, 0x0000, 0x3186, 0x8410, 0x6B4C, 0x73AE, 0xC617, 0xD6BA, 0xDEDB, 0xEF3C, 0xEF7D, 0xDEDA,
  0xC658, 0xBE17, 0xA534, 0x9491, 0x5268, 0x18A1, 0x5A88, 0x7B6C, 0x836C, 0x832C, 0x9B6D, 0x934C, 0x9BEE, 0x7B4B, 0x83EE, 0x9491,
  0x9491, 0x9491, 0x9470, 0x9491, 0x9CD2, 0x9491, 0x94B1, 0x94B2, 0x8C50, 0x8C50, 0x8450, 0x8C71, 0x8410, 0x7BEF, 0x9491, 0xA513,
  0x0861, 0x0861, 0x0841, 0x1041, 0xA4F3, 0xDE9A, 0x83EF, 0x0020, 0x1061, 0x0861, 0x0861, 0x0821, 0x3166, 0x5A6A, 0x49E8, 0x5AAA,
  0x5A8A, 0x41E7, 0x39A6, 0x28E2, 0x3103, 0x51C7, 0x624A, 0x7B4E, 0x730C, 0x4165, 0x3924, 0x3123, 0x49C6, 0x3145, 0xBD96, 0xA4B3,
  0x28A2, 0x5A29, 0x730E, 0x4A09, 0x18A2, 0x630B, 0x5AA9, 0x2944, 0x1061, 0x1041, 0x3185, 0x2103, 0x2924, 0x31A6, 0x8C71, 0xAD55,
  0xCE79, 0xDEFB, 0xE71B, 0xDEFB, 0xDEDA, 0xDEDB, 0xD6BA, 0xD6BA, 0xDEDB, 0xCE79, 0xCE58, 0xD699, 0xBDD6, 0x7BEF, 0x62EA, 0x3164,
  0x0820, 0x1060, 0x1860, 0x3964, 0x5A48, 0x51C6, 0x4164, 0x5227, 0x7BAD, 0x9491, 0x94D2, 0x94D2, 0x9D13, 0xAD74, 0xA534, 0x9D13,
  0x94D2, 0xA534, 0x9CF3, 0x9CF3, 0xA514, 0xA534, 0xAD54, 0xA534, 0xB595, 0xB5B6, 0x0861, 0x0861, 0x0841, 0x1061, 0xA4F3, 0xDE9A,
  0x9CB2, 0x1041, 0x1061, 0x0861, 0x0861, 0x1041, 0x3145, 0x5249, 0x3966, 0x5229, 0x6B0C, 0x4A07, 0x4A07, 0x730B, 0x4145, 0x4966,
  0x6249, 0x7B2D, 0x730D, 0x49C7, 0x3103, 0x28E2, 0x41A7, 0x3966, 0xAD34, 0xACF3, 0x30C3, 0x6A6B, 0x730D, 0x3966, 0x3125, 0x5269,
  0x2944, 0x2123, 0x0860, 0x1061, 0x39C6, 0x2104, 0x2103, 0x2944, 0xBDD7, 0xE71B, 0xD69A, 0xCE58, 0xCE58, 0xCE59, 0xD6BA, 0xDEDA,
  0xD699, 0xD69A, 0xDEDB, 0xD6BA, 0xCE79, 0xD6BA, 0xDEFB, 0xCE79, 0xBDD6, 0xAD54, 0x8C50, 0x7BAD, 0x6B2B, 0x6B0B, 0x5A89, 0x5A48,
  0x6289, 0x62EA, 0x736C, 0x9CD2, 0xAD54, 0xAD95, 0xB5B6, 0xBDD7, 0xB5B6, 0xA534, 0xA513, 0xB5D6, 0xBE17, 0xC638, 0xC617, 0xBDD7,
  0xB595, 0xB596, 0xBDF7, 0xBDD6, 0x0861, 0x0861, 0x0841, 0x1082, 0xAD14, 0xDE9A, 0xA4F4, 0x18A2, 0x1061, 0x0861, 0x0861, 0x1861,
  0x5229, 0x20C3, 0x20C4, 0x5229, 0x62CB, 0x3965, 0x62AA, 0x49E6, 0x28A2, 0x4966, 0x5A09, 0x51E8, 0x626B, 0x6AEC, 0x3124, 0x28C3,
  0x3925, 0x3965, 0xA4D3, 0xB555, 0x3924, 0x6AAB, 0x626B, 0x3125, 0x5A8A, 0x39A6, 0x20E2, 0x20E2, 0x0840, 0x1881, 0x3185, 0x2103,
  0x1081, 0x2103, 0xA534, 0xCE79, 0xDEDB, 0xDEFB, 0xDEDA, 0xD6BA, 0xDEFB, 0xD6BA, 0xD69A, 0xCE59, 0xCE59, 0xD6BA, 0xD699, 0xD69A,
  0xDEDA, 0xD6BA, 0xDEFA, 0xE71B, 0xE73B, 0xE71B, 0xE6FA, 0xD6B9, 0xC617, 0xC5F6, 0xBDD6, 0xB574, 0xBDD6, 0xCE58, 0xCE79, 0xC658,
  0xCE79, 0xD6BA, 0xD6BA, 0xCE99, 0xCE58, 0xCE58, 0xC638, 0xBDF7, 0xB595, 0xAD75, 0xA534, 0xA534, 0xB596, 0xB5B6, 0x0861, 0x0861,
  0x0840, 0x2124, 0xB5B6, 0xD679, 0xB596, 0x1882, 0x0000, 0x0861, 0x0840, 0x2904, 0x5229, 0x41E8, 0x6B0D, 0x7B6E, 0x83AF, 0x7B6D,
  0x734D, 0x3965, 0x2882, 0x51A7, 0x51C8, 0x3105, 0x5A4A, 0x6AAB, 0x51E7, 0x28C3, 0x3966, 0x3165, 0x9471, 0xCDF7, 0x4186, 0x628A,
  0x3946, 0x4186, 0x8BCF, 0x49E7, 0x20C2, 0x1881, 0x1040, 0x1882, 0x2944, 0x20E3, 0x1061, 0x1082, 0x9CF3, 0xE71B, 0xEF7D, 0xF79D,
  0xEF5C, 0xDEFB, 0xDEFB, 0xDEDB, 0xDEDB, 0xD6BA, 0xD6BA, 0xD69A, 0xCE79, 0xCE79, 0xD69A, 0xCE59, 0xC638, 0xCE58, 0xCE58, 0xC637,
  0xC617, 0xC617, 0xC637, 0xC637, 0xC637, 0xC637, 0xBDF7, 0xC617, 0xC638, 0xC638, 0xCE79, 0xCE99, 0xCE59, 0xC638, 0xC638, 0xC638,
  0xBDF7, 0xBDD7, 0xBDD6, 0xBDF7, 0xBDF7, 0xBDD6, 0xBDD7, 0xBDF7, 0x0861, 0x1061, 0x0020, 0x5ACA, 0xD679, 0xCE59, 0xD658, 0x8C30,
  0x3165, 0x1081, 0x0000, 0x3104, 0x83CF, 0x5269, 0x41E8, 0x62EC, 0x6B0D, 0x6B0C, 0x736D, 0x83AD, 0x6269, 0x4166, 0x4187, 0x3106,
  0x4188, 0x49C8, 0x5A49, 0x4186, 0x3945, 0x3965, 0x9451, 0xEEFB, 0x5228, 0x5208, 0x30E4, 0x5A4A, 0x83AE, 0x62CA, 0x3985, 0x41C6,
  0x20C2, 0x1881, 0x18C2, 0x1061, 0x20E3, 0x0841, 0x9CD3, 0xF79E, 0xEF7D, 0xF79D, 0xEF7D, 0xDEFB, 0xDEDB, 0xDEFB, 0xDEFB, 0xE71B,
  0xE73C, 0xDEDB, 0xD69A, 0xD6BA, 0xCE79, 0xCE58, 0xBDF7, 0xBDF7, 0xB5B6, 0xAD75, 0xAD75, 0xB575, 0xAD75, 0xAD75, 0xB5B5, 0xB5D6,
  0xAD95, 0xB5D6, 0xC638, 0xCE59, 0xCE59, 0xCE99, 0xD699, 0xCE79, 0xCE79, 0xCE79, 0xCE79, 0xCE79, 0xCE79, 0xCE79, 0xCE79, 0xCE79,
  0xCE79, 0xCE79, 0x1080, 0x1881, 0x41C6, 0x9CB2, 0xB575, 0xC5B6, 0xAD13, 0xA4D2, 0x6ACB, 0x2081, 0x5227, 0x8BEE, 0x4A07, 0x1040,
  0x41E8, 0x4A09, 0x4209, 0x738F, 0x83CF, 0x6AA9, 0x9BED, 0xA42E, 0x6249, 0x4188, 0x520B, 0x49A9, 0x41C6, 0x41A6, 0x4185, 0x3103,
  0x9430, 0xFFBE, 0x41C6, 0x3103, 0x3945, 0x7B4E, 0x730C, 0x7B2C, 0x5A49, 0x41C6, 0x18A1, 0x1882, 0x1882, 0x0840, 0x3165, 0x0800,
  0x8C10, 0xFFBE, 0xF79D, 0xF7BE, 0xF79E, 0xE73C, 0xE71B, 0xE73C, 0xE73C, 0xEF7D, 0xF79D, 0xEF5D, 0xE71C, 0xE71C, 0xE71B, 0xD6BA,
  0xCE79, 0xD699, 0xD699, 0xD699, 0xD69A, 0xD6BA, 0xD6BA, 0xCE79, 0xCE59, 0xCE79, 0xD6BA, 0xD6BA, 0xDEDA, 0xD6BA, 0xD69A, 0xD69A,
  0xD6BA, 0xCE79, 0xC638, 0xC617, 0xB596, 0xAD75, 0xAD75, 0xAD75, 0xB595, 0xB595, 0xAD75, 0xAD75, 0x83CE, 0x5207, 0x49C6, 0x62A9,
  0x72EB, 0x6AAA, 0x4985, 0x51C6, 0x3924, 0x3103, 0xBD33, 0xF71A, 0x6B0B, 0x1881, 0x5A8B, 0x6AEC, 0x5229, 0x8BF0, 0x628A, 0x7268,
  0xFE13, 0xF5AF, 0xCC8E, 0x934D, 0x522A, 0x41A7, 0x3964, 0x6269, 0x3965, 0x28E2, 0x734C, 0xFFBE, 0x49C6, 0x2081, 0x5A29, 0x7B4D,
  0x6A8B, 0x6AAB, 0x5228, 0x28E3, 0x1881, 0x18A2, 0x20E3, 0x0840, 0x2103, 0x1882, 0x7BCF, 0xFFBE, 0xF79D, 0xF7BE, 0xF7BE, 0xF79E,
  0xF79D, 0xF7BE, 0xF79E, 0xEF7D, 0xEF5D, 0xEF5D, 0xE73C, 0xE73C, 0xEF5C, 0xDEFB, 0xDEFB, 0xE71B, 0xDEFB, 0xDEFB, 0xE71C, 0xE71C,
  0xE71C, 0xE71B, 0xE71B, 0xE71C, 0xE73C, 0xEF5D, 0xEF5C, 0xD6BA, 0xCE79, 0xCE79, 0xCE59, 0xCE58, 0xC638, 0xCE59, 0xC638, 0xC617,
  0xC638, 0xC638, 0xC638, 0xCE58, 0xCE58, 0xCE59, 0xA491, 0x9C30, 0x6289, 0x9C2F, 0xBD33, 0xA470, 0xAC91, 0xACB1, 0x7B2B, 0x5A26,
  0xC594, 0xEEF9, 0xBD94, 0x41E7, 0x2924, 0x3165, 0x5229, 0x83AF, 0x41C7, 0x30C2, 0xC44C, 0xCC29, 0xD4AE, 0xFED9, 0xC596, 0xA4B2,
  0x940E, 0x5A27, 0x28C2, 0x1840, 0x5207, 0xFF9D, 0x5207, 0x28C2, 0x7B2C, 0x7B2D, 0x72CC, 0x72CC, 0x5A29, 0x3104, 0x1861, 0x1061,
  0x1881, 0x0820, 0x41E7, 0x3145, 0x6B0C, 0xEF5D, 0xEF7D, 0xEF7D, 0xE73C, 0xE71C, 0xE71C, 0xE71C, 0xE71B, 0xEF5C, 0xF79D, 0xF79D,
  0xF79D, 0xF7BE, 0xF79D, 0xEF7D, 0xEF7D, 0xEF7D, 0xEF5D, 0xEF5D, 0xEF5C, 0xEF5C, 0xEF5C, 0xEF5C, 0xEF7D, 0xF79D, 0xE71C, 0xE73C,
  0xEF7D, 0xDEDA, 0xCE79, 0xCE59, 0xCE58, 0xCE79, 0xD699, 0xCE79, 0xCE58, 0xCE58, 0xCE58, 0xCE79, 0xD6BA, 0xD699, 0xCE58, 0xCE58,
  0xB534, 0xACD2, 0x83AE, 0xC595, 0xD658, 0xDEB9, 0xF73B, 0xD616, 0x9C2E, 0x6AC8, 0xD616, 0xF71A, 0xDE77, 0x5A89, 0x0000, 0x18C2,
  0x20E4, 0x4A08, 0x3185, 0x0000, 0x6A68, 0xEDD4, 0xFED8, 0xFF9B, 0xFFFF, 0xF73B, 0x6266, 0x6A88, 0x6288, 0x28C2, 0x3944, 0xFF9D,
  0x62A9, 0x30E3, 0x8B8E, 0x7B0D, 0x72AC, 0x6A8B, 0x5A29, 0x3124, 0x1881, 0x1041, 0x1041, 0x0820, 0x2924, 0x2904, 0x6B2C, 0xF77D,
  0xF7BE, 0xFFBE, 0xF79D, 0xF79D, 0xEF7D, 0xEF7D, 0xEF5C, 0xE73C, 0xF79D, 0xF7BE, 0xF7BE, 0xF7BE, 0xF7BE, 0xF79D, 0xF79D, 0xF79E,
  0xF79D, 0xF7BE, 0xF7BE, 0xF7BE, 0xF7BE, 0xF7BE, 0xF7BE, 0xF7BE, 0xEF5D, 0xEF5C, 0xE73C, 0xDEFB, 0xDEFB, 0xE71B, 0xE71C, 0xE73C,
  0xEF5C, 0xEF5C, 0xE71C, 0xE71B, 0xE71B, 0xE71C, 0xDEDB, 0xCE59, 0xCE79, 0xCE79, 0xD638, 0xB554, 0x9C70, 0xD638, 0xDEBA, 0xFF9C,
  0xFF9D, 0xDE79, 0x9C4F, 0x838B, 0xDE57, 0xFF5B, 0xDE56, 0xB512, 0x4A28, 0x18A2, 0x1020, 0x18C2, 0x2923, 0x0840, 0x1020, 0x4985,
  0x832A, 0x9C0D, 0xEEF9, 0xA44F, 0x51A4, 0x8B8C, 0x5A48, 0x2081, 0x41A6, 0xFFBD, 0x836D, 0x4124, 0x8B6E, 0x6A6A, 0x624A, 0x624A,
  0x49A7, 0x20A2, 0x1881, 0x1041, 0x1882, 0x1021, 0x41C7, 0x1041, 0x83EF, 0xFFFF, 0xF7BE, 0xFFDE, 0xFFDF, 0xFFFF, 0xFFFF, 0xFFFF,
  0xFFDF, 0xF79E, 0xEF7D, 0xF79E, 0xF7BE, 0xF7BE, 0xF7BE, 0xF79D, 0xF79D, 0xF7BE, 0xF7BE, 0xEF5D, 0xE71B, 0xE71B, 0xE73C, 0xE71C,
  0xDEDB, 0xD6BA, 0xD6BA, 0xD6BA, 0xDEDB, 0xD6BA, 0xDEFB, 0xE71B, 0xDEFB, 0xE71C, 0xE73C, 0xEF7D, 0xEF7D, 0xEF5C, 0xE71C, 0xE71B,
  0xDEDB, 0xDEDB, 0xDEDB, 0xD6BA, 0xD638, 0xCDD6, 0xACF2, 0xE6BA, 0xDE79, 0xEF1B, 0xFFBE, 0xE6BA, 0xBD33, 0x93ED, 0xE698, 0xF71A,
  0xE677, 0xC552, 0x9C4F, 0x4A27, 0x1040, 0x18A1, 0x18A2, 0x0841, 0x1061, 0x5206, 0x7B4A, 0xAC6E, 0xD593, 0xDDD4, 0x93AC, 0x6227,
  0x3103, 0x1860, 0x41A5, 0xFFDE, 0x9C30, 0x51A6, 0x7ACC, 0x5A09, 0x622A, 0x624A, 0x4166, 0x1881, 0x1061, 0x0841, 0x0841, 0x18A2,
  0x62CB, 0x1061, 0x736D, 0xEF5D, 0xF7BE, 0xFFDF, 0xFFDF, 0xFFFF, 0xFFFF, 0xFFFF, 0xFFDF, 0xFFDE, 0xFFDE, 0xF7BE, 0xF7BE, 0xF7BE,
  0xF79E, 0xE73C, 0xE71B, 0xE73C, 0xE73C, 0xE71B, 0xDEFB, 0xDEFB, 0xDEFB, 0xE73C, 0xE73C, 0xE73C, 0xE73C, 0xEF5C, 0xEF5D, 0xE73C,
  0xE71B, 0xDEFB, 0xDEDB, 0xDEDA, 0xD6BA, 0xD6BA, 0xDEDB, 0xDEDB, 0xD6BA, 0xD6BA, 0xD6BA, 0xD6BA, 0xDEBA, 0xD6BA, 0xD638, 0xCDD6,
  0xA4B1, 0xEEFB, 0xDE79, 0xEF1B, 0xEF3B, 0xE6FB, 0xDE38, 0x9C2E, 0xE6B8, 0xFF5A, 0xE657, 0xC573, 0xA46F, 0x8C2E, 0x3143, 0x1061,
  0x1061, 0x0841, 0x0020, 0x62A9, 0xDE56, 0xE676, 0xF697, 0xCD52, 0x6227, 0x4964, 0x4185, 0x1860, 0x5A68, 0xFFFE, 0xBD33, 0x59C7,
  0x726A, 0x6209, 0x624A, 0x624A, 0x49A7, 0x1882, 0x1081, 0x0861, 0x0020, 0x20C3, 0x5249, 0x1882, 0x736D, 0xE6FB, 0xF79E, 0xFFDF,
  0xFFDF, 0xFFDF, 0xFFDE, 0xFFDE, 0xF7BE, 0xF7BE, 0xF79E, 0xEF5D, 0xE73C, 0xE73C, 0xE73C, 0xDEFB, 0xE73C, 0xE73C, 0xE71B, 0xE73C,
  0xE73C, 0xE71B, 0xD6BA, 0xD6BA, 0xCE79, 0xCE58, 0xC638, 0xC638, 0xC618, 0xBDF7, 0xC618, 0xCE79, 0xD699, 0xCE79, 0xCE79, 0xCE59,
  0xD699, 0xD6BA, 0xDEFB, 0xDEDB, 0xD679, 0xD679, 0xD699, 0xD6BA, 0xD659, 0xBD74, 0xA491, 0xF73D, 0xE6DB, 0xF77D, 0xD678, 0xF73C,
  0xF6FB, 0x940F, 0xEEF8, 0xFF9C, 0xE678, 0xD5F6, 0xA4AF, 0x946F, 0x41E6, 0x18A1, 0x1041, 0x0841, 0x1040, 0x5206, 0xDE15, 0xF6B7,
  0xEE55, 0xB4D0, 0x5A06, 0x5207, 0x3103, 0x1860, 0x732B, 0xFFBD, 0xDE58, 0x6A48, 0x726A, 0x51A7, 0x51A8, 0x624A, 0x49A7, 0x1861,
  0x1881, 0x1082, 0x0020, 0x2103, 0x5AAA, 0x1882, 0x738E, 0xE6FB, 0xE73C, 0xF79E, 0xF7BE, 0xF79E, 0xF79E, 0xEF5C, 0xE71B, 0xE73C,
  0xEF5D, 0xF79D, 0xF79D, 0xF79E, 0xF7BE, 0xFFDE, 0xFFDF, 0xFFDE, 0xEF7D, 0xE73C, 0xEF5C, 0xEF5C, 0xEF5C, 0xEF5C, 0xE71C, 0xE71B,
  0xE73C, 0xE73C, 0xE73C, 0xDEFB, 0xD69A, 0xDEFB, 0xDEFB, 0xD699, 0xCE79, 0xCE59, 0xC658, 0xCE58, 0xD679, 0xCE59, 0xC5D7, 0xC5F7,
  0xC618, 0xCE38, 0xD617, 0xB4F3, 0xB534, 0xFF9E, 0xEF1C, 0xEEFB, 0xCDD6, 0xFF9D, 0xE6BA, 0x93EE, 0xF73A, 0xF75C, 0xD657, 0xC594,
  0xA46F, 0x7B8B, 0x20E2, 0x18A2, 0x1082, 0x1081, 0x1081, 0x5227, 0xB4F2, 0xEE98, 0xEE76, 0xBCF0, 0x834B, 0x49C6, 0x30E3, 0x28A1,
  0x8BEE, 0xFF9C, 0xE678, 0x7B0B, 0x59E7, 0x38E3, 0x3924, 0x5A49, 0x3125, 0x1041, 0x1081, 0x1081, 0x0820, 0x1082, 0x5A8A, 0x18A2,
  0x6B4D, 0xEF5C, 0xF79E, 0xFFDF, 0xFFDF, 0xFFDF, 0xFFDE, 0xF7BE, 0xF7BE, 0xF7BE, 0xFFDE, 0xFFDE, 0xF7BE, 0xFFDE, 0xF7BE, 0xF7BE,
  0xF7BE, 0xF7BE, 0xF79E, 0xF79E, 0xF7BE, 0xF7BE, 0xFFDF, 0xFFDF, 0xFFDE, 0xF7BE, 0xEF7D, 0xEF7D, 0xEF7D, 0xE71C, 0xE71C, 0xEF7D,
  0xE73C, 0xEF7D, 0xEF7D, 0xF79D, 0xEF7D, 0xF77D, 0xFF9E, 0xF79E, 0xEF5D, 0xEF5D, 0xEF5D, 0xEF5D, 0xBD34, 0xB4D2, 0xBD75, 0xFFBE,
  0xEF5D, 0xE69A, 0xC576, 0xFFDE, 0xE6DA, 0xA450, 0xFF9C, 0xFF9D, 0xDE98, 0xCDD5, 0xBD32, 0x7B8C, 0x1881, 0x1061, 0x18A2, 0x18C2,
  0x2944, 0x5A89, 0x9C50, 0xF6D9, 0xD5D3, 0xBCD0, 0x836B, 0x5A48, 0x5207, 0x28E2, 0xA491, 0xF75C, 0xEED9, 0x9C2F, 0x5185, 0x3923,
  0x3924, 0x5A49, 0x28E3, 0x1041, 0x1081, 0x1081, 0x0841, 0x0820, 0x4A28, 0x20E3, 0x6B2C, 0xF77D, 0xFFDE, 0xFFDF, 0xFFDE, 0xF7BE,
  0xF7BE, 0xF7BE, 0xF79D, 0xF79D, 0xF7BE, 0xF7BE, 0xFFDE, 0xFFFF, 0xFFFF, 0xFFFF, 0xFFFF, 0xFFFF, 0xFFFF, 0xFFFF, 0xFFDE, 0xF7BE,
  0xF7BE, 0xF7BE, 0xF7BE, 0xF79E, 0xEF7D, 0xF79D, 0xF7BE, 0xEF7D, 0xF79D, 0xFFDE, 0xEF7D, 0xEF7D, 0xF79D, 0xF79D, 0xF79D, 0xEF7D,
  0xEF3C, 0xEF3C, 0xDEDB, 0xDEDB, 0xE6DB, 0xDEBA, 0xA470, 0xB4B1, 0xC595, 0xFF7D, 0xEF1C, 0xEEDB, 0xCD96, 0xFFBF, 0xE6BA, 0xB4F3,
  0xFF9D, 0xFFBE, 0xF75C, 0xDE57, 0xCD94, 0x83AD, 0x0820, 0x1061, 0x1061, 0x1081, 0x2924, 0x5A68, 0xACD2, 0xF6D9, 0xBD11, 0xAC6F,
  0x7B0A, 0x5A07, 0x4185, 0x3964, 0xBD94, 0xF73B, 0xEEFA, 0xAC91, 0x51A6, 0x3903, 0x30E3, 0x626A, 0x3104, 0x1041, 0x1081, 0x1082,
  0x0841, 0x0841, 0x3986, 0x1061, 0x6B2C, 0xEF5C, 0xF79E, 0xFFDE, 0xF7BE, 0xF7BE, 0xF7BE, 0xF7BE, 0xF7BE, 0xFFDE, 0xFFDE, 0xFFDF,
  0xF7BE, 0xF7BE, 0xFFDE, 0xF7BE, 0xF79D, 0xF79E, 0xEF7D, 0xEF5D, 0xE73C, 0xE71C, 0xE71B, 0xE71C, 0xE73C, 0xE73C, 0xF79E, 0xFFFF,
  0xFFFF, 0xFFDF, 0xFFDE, 0xFFFF, 0xFFFF, 0xFFDF, 0xFFDE, 0xF79E, 0xEF5C, 0xE71B, 0xE6DB, 0xDEBA, 0xDE9A, 0xDE9A, 0xDE9A, 0xC618,
  0xAC90, 0xA42F, 0xC554, 0xF73D, 0xDE9A, 0xEEBA, 0xCDB7, 0xFFFF, 0xE6BA, 0xBD14, 0xFFDE, 0xFF9D, 0xEF1B, 0xE699, 0xC574, 0x5A68,
  0x0000, 0x1082, 0x1081, 0x18C2, 0x20E3, 0x49E7, 0xACD2, 0xE658, 0xA42E, 0x9BCC, 0x6A68, 0x5A08, 0x51E6, 0x6289, 0xD637, 0xF71B,
  0xF71B, 0xC574, 0x51A6, 0x28A1, 0x28A2, 0x5A49, 0x28E4, 0x1041, 0x1081, 0x10A2, 0x0841, 0x1882, 0x3165, 0x1041, 0x738E, 0xEF7D,
  0xF7BE, 0xF7BE, 0xF79E, 0xF7BE, 0xF7BE, 0xFFDE, 0xF79E, 0xEF7D, 0xF79D, 0xF79D, 0xF79E, 0xF7BE, 0xF7BE, 0xF79E, 0xEF7D, 0xF79E,
  0xEF7D, 0xF79D, 0xF79D, 0xF79D, 0xEF7D, 0xF79D, 0xF79E, 0xF79D, 0xF79E, 0xEF5D, 0xEF5D, 0xEF5C, 0xE73C, 0xEF5C, 0xEF5C, 0xE6FB,
  0xDEDB, 0xDEDB, 0xD679, 0xD69A, 0xE6DB, 0xDEBA, 0xDEBA, 0xDEDB, 0xDEDB, 0xDE9A, 0xDDD6, 0xA3EE, 0xB4F3, 0xE6BB, 0xD659, 0xE69A,
  0xD5F8, 0xFFDF, 0xD618, 0xB4F3, 0xFFBE, 0xF77D, 0xC5B6, 0xBD54, 0xC554, 0x4185, 0x0820, 0x18C2, 0x1060, 0x18C2, 0x2944, 0x41A6,
  0xA491, 0xC534, 0xAC4F, 0x9BAD, 0x7AAA, 0x6228, 0x49A5, 0x7B4C, 0xE698, 0xE6D9, 0xF71A, 0xDE37, 0x51C6, 0x1840, 0x28A2, 0x5228,
  0x28E3, 0x1041, 0x1061, 0x1082, 0x0841, 0x1061, 0x3165, 0x1041, 0x8410, 0xFFDF, 0xFFDF, 0xFFDF, 0xFFDE, 0xF7BE, 0xFFDE, 0xFFDE,
  0xF7BE, 0xF7BE, 0xFFDF, 0xFFDF, 0xFFFF, 0xFFFF, 0xFFFF, 0xFFFF, 0xFFFF, 0xFFFF, 0xFFFF, 0xFFDF, 0xF7BE, 0xFFFF, 0xFFDF, 0xEF7D,
  0xEF5D, 0xE73C, 0xDEDB, 0xD69A, 0xD69A, 0xD6BA, 0xDEFB, 0xE71C, 0xDEDA, 0xDEBA, 0xDEDA, 0xE6FB, 0xDEDB, 0xDEDA, 0xE71B, 0xEF5C,
  0xE71C, 0xEF3C, 0xEF3C, 0xEF3C, 0xEEBB, 0xB4D1, 0xACD2, 0xC5B6, 0xBD76, 0xCD96, 0xBD76, 0xFFBF, 0xACB2, 0xAC92, 0xFF7D, 0xFF9D,
  0xE6DA, 0xC554, 0xD5B6, 0x3945, 0x0800, 0x18E3, 0x1041, 0x18A2, 0x2924, 0x2903, 0x8BEE, 0x940E, 0xA42F, 0xA40F, 0x7ACA, 0x61E6,
  0x4144, 0x940E, 0xE6B9, 0xE6D9, 0xEED9, 0xEEB9, 0x5A68, 0x1000, 0x28C2, 0x41A6, 0x20A2, 0x1061, 0x1881, 0x1061, 0x0841, 0x1882,
  0x3986, 0x1041, 0xA4D3, 0xFFFF, 0xFFDF, 0xFFFF, 0xFFFF, 0xFFFF, 0xFFFF, 0xFFFF, 0xFFFF, 0xFFFF, 0xFFFF, 0xFFFF, 0xFFFF, 0xFFFF,
  0xFFFF, 0xFFFF, 0xFFDF, 0xFFDF, 0xF7BE, 0xF79E, 0xF7BE, 0xEF5D, 0xEF5C, 0xDEFB, 0xDEDA, 0xD6BA, 0xD69A, 0xDEDA, 0xDEDB, 0xDEFB,
  0xEF5C, 0xF79D, 0xEF7D, 0xE73C, 0xEF5C, 0xE73C, 0xDEFB, 0xD6BA, 0xDEDA, 0xD6BA, 0xD69A, 0xD699, 0xCE79, 0xD69A, 0xF75D, 0xB534,
  0xACF2, 0xDE59, 0xDE59, 0xCDB6, 0xB534, 0xF77C, 0x8BCE, 0xBD34, 0xDE37, 0xCE17, 0xDE99, 0xDE79, 0xC5B6, 0x20C2, 0x0820, 0x1082,
  0x1081, 0x1081, 0x20E3, 0x20C2, 0x730B, 0x836C, 0x9C0F, 0x9C0F, 0x6A48, 0x4944, 0x4964, 0xB4F2, 0xEED9, 0xE6D9, 0xEEFA, 0xF6FA,
  0x836C, 0x1000, 0x3945, 0x5208, 0x1882, 0x1061, 0x1081, 0x1041, 0x0841, 0x1061, 0x3986, 0x2924, 0x9492, 0xFFFF, 0xFFDE, 0xFFFF,
  0xFFFF, 0xFFFF, 0xFFFF, 0xFFFF, 0xFFDF, 0xFFFF, 0xFFFF, 0xFFDE, 0xF7BE, 0xF79E, 0xEF7D, 0xEF7D, 0xEF7D, 0xF79D, 0xE71B, 0xDEDB,
  0xE71C, 0xDEDB, 0xD6BA, 0xDEDA, 0xDEFB, 0xE71B, 0xE73C, 0xEF5D, 0xEF7D, 0xEF5D, 0xEF5C, 0xEF7D, 0xF79D, 0xEF7D, 0xEF7D, 0xEF7D,
  0xE73C, 0xE71B, 0xE71B, 0xDEFB, 0xDEDB, 0xDEFB, 0xE71C, 0xE71B, 0xF75D, 0xBD55, 0xB4F3, 0xE699, 0xDE79, 0xCD96, 0xB513, 0xDEBA,
  0xD659, 0xACD2, 0xCD95, 0xF71B, 0xDE38, 0xC5B6, 0xB554, 0x1861, 0x1040, 0x1061, 0x1061, 0x18A2, 0x2924, 0x2903, 0x732B, 0x93EE,
  0xA44F, 0x93CE, 0x59E6, 0x4964, 0x59E6, 0xDDF6, 0xEEB9, 0xE6B9, 0xEEFA, 0xF71A, 0xACF2, 0x1820, 0x51E7, 0x72EB, 0x20A2, 0x1041,
  0x0841, 0x1041, 0x1041, 0x0820, 0x3986, 0x2904, 0xAD34, 0xFFFF, 0xFFDE, 0xFFFF, 0xFFDF, 0xFFDE, 0xFFDF, 0xFFDF, 0xFFDF, 0xFFDF,
  0xFFDE, 0xF79E, 0xF79E, 0xF7BE, 0xEF7D, 0xEF7D, 0xF79D, 0xF7BE, 0xEF7D, 0xEF7D, 0xF7BE, 0xF79D, 0xEF7D, 0xF79D, 0xF7BE, 0xF79D,
  0xF79D, 0xF7BE, 0xF7BE, 0xF7BE, 0xF79E, 0xF7BE, 0xFFDE, 0xF7BE, 0xF7BE, 0xF79E, 0xEF5D, 0xE73C, 0xE73C, 0xEF5D, 0xDEFB, 0xDEFB,
  0xE73C, 0xE73C, 0xF77D, 0xB534, 0xA4B1, 0xDE58, 0xD618, 0xBD34, 0x93CE, 0xBD96, 0xFFDF, 0xC596, 0x61E7, 0xCD13, 0xD596, 0xD5D7,
  0xA4B2, 0x2082, 0x1882, 0x10A2, 0x1061, 0x2103, 0x18C2, 0x2903, 0x6ACA, 0x834C, 0x93CE, 0x8B8D, 0x6A89, 0x4103, 0x72A9, 0xEE78,
  0xEE99, 0xE699, 0xEEFA, 0xEEFA, 0xDE37, 0x4185, 0x834D, 0x72EC, 0x28C3, 0x1041, 0x0841, 0x0841, 0x0821, 0x1082, 0x4207, 0x2103,
  0xD679, 0xFFFF, 0xFFDE, 0xFFDE, 0xF7BE, 0xF7BE, 0xF7BE, 0xF7BE, 0xF7BE, 0xF79E, 0xF79E, 0xEF5D, 0xE73C, 0xEF5D, 0xEF5D, 0xEF5C,
  0xF79D, 0xF7BE, 0xF7BE, 0xF7BE, 0xF79E, 0xEF7D, 0xF79E, 0xF7BE, 0xF7BE, 0xF7BE, 0xFFDE, 0xFFDF, 0xFFDE, 0xF7BE, 0xF7BE, 0xFFDF,
  0xFFDE, 0xF7BE, 0xF7BE, 0xF79E, 0xF79D, 0xEF7D, 0xEF7D, 0xEF7D, 0xDEDB, 0xDEDA, 0xDEDA, 0xDEDA, 0xFF9E, 0xB513, 0x942F, 0xD617,
  0xCDB6, 0xB4D2, 0x7ACA, 0xC575, 0xEF3D, 0xF71C, 0x7AA9, 0x9B6C, 0xA450, 0xBD55, 0x8C0F, 0x20C2, 0x1882, 0x1041, 0x1861, 0x20E3,
  0x1081, 0x2903, 0x62A9, 0x5A48, 0x834C, 0x8B6D, 0x72CA, 0x30C2, 0x6AA9, 0xE678, 0xE679, 0xE699, 0xEEFB, 0xEEFA, 0xF71B, 0x93CE,
  0xB4B2, 0x7AEC, 0x3986, 0x2904, 0x0821, 0x0862, 0x0800, 0x0820, 0x2103, 0x2144, 0xDEDA, 0xFFFE, 0xFFDE, 0xFFFF, 0xFFFF, 0xFFFF,
  0xFFFF, 0xF7BE, 0xEF7D, 0xEF7D, 0xF79E, 0xF79D, 0xEF7D, 0xF79E, 0xF7BE, 0xF7BE, 0xF7BE, 0xF7BE, 0xEF7D, 0xF79D, 0xF79D, 0xE71C,
  0xE71B, 0xEF5C, 0xEF7D, 0xF79D, 0xF7BE, 0xF7BE, 0xF7BE, 0xF79E, 0xF7BE, 0xFFDE, 0xF7BE, 0xF7BE, 0xFFDF, 0xFFFF, 0xFFDF, 0xFFFF,
  0xFFDE, 0xFFDE, 0xF7BE, 0xF7BE, 0xF7BE, 0xF79E, 0xFF7D, 0xBD34, 0x9C2F, 0xD5F7, 0xC554, 0xACD1, 0x7AEA, 0xAC91, 0xCDF7, 0xEEDA,
  0x8B2B, 0x72EA, 0x9CB2, 0xADB7, 0x6B8E, 0x0820, 0x1061, 0x1041, 0x1881, 0x18C2, 0x18A1, 0x3965, 0x6ACA, 0x6289, 0x836C, 0x7AEB,
  0x59E7, 0x28A2, 0x8B8D, 0xE678, 0xD5F7, 0xE69A, 0xF73C, 0xE6DA, 0xFF5C, 0xBD13, 0xB4B2, 0x626A, 0x49E7, 0x4A08, 0x20A3, 0x0820,
  0x3123, 0x5206, 0x2080, 0x3144, 0xDEFA, 0xFFFF, 0xFFDF, 0xFFFF, 0xFFFF, 0xFFFF, 0xFFFF, 0xFFDE, 0xF7BE, 0xF7BE, 0xF7BE, 0xF79E,
  0xF79E, 0xF7BE, 0xF7BE, 0xF7BE, 0xF79E, 0xF7BE, 0xEF7D, 0xEF7D, 0xF7BE, 0xF79D, 0xEF7D, 0xF79E, 0xF7BE, 0xEF7D, 0xE73C, 0xEF5D,
  0xEF7D, 0xF79D, 0xF79D, 0xF79E, 0xF79D, 0xE73C, 0xEF5C, 0xF7BE, 0xFFDE, 0xFFDF, 0xFFDF, 0xF7BE, 0xEF7D, 0xF79D, 0xF79E, 0xEF7D,
  0xFF9E, 0x9C50, 0x93EE, 0xD5F7, 0xACD2, 0xA470, 0x7AEA, 0x59E6, 0x8BCE, 0xEE58, 0x8B2B, 0xA491, 0xCE7A, 0xADF8, 0x636D, 0x1020,
  0x1861, 0x1061, 0x1882, 0x18A2, 0x20E3, 0x3124, 0x6289, 0x730B, 0x730B, 0x5A28, 0x49A5, 0x3923, 0xACB1, 0xDE58, 0xD618, 0xF71C,
  0xFF5D, 0xEEFB, 0xFF7D, 0xCDD6, 0xB4D3, 0x6AAB, 0x3104, 0x28E3, 0x30E3, 0x1840, 0xA44E, 0xCD51, 0x8B2A, 0x49E5, 0xE6FA, 0xFFFF,
  0xFFFF, 0xFFFF, 0xFFFF, 0xFFFF, 0xFFFF, 0xFFFF, 0xFFDF, 0xFFDF, 0xFFDF, 0xFFDF, 0xFFFF, 0xFFFF, 0xFFFF, 0xFFFF, 0xFFFF, 0xFFDF,
  0xF7BE, 0xFFDF, 0xFFFF, 0xFFDF, 0xFFFF, 0xFFFF, 0xFFFF, 0xFFFF, 0xFFFF, 0xFFFF, 0xFFFF, 0xFFDF, 0xFFFF, 0xFFDF, 0xFFDE, 0xE73C,
  0xDEFB, 0xF79E, 0xFFDE, 0xF7BE, 0xF79E, 0xF79E, 0xEF5C, 0xEF7D, 0xF79E, 0xF79E, 0xF73C, 0x9C2F, 0x9C50, 0xC5B5, 0x9C30, 0x93EE,
  0x7B2A, 0x51C5, 0x72A9, 0xC513, 0x61A5, 0x9BCE, 0xAD54, 0xBE18, 0x734D, 0x1861, 0x1041, 0x1881, 0x1881, 0x1061, 0x20E3, 0x28E3,
  0x5A68, 0x6268, 0x49A5, 0x49A6, 0x51C6, 0x49A5, 0xBD34, 0xD638, 0xD638, 0xEF1C, 0xEF1C, 0xDEBA, 0xF75C, 0xCDB6, 0xB4F4, 0x7B2E,
  0x28C3, 0x20A2, 0x2882, 0x49A4, 0xBCAE, 0xABEA, 0xABEC, 0x6226, 0xE6FA, 0xFFFF, 0xFFFF, 0xFFFF, 0xFFFF, 0xFFFF, 0xFFFF, 0xFFFF,
  0xFFFF, 0xFFFF, 0xFFFF, 0xFFFF, 0xFFFF, 0xFFFF, 0xFFFF, 0xFFDF, 0xFFFF, 0xFFDF, 0xF7BE, 0xFFDE, 0xFFFF, 0xFFFF, 0xFFFF, 0xFFFF,
  0xFFFF, 0xFFFF, 0xFFDF, 0xFFDF, 0xFFDF, 0xFFDE, 0xF79E, 0xEF7D, 0xEF5D, 0xEF5D, 0xE73C, 0xE73C, 0xE71B, 0xE73C, 0xEF5C, 0xEF7D,
  0xE73C, 0xEF5C, 0xEF7D, 0xEF7D, 0xE6FA, 0x8BAD, 0xA491, 0xC595, 0xA491, 0x942E, 0x7B2A, 0x6AC9, 0x6AA9, 0x830B, 0x59A5, 0x82C9,
  0x8B8C, 0xBD53, 0x7B6C, 0x1020, 0x1040, 0x18A2, 0x1061, 0x1041, 0x1881, 0x3123, 0x5248, 0x62A9, 0x5227, 0x5A27, 0x4984, 0x6AA9,
  0xD5F6, 0xDE58, 0xDE79, 0xF71C, 0xEF3C, 0xD659, 0xEEDB, 0xCDB6, 0x93F0, 0x72EC, 0x3104, 0x20E2, 0x1860, 0x59C5, 0x7267, 0x5983,
  0xA36B, 0x6A27, 0xD699, 0xFFFF, 0xFFDE, 0xF7BE, 0xEF9D, 0xF7BE, 0xFFDE, 0xF7DE, 0xFFDE, 0xFFDF, 0xFFDE, 0xF7BE, 0xFFDE, 0xFFDE,
  0xFFDF, 0xF7BE, 0xF79E, 0xF79D, 0xEF7D, 0xEF7D, 0xF79E, 0xF79D, 0xF79E, 0xF7BE, 0xFFDF, 0xFFDF, 0xFFDE, 0xFFDF, 0xFFDF, 0xFFDF,
  0xFFDE, 0xF7BE, 0xFFDE, 0xF7BE, 0xFFDE, 0xF7BE, 0xF79D, 0xF79E, 0xFFBE, 0xFFDE, 0xFFDE, 0xF7BE, 0xF7BE, 0xF7BE, 0xD658, 0x7B2C,
  0xB4F3, 0xB534, 0xA491, 0x942F, 0x6AC9, 0x730A, 0x4164, 0x3903, 0x59E6, 0x72C8, 0x8B4A, 0xB48F, 0x8B4C, 0x2061, 0x1861, 0x1081,
  0x1040, 0x1040, 0x1060, 0x3144, 0x49E6, 0x7B6C, 0x72EA, 0x59E7, 0x38E2, 0x93CD, 0xDE58, 0xEEDA, 0xDE79, 0xEEFB, 0xF75D, 0xE6BA,
  0xDE59, 0xCDB7, 0x6AAB, 0x5A29, 0x3104, 0x18A1, 0x1860, 0x72A8, 0x6247, 0x4943, 0x9B8B, 0x5185, 0xCE99, 0xEF9D, 0xF77D, 0xEF7D,
  0xEF5C, 0xEF7D, 0xF7BE, 0xF7BE, 0xF7BE, 0xFFDE, 0xF7BE, 0xF7BE, 0xF79E, 0xF7BE, 0xF7BE, 0xF7BE, 0xEF7D, 0xEF7D, 0xEF7D, 0xF79D,
  0xF79E, 0xF79D, 0xF79D, 0xF7BE, 0xFFDE, 0xF7BE, 0xFFDE, 0xFFDF, 0xFFDF, 0xFFDF, 0xFFFF, 0xFFDF, 0xFFDF, 0xFFDF, 0xF7BE, 0xFFBE,
  0xFFDE, 0xFFBE, 0xFFDF, 0xFFBE, 0xFFDE, 0xF7BE, 0xF7BE, 0xF7BE, 0xC5B5, 0x7B4C, 0xBD54, 0xA4B1, 0xA491, 0x8BEE, 0x838D, 0x6269,
  0x28A2, 0x5A28, 0x6ACA, 0x836B, 0x7309, 0x9BCC, 0xA3EE, 0x30E3, 0x0800, 0x1061, 0x1041, 0x1040, 0x20A1, 0x3964, 0x41A5, 0x72EA,
  0x72EB, 0x4945, 0x4103, 0xBCF2, 0xE679, 0xDE18, 0xCDD7, 0xDE59, 0xEEDB, 0xEEBA, 0xDE38, 0xCDB6, 0x7B2D, 0x4165, 0x3945, 0x1020,
  0x3103, 0x936B, 0x59A5, 0x5144, 0x7267, 0x7B4C, 0xEF7C, 0xE75D, 0xF7BE, 0xF7DE, 0xF7BE, 0xF7BE, 0xF7BE, 0xF7BE, 0xF79E, 0xF7BE,
  0xFFDE, 0xFFDE, 0xF7BE, 0xFFDF, 0xFFDE, 0xF7BE, 0xF7BE, 0xF7BE, 0xF79E, 0xFFDF, 0xFFDF, 0xFFDE, 0xFFDF, 0xF7BE, 0xF7BE, 0xF7BE,
  0xF7BE, 0xF79E, 0xF79E, 0xE73C, 0xEF5C, 0xEF7D, 0xEF7D, 0xEF5C, 0xEF5D, 0xEF5C, 0xF75D, 0xEF5D, 0xEF3C, 0xF77D, 0xEF5C, 0xEF7D,
  0xF79E, 0xEF7D, 0xBD34, 0x838D, 0xC595, 0xA471, 0xA491, 0x8BEE, 0x7B6D, 0x28E3, 0x2082, 0x62AA, 0x7BAE, 0x9450, 0x83AC, 0x93CD,
  0xA40F, 0x8BCF, 0x3986, 0x1061, 0x1882, 0x0800, 0x4185, 0x41A5, 0x41A5, 0x6268, 0x6248, 0x2020, 0x7ACA, 0xE657, 0xEE37, 0xD595,
  0xCD95, 0xDDF6, 0xEE9A, 0xF6FB, 0xFF1B, 0xE679, 0x9C71, 0x28E3, 0x20A2, 0x0840, 0x1061, 0x49A4, 0x59E6, 0x59C6, 0x72CA, 0xDE98,
  0xEFDE, 0xF7BE, 0xF7BE, 0xF7BE, 0xF79E, 0xF79E, 0xEF9D, 0xE73C, 0xE71C, 0xEF5D, 0xF7BE, 0xFFDE, 0xFFDE, 0xFFDF, 0xFFDF, 0xFFDE,
  0xFFDF, 0xFFDF, 0xFFDF, 0xFFDF, 0xFFDF, 0xFFDF, 0xFFDF, 0xFFDE, 0xFFDE, 0xF7BE, 0xF7BE, 0xF79E, 0xF79E, 0xEF7D, 0xEF5C, 0xEF5C,
  0xE71C, 0xDEFB, 0xEF5D, 0xEF7D, 0xEF5D, 0xEF5D, 0xEF3C, 0xEF5C, 0xEF7D, 0xF79E, 0xF7BE, 0xF79E, 0xB513, 0x9C2F, 0xC595, 0xA491,
  0xACD2, 0x9C50, 0x7B6D, 0x1020, 0x20A2, 0x62EB, 0xA4D3, 0x8BEF, 0x7B8D, 0x9C50, 0x9C70, 0xBD95, 0xA4D2, 0x28E3, 0x1061, 0x1881,
  0x49C6, 0x4164, 0x49A5, 0x4164, 0x4123, 0x5184, 0xB4B0, 0xD5B4, 0xB490, 0xAC0E, 0x8B4C, 0x8B4C, 0x834C, 0x93CF, 0x7B4C, 0x51E7,
  0x28E3, 0x0820, 0x0820, 0x0841, 0x0840, 0x41C6, 0x8C0F, 0xB555, 0xEF5C, 0xEF9D, 0xE77D, 0xF7BE, 0xF7BE, 0xF7DE, 0xF7BE, 0xF79E,
  0xEF9D, 0xEF7D, 0xEF7D, 0xEF7D, 0xF7BE, 0xF7BE, 0xFFDE, 0xF7BE, 0xF79D, 0xF7BE, 0xF7BE, 0xF7BE, 0xFFDE, 0xFFDE, 0xF7BE, 0xFFDE,
  0xFFDE, 0xF7BE, 0xFFDE, 0xF79D, 0xF79E, 0xF7BE, 0xFFDE, 0xFFBE, 0xF79E, 0xF79D, 0xEF7D, 0xEF5D, 0xEF5C, 0xF77D, 0xF75D, 0xEF3C,
  0xEF5D, 0xEF5C, 0xF79D, 0xF7BE, 0xF79E, 0xF79D, 0xBD33, 0xBD13, 0xBD54, 0x9C30, 0xA491, 0xB4F3, 0x5A48, 0x1000, 0x1061, 0x5A8A,
  0x9C51, 0xACD3, 0x8BCF, 0x8BEF, 0x8BEF, 0xAD34, 0x9C91, 0x3124, 0x41C6, 0x3164, 0x83CD, 0x7B4B, 0x6248, 0x72C9, 0x7AE9, 0x8B6B,
  0x7AA8, 0xA44E, 0x9BED, 0x9BCD, 0x6A68, 0x3923, 0x28C2, 0x0800, 0x3944, 0x41A5, 0x3123, 0x0820, 0x0820, 0x0861, 0x20E3, 0x8BCE,
  0xEF3C, 0xEF7D, 0xE75C, 0xEF5D, 0xEF7D, 0xF79E, 0xF79E, 0xEF7D, 0xE71C, 0xDEFB, 0xEF7D, 0xEF9D, 0xEF5D, 0xF79D, 0xF7BE, 0xEF7D,
  0xF79E, 0xF7BE, 0xF7BE, 0xF7BE, 0xF7BE, 0xF7BE, 0xFFDE, 0xFFDE, 0xFFDE, 0xF7BE, 0xFFDF, 0xFFDF, 0xFFFF, 0xF7BE, 0xF7BE, 0xFFDF,
  0xFFDE, 0xF79E, 0xF77D, 0xF77D, 0xEF5D, 0xEF3C, 0xEF5D, 0xF77D, 0xF77D, 0xF77D, 0xF79D, 0xF79D, 0xF77D, 0xF79D, 0xF79E, 0xF77D,
  0xBD55, 0xB514, 0xACD3, 0x9410, 0xB534, 0xACF3, 0x3965, 0x1040, 0x18A2, 0x4A07, 0x732C, 0xB513, 0xA492, 0x9C92, 0x9C92, 0x9CF3,
  0x9C91, 0x5A69, 0x8BCE, 0x83AD, 0xAD12, 0x942F, 0x9C70, 0xC5B5, 0xC594, 0xA44F, 0x93ED, 0xC5B3, 0xC593, 0xBD12, 0x72C9, 0x49A5,
  0x41A5, 0x0800, 0x49E7, 0x83AD, 0x49E6, 0x4185, 0x20E3, 0x1061, 0x3964, 0x8BEE, 0xE71B, 0xE75C, 0xEF5C, 0xEF7D, 0xEF7D, 0xEF7D,
  0xEF9E, 0xEF7D, 0xEF5D, 0xF79D, 0xF7BE, 0xF7DE, 0xFFDE, 0xF7BE, 0xF7BE, 0xFFDE, 0xF7BE, 0xF7BE, 0xFFDF, 0xFFFF, 0xFFFF, 0xFFFF,
  0xFFDF, 0xFFDF, 0xFFDF, 0xFFDE, 0xEF7D, 0xEF5D, 0xEF7D, 0xEF7D, 0xEF7D, 0xEF7D, 0xF7BE, 0xF79E, 0xF77D, 0xF77D, 0xF75D, 0xEF3C,
  0xEF3C, 0xE71C, 0xE6FB, 0xE6FB, 0xDEFB, 0xDEFB, 0xDEDA, 0xDEDA, 0xDEDA, 0xDEBA, 0xC596, 0xBD55, 0xB514, 0x9430, 0xBD95, 0x7BAE,
  0x0841, 0x0840, 0x0840, 0x20A2, 0x6AAB, 0x6289, 0xACF3, 0xAD35, 0x9CF4, 0xAD34, 0x9430, 0x93EE, 0x9C2F, 0xA4B1, 0xC5B4, 0xACF1,
  0xD636, 0xDE78, 0xCDB5, 0x9C2E, 0xCDD5, 0xCE15, 0xD615, 0xCDD5, 0x8B6C, 0x72EA, 0x6AA9, 0x0800, 0x5208, 0xA471, 0x5A07, 0x6AA9,
  0x6289, 0x1840, 0x5A26, 0x9C6F, 0xE6FA, 0xEF7D, 0xEF5C, 0xE75C, 0xE75C, 0xEF5D, 0xE73C, 0xE75C, 0xE73C, 0xE75C, 0xEF5D, 0xEF7D,
  0xF79E, 0xF79E, 0xEF7D, 0xEF5D, 0xE73C, 0xEF5D, 0xF79D, 0xF79D, 0xF79E, 0xF7BE, 0xF7BE, 0xF7BE, 0xF7BE, 0xF7BE, 0xF79D, 0xEF5D,
  0xEF5C, 0xE73C, 0xDEFB, 0xE71C, 0xE71B, 0xE6DB, 0xDEDB, 0xE6FB, 0xE71C, 0xDEBA, 0xDE9A, 0xDE9A, 0xD679, 0xD679, 0xD69A, 0xD69A,
  0xCE79, 0xD699, 0xDEDB, 0xDEFB, 0xCDF8, 0xBD35, 0xBD55, 0xA492, 0xBD96, 0x4207, 0x0000, 0x0861, 0x0861, 0x0000, 0x6AEB, 0x72EB,
  0x5A49, 0xA514, 0x9CF4, 0x9CD2, 0x7B8D, 0x93CE, 0x93ED, 0xB533, 0xD657, 0xDE98, 0xE6B9, 0xE6B9, 0xC574, 0xCDB5, 0xDE16, 0xDE56,
  0xD636, 0xE657, 0x93CD, 0xA40F, 0x8B8D, 0x4144, 0x59E7, 0xAC71, 0x8B4C, 0x830B, 0x834C, 0x49A4, 0xA46F, 0xACF1, 0xDED9, 0xDEFB,
  0xD6BA, 0xD6BA, 0xCE99, 0xDEDB, 0xDEFB, 0xE75C, 0xE75C, 0xEF5D, 0xEF7D, 0xEF7D, 0xF79E, 0xF79E, 0xF79D, 0xEF7D, 0xE73C, 0xEF5D,
  0xEF7D, 0xEF7D, 0xF79E, 0xF7BE, 0xFFDE, 0xFFDE, 0xFFDE, 0xFFDE, 0xF7BE, 0xF7BE, 0xF7BE, 0xF79D, 0xEF7D, 0xEF7D, 0xE73C, 0xE6FB,
  0xE6FB, 0xEF3C, 0xEF5D, 0xEF3C, 0xE71C, 0xEF3C, 0xE71C, 0xE71C, 0xEF5C, 0xEF5D, 0xE73C, 0xEF5C, 0xE73C, 0xE71C, 0xCDF8, 0xBD55,
  0xC576, 0xB534, 0xA4B2, 0x18A2, 0x18A2, 0x0881, 0x0861, 0x0000, 0x3986, 0xB535, 0x5A8A, 0x6B0C, 0x8C31, 0xA513, 0x6B0A, 0x832A,
  0x9C0F, 0xC595, 0xE6DA, 0xEEFA, 0xFF5C, 0xDE38, 0xCDD6, 0xF6FA, 0xD616, 0xEED9, 0xEEF9, 0xE677, 0xB4F2, 0xC533, 0xA44F, 0x93AD,
  0x72A9, 0xAC91, 0x9BEF, 0x9BCE, 0x938D, 0x93CD, 0xCD94, 0xAD12, 0xD699, 0xD6DB, 0xDEDB, 0xE71B, 0xEF5D, 0xF79D, 0xF7BE, 0xFFDE,
  0xFFDF, 0xFFDF, 0xFFDF, 0xFFDF, 0xF7DE, 0xFFDE, 0xF7DE, 0xF7DE, 0xF7BE, 0xF7BE, 0xF7BE, 0xF7BE, 0xFFDF, 0xFFDF, 0xFFDE, 0xFFDE,
  0xF7BE, 0xF7BE, 0xF79E, 0xF79E, 0xF7BE, 0xEF7D, 0xE71C, 0xE73C, 0xE73C, 0xE71C, 0xEF5C, 0xEF7D, 0xEF9D, 0xF79D, 0xEF7D, 0xEF5D,
  0xEF5C, 0xEF5D, 0xEF5D, 0xEF5D, 0xEF5C, 0xEF5C, 0xEF5C, 0xDEFB, 0xC596, 0xC5B6, 0xBD55, 0xBD96, 0x5A8A, 0x0820, 0x20E3, 0x0861,
  0x0861, 0x0840, 0x0821, 0x9C72, 0xCE18, 0xAD14, 0x9C93, 0xBDB6, 0x730A, 0x830A, 0xB4B1, 0xC595, 0xDE78, 0xFF9D, 0xF75C, 0xD617,
  0xF73B, 0xE6B8, 0xDE77, 0xF71B, 0xFF7C, 0xE698, 0xC594, 0xC553, 0x93ED, 0xC553, 0x8B8C, 0xB4D2, 0xC533, 0xC513, 0x9C0F, 0xB4D1,
  0xCD94, 0xB533, 0xD6B9, 0xE73C, 0xE73C, 0xEF7D, 0xF7BE, 0xFFDE, 0xFFDF, 0xFFDF, 0xFFDE, 0xFFDE, 0xFFDE, 0xFFDE, 0xFFDE, 0xFFDE,
  0xFFDE, 0xFFDE, 0xFFDF, 0xFFDF, 0xF7BE, 0xF7BE, 0xFFDF, 0xFFDE, 0xFFDF, 0xFFDF, 0xFFDE, 0xFFDE, 0xFFDE, 0xFFDF, 0xFFDE, 0xFFDE,
  0xF7BE, 0xF7BE, 0xF7BE, 0xF79E, 0xF79E, 0xF79D, 0xEF7D, 0xF79D, 0xF7BE, 0xEF7D, 0xE73C, 0xE73C, 0xE73C, 0xE71B, 0xDEFB, 0xDEFB,
  0xE71B, 0xDEDB, 0xC5D7, 0xC596, 0xC596, 0xA4D2, 0x18A2, 0x0020, 0x0861, 0x0861, 0x0061, 0x0861, 0x0000, 0x3165, 0xDE79, 0xEEDB,
  0xACD4, 0xB555, 0x93CD, 0x8B2A, 0xBCB1, 0xC534, 0xD617, 0xF77C, 0xE6FA, 0xEEFA, 0xFFBD, 0xD636, 0xEEFA, 0xF73C, 0xFFBD, 0xEF1A,
  0xDE57, 0xCDB4, 0x8BCD, 0xD5D5, 0xA44F, 0xC574, 0xD617, 0xCDD6, 0xBD13, 0xBD12, 0xD5F6, 0xBD53, 0xE71B, 0xEF9D, 0xE75C, 0xE73C,
  0xF79D, 0xF7BE, 0xF7BE, 0xF7BE, 0xF7BE, 0xF7BE, 0xFFDE, 0xFFDE, 0xF7DE, 0xF7DE, 0xF7DE, 0xF7DE, 0xFFDF, 0xFFDF, 0xF7BE, 0xF7BE,
  0xFFDF, 0xFFDF, 0xFFDF, 0xFFDF, 0xFFDE, 0xFFDE, 0xFFDE, 0xFFDE, 0xF7BE, 0xF79E, 0xF79E, 0xF79D, 0xEF5D, 0xEF7D, 0xF79E, 0xF7BE,
  0xEF5D, 0xEF5C, 0xE71B, 0xDEDB, 0xCE79, 0xCE79, 0xD6BA, 0xCE79, 0xCE79, 0xDEDB, 0xDEDB, 0xD6BA, 0xACF3, 0xACF4, 0xC5B6, 0x62CB,
  0x0000, 0x0861, 0x0840, 0x0040, 0x0040, 0x0861, 0x20C3, 0x3965, 0x9C91, 0xCDB6, 0xA472, 0xBD75, 0xAC90, 0x9BAD, 0x9B8D, 0xB4B2,
  0xDE38, 0xF77C, 0xEF3B, 0xFFDD, 0xEEF9, 0xCE15, 0xF71A, 0xF75C, 0xFF9E, 0xF73B, 0xE698, 0xDE36, 0x940E, 0xE657, 0xC574, 0xD5D6,
  0xE6B9, 0xD637, 0xC595, 0xCDD5, 0xDE37, 0xC594, 0xEF7C, 0xF7DF, 0xF7BE, 0xEF7D, 0xF79E, 0xF7BE, 0xF7BE, 0xF7BE, 0xF7BE, 0xFFDE,
  0xFFDE, 0xFFDE, 0xF7BE, 0xF7BE, 0xF7DE, 0xF7DE, 0xFFDF, 0xFFDF, 0xFFDF, 0xFFDF, 0xFFDF, 0xFFDE, 0xFFDF, 0xFFDF, 0xFFDE, 0xFFDE,
  0xFFDE, 0xF7BE, 0xF7BE, 0xF79E, 0xF79D, 0xEF7D, 0xE73C, 0xEF5D, 0xF7BE, 0xFFDE, 0xF79E, 0xF79D, 0xEF7D, 0xEF5D, 0xE71C, 0xE71C,
  0xEF5C, 0xEF5C, 0xEF7D, 0xEF7D, 0xEF7D, 0xEF7D, 0x838E, 0xA471, 0x83EE, 0x20C2, 0x1081, 0x1081, 0x10A2, 0x18C2, 0x2964, 0x39C5,
  0x4A47, 0x736C, 0x6B0A, 0x8C0F, 0xBD55, 0xCE37, 0x9C0E, 0x4902, 0x5185, 0x9C0F, 0xE699, 0xFFBE, 0xFF9C, 0xFF9C, 0xB532, 0xCDF4,
  0xFF7B, 0xFF9D, 0xF79C, 0xF75B, 0xC594, 0xDE57, 0xACD1, 0xEEFA, 0xD616, 0xDE58, 0xF75C, 0xDE78, 0xCE36, 0xD636, 0xD5F5, 0xC594,
  0xEF7C, 0xF7FF, 0xFFDF, 0xFFDF, 0xFFDF, 0xFFDF, 0xFFDF, 0xFFDE, 0xFFDE, 0xFFDE, 0xFFDE, 0xFFDE, 0xF7DE, 0xF7DE, 0xFFDE, 0xFFDF,
  0xF7DE, 0xF7DE, 0xF7DE, 0xF7DE, 0xFFDE, 0xFFDE, 0xF7BE, 0xF7BE, 0xF7BE, 0xF7BE, 0xF7BE, 0xF7BE, 0xFFDE, 0xF7BE, 0xF7BE, 0xF7BE,
  0xF7BE, 0xF7BE, 0xF7BE, 0xFFDE, 0xFFDE, 0xFFDE, 0xFFDF, 0xFFDF, 0xFFDF, 0xFFDF, 0xFFDE, 0xF7BE, 0xF7BE, 0xF7BE, 0xF7BE, 0xF7BE,
  0x18A2, 0x3965, 0x2903, 0x0820, 0x2924, 0x10A1, 0x2123, 0x5289, 0x4227, 0x4227, 0x4206, 0x6B0A, 0x734B, 0x732B, 0x9C92, 0xC5F6,
  0x940E, 0x6A27, 0x40E2, 0xA490, 0xF73C, 0xFFBD, 0xF75B, 0xEED9, 0xB532, 0xE6B8, 0xF73B, 0xFFBD, 0xFFBD, 0xF75B, 0xA490, 0xE6B8,
  0xB533, 0xF71B, 0xE699, 0xEF1A, 0xF77C, 0xE6B9, 0xDE98, 0xCDF4, 0xC572, 0xC5D5, 0xE73B, 0xF7DF, 0xFFDF, 0xFFDF, 0xFFDF, 0xFFDF,
  0xFFDF, 0xFFDF, 0xFFDE, 0xFFDE, 0xFFDE, 0xFFDE, 0xF7DE, 0xF7DE, 0xFFDE, 0xF7BE, 0xF7BE, 0xF7BE, 0xF7BE, 0xF7BE, 0xF79E, 0xF7BE,
  0xF79E, 0xF79E, 0xF79E, 0xF79E, 0xF7BE, 0xF7BE, 0xFFDE, 0xFFDE, 0xFFDE, 0xFFDE, 0xF7BE, 0xF7BE, 0xF7BE, 0xFFDE, 0xFFDE, 0xFFDE,
  0xFFDE, 0xFFDE, 0xF7BE, 0xF7BE, 0xF7BE, 0xF7BE, 0xF7BE, 0xF7BE, 0xF7BE, 0xF7BE, 0x39C6, 0x4A48, 0x6B0B, 0x2103, 0x2103, 0x18E2,
  0x18E2, 0x632B, 0x5AE9, 0x4A47, 0x4A26, 0x62C9, 0x8C2E, 0x5248, 0x3165, 0x39C6, 0x5A68, 0x72A9, 0x72C9, 0xDE17, 0xF73B, 0xFF9D,
  0xF73B, 0xD616, 0xDE57, 0xFF5B, 0xF75C, 0xFFBD, 0xFFDD, 0xEED9, 0xB512, 0xFF3A, 0xBD53, 0xF73B, 0xEF1A, 0xF77C, 0xF77C, 0xEF3A,
  0xE6F9, 0xC593, 0xACAF, 0xCDF5, 0xFF9D, 0xFFDF, 0xFFDE, 0xFFDF, 0xFFDF, 0xFFDF, 0xFFDF, 0xFFDF, 0xFFDE, 0xFFDE, 0xFFDE, 0xFFDE,
  0xFFDE, 0xF7DE, 0xF7DE, 0xF7BE, 0xF79E, 0xF7BE, 0xEF7D, 0xE71C, 0xF7DE, 0xF7BE, 0xF79D, 0xF79E, 0xF7BE, 0xF7BE, 0xF7BE, 0xFFDE,
  0xFFDE, 0xFFDE, 0xFFDE, 0xFFDE, 0xF7BE, 0xFFDE, 0xF7BE, 0xF7BE, 0xF7BE, 0xF7BE, 0xF7BE, 0xF7BE, 0xF7BE, 0xF7BE, 0xF7BE, 0xF79E,
  0xF79E, 0xF79E, 0xF7BE, 0xF7BE, 0x2944, 0x2944, 0x3185, 0x1081, 0x20E3, 0x2103, 0x0020, 0x31A5, 0x5AC9, 0x4A67, 0x5287, 0x736B,
  0x9CD0, 0x5268, 0x0800, 0x0000, 0x20C2, 0x5A27, 0xA46F, 0xDE57, 0xFF9C, 0xF75B, 0xEF1A, 0xB511, 0xEEF9, 0xFF7C, 0xFF9D, 0xFF9C,
  0xFFDD, 0xD636, 0xC553, 0xF6F9, 0xC594, 0xF75B, 0xF77C, 0xFF9D, 0xF77C, 0xEF3A, 0xE719, 0xC5B3, 0xB510, 0xC593, 0xA490, 0xE6DA,
  0xFFDE, 0xEF7D, 0xF7BF, 0xFFDF, 0xF7BE, 0xF7BE, 0xF7BE, 0xFFDE, 0xFFDE, 0xFFDE, 0xF7DE, 0xF7BE, 0xF7BE, 0xF7BE, 0xF7BE, 0xF7BE,
  0xF79D, 0xF79D, 0xF7BE, 0xEF7D, 0xEF7D, 0xF79E, 0xF7BE, 0xF7BE, 0xFFDE, 0xFFDE, 0xFFDE, 0xFFDE, 0xFFDE, 0xF7BE, 0xF7BE, 0xF7BE,
  0xF7BE, 0xF7BE, 0xF7BE, 0xF7BE, 0xF7BE, 0xF7BE, 0xF7BE, 0xF7BE, 0xF7BE, 0xF79E, 0xF79E, 0xF79E, 0xF79D, 0xF79D, 0x0000, 0x0020,
  0x0000, 0x18A2, 0x18C2, 0x1081, 0x0860, 0x1081, 0x20E2, 0x18C2, 0x18C2, 0x3985, 0x5289, 0x3185, 0x2124, 0x18C3, 0x1840, 0x6A88,
  0xB4F2, 0xFF3A, 0xF73A, 0xF75B, 0xC5D5, 0xBD53, 0xFF7C, 0xFF7C, 0xFF7D, 0xFF9D, 0xFF9D, 0xDE57, 0xBD32, 0xEE98, 0xBD53, 0xF71A,
  0xF77C, 0xFF9D, 0xF77C, 0xDE98, 0xDEB8, 0xC5D4, 0xC592, 0xC552, 0x4143, 0x6ACA, 0xFFBD, 0xDE99, 0x83EE, 0xE6DA, 0xEF5D, 0xF79D,
  0xF7BE, 0xFFDE, 0xFFDE, 0xF7BE, 0xF7BE, 0xF7BE, 0xF7BE, 0xF7BE, 0xF7BE, 0xF7BE, 0xF7BE, 0xF7BE, 0xF7BE, 0xF7BE, 0xF7BE, 0xF7BE,
  0xF7BE, 0xF7BE, 0xFFDE, 0xFFDE, 0xFFDE, 0xFFDE, 0xFFDE, 0xFFDE, 0xF7BE, 0xF7BE, 0xF7BE, 0xF7BE, 0xF7BE, 0xF79E, 0xF7BE, 0xF7BE,
  0xF7BE, 0xF7BE, 0xF7BE, 0xF7BE, 0xF79E, 0xF79E, 0xEF7D, 0xEF7D, 0x18C2, 0x0840, 0x1081, 0x4A48, 0x20E3, 0x0020, 0x0840, 0x0800,
  0x1061, 0x0820, 0x0000, 0x0800, 0x0000, 0x0020, 0x18E3, 0x1082, 0x2081, 0x7B0A, 0xE657, 0xFF7B, 0xF71A, 0xEEF9, 0xBD53, 0xE698,
  0xFFBD, 0xF77C, 0xF75C, 0xFF9D, 0xFF9D, 0xE677, 0xC572, 0xE677, 0xBD32, 0xDE78, 0xEF3B, 0xFFBD, 0xF77C, 0xD657, 0xDE77, 0xCDD4,
  0xC593, 0xACB0, 0x51C6, 0x2081, 0x7B2B, 0xD636, 0xBD93, 0xDEB8, 0xF77C, 0xE71B, 0xEF5D, 0xF7BE, 0xFFDE, 0xF7BE, 0xF7BE, 0xF7BE,
  0xF7BE, 0xF7BE, 0xF7BE, 0xF7BE, 0xF7BE, 0xF7BE, 0xF7BE, 0xF7BE, 0xF7BE, 0xF7BE, 0xF79E, 0xF7BE, 0xF7BE, 0xFFDE, 0xFFDE, 0xF7BE,
  0xF7BE, 0xFFDE, 0xF7BE, 0xF7BE, 0xF7BE, 0xF7BE, 0xF7BE, 0xF79E, 0xF79E, 0xF79E, 0xF7BE, 0xF7BE, 0xF7BE, 0xF7BE, 0xF79E, 0xF79D,
  0xEF7D, 0xEF7D, 0x4A48, 0x0000, 0x4228, 0x31A6, 0x0840, 0x0840, 0x0820, 0x3185, 0x5268, 0x39A5, 0x18C2, 0x1060, 0x0820, 0x0820,
  0x18C2, 0x18A2, 0x20A2, 0x93ED, 0xF71A, 0xF71A, 0xEF1A, 0xD636, 0xC5B4, 0xF75B, 0xFFBD, 0xFF9C, 0xFF7C, 0xFF9D, 0xF73B, 0xCDF5,
  0xCDB3, 0xE657, 0xB512, 0xCDF6, 0xF77C, 0xFFBD, 0xEF1A, 0xD636, 0xCDF5, 0xBD72, 0xC593, 0xC573, 0x3923, 0x30E2, 0x3923, 0xC5B3,
  0xFFBB, 0xFF9B, 0xEF5A, 0xDEFA, 0xE73C, 0xEF7D, 0xF79D, 0xF7BE, 0xF7BE, 0xF7BE, 0xF7BE, 0xF7BE, 0xF7BE, 0xF7BE, 0xF7BE, 0xF7BE,
  0xF79E, 0xF79E, 0xF79E, 0xF79E, 0xF79D, 0xF79E, 0xF7BE, 0xF7BE, 0xF7BE, 0xF79E, 0xF79D, 0xF79D, 0xF79D, 0xF79E, 0xF79E, 0xF79E,
  0xF7BE, 0xF7BE, 0xF7BE, 0xF79E, 0xF79E, 0xF79E, 0xF79E, 0xF7BE, 0xF7BE, 0xF79D, 0xEF7D, 0xEF7D, 0x2123, 0x1081, 0x4A28, 0x10A2,
  0x0000, 0x18C3, 0x630B, 0x9CD1, 0xB574, 0xAD53, 0x9490, 0x736C, 0x5AA9, 0x0840, 0x18C2, 0x18E3, 0x3123, 0x9C2F, 0xD616, 0xE6D9,
  0xDE57, 0xC574, 0xD616, 0xFFBC, 0xFF9D, 0xFF9D, 0xFF9C, 0xFFBD, 0xDE97, 0xD615, 0xC572, 0xDE16, 0xBD53, 0xEEF9, 0xFFBD, 0xFFBD,
  0xDE77, 0xDE76, 0xACD0, 0xB532, 0xCDF5, 0xCE16, 0x6268, 0x28C1, 0x838C, 0xFF9B, 0xFF7A, 0xFF9B, 0xF79C, 0xDEDA, 0xE71C, 0xE73C,
  0xEF5C, 0xF79D, 0xF7BE, 0xF7BE, 0xF7BE, 0xF79E, 0xF79E, 0xF7BE, 0xF7BE, 0xF7BE, 0xF79E, 0xF79E, 0xF79E, 0xF79E, 0xF79E, 0xF79E,
  0xF7BE, 0xF79D, 0xF79D, 0xEF7D, 0xEF7D, 0xEF5C, 0xE71C, 0xE71C, 0xEF5D, 0xEF7D, 0xEF7D, 0xEF7D, 0xF79D, 0xF79E, 0xF79E, 0xF79E,
  0xF79D, 0xF79D, 0xEF7D, 0xEF5C, 0xEF5C, 0xEF5C, 0x0860, 0x18C2, 0x2103, 0x0820, 0x18C2, 0x738D, 0xAD74, 0xAD53, 0xB574, 0xAD33,
  0xB594, 0xC5F6, 0xB574, 0x1081, 0x1081, 0x2944, 0x3944, 0x72C9, 0xB4F2, 0xCE16, 0xD616, 0xC594, 0xE6D9, 0xF77C, 0xF77D, 0xFF9D,
  0xFF9C, 0xFF7B, 0xB531, 0xDE77, 0xCDB4, 0xDE15, 0xC573, 0xFF7B, 0xF77C, 0xE6FA, 0xDE98, 0xD5F5, 0xACD0, 0xCDF4, 0xCDD4, 0xD636,
  0xD637, 0x3943, 0xACB0, 0xFF9B, 0xFF5B, 0xFF9C, 0xF77C, 0xD699, 0xCE79, 0xDF1B, 0xE73C, 0xEF7D, 0xF7BE, 0xF7BE, 0xF7BE, 0xF79E,
  0xF79E, 0xF79E, 0xF79E, 0xF79E, 0xF79E, 0xF79E, 0xF79E, 0xF79E, 0xF79E, 0xF79E, 0xF79E, 0xF79E, 0xF79D, 0xEF7D, 0xEF7D, 0xEF7D,
  0xEF7D, 0xF79D, 0xEF7D, 0xEF7D, 0xEF7D, 0xEF7D, 0xEF7D, 0xEF7D, 0xEF7D, 0xEF7D, 0xEF7D, 0xEF7D, 0xE73C, 0xE71C, 0xE73C, 0xE71C,
  0x1081, 0x1081, 0x0020, 0x0861, 0x630B, 0x9CF3, 0x9CD2, 0xA4F2, 0xAD53, 0xA512, 0xAD54, 0xB573, 0x83EE, 0x0840, 0x2904, 0x6AEB,
  0x49C6, 0x5A68, 0x836C, 0xCDB4, 0xDE57, 0xB533, 0xF71A, 0xEF1A, 0xEF5C, 0xF79D, 0xFFBD, 0xCDD4, 0x9C2D, 0xF71A, 0xDE37, 0xDE35,
  0xD615, 0xE697, 0xDE97, 0xE6F9, 0xEED9, 0xD5F5, 0xBD51, 0xD614, 0xCDB4, 0xC573, 0xC5B5, 0x93EE, 0xC573, 0xFF9B, 0xFF7B, 0xFF9C,
  0xF73A, 0xCE16, 0xDEFA, 0xEF9E, 0xF79E, 0xF77E, 0xF79E, 0xF79E, 0xF79E, 0xF7BE, 0xF7BE, 0xF79E, 0xF79E, 0xF79E, 0xF79E, 0xF79E,
  0xF79E, 0xF79E, 0xF79E, 0xF79E, 0xF79E, 0xF79E, 0xF79E, 0xF79D, 0xF79E, 0xF79D, 0xF79D, 0xF79D, 0xF79D, 0xF79E, 0xEF7D, 0xEF7D,
  0xEF7D, 0xEF7D, 0xEF7D, 0xEF7D, 0xEF7D, 0xEF7D, 0xEF7D, 0xEF7D, 0xEF7D, 0xEF5D, 0x4A69, 0x31A6, 0x2965, 0x52AA, 0x94B2, 0x9491,
  0x94B1, 0x9CB1, 0x94B1, 0x83EE, 0x6B2B, 0x39E6, 0x1081, 0x0000, 0x1082, 0x5249, 0x3965, 0x2081, 0x5A48, 0xC594, 0xB532, 0x942E,
  0xF73A, 0xEEFA, 0xF75C, 0xF77C, 0xF73A, 0x8BAB, 0xA44E, 0xFF3A, 0xE6B8, 0xDE56, 0xCDD4, 0xC5B3, 0xDE77, 0xE6B8, 0xEEF9, 0xCDB4,
  0xC552, 0xC592, 0xB4F0, 0xAC90, 0xACF1, 0x9C4F, 0xD615, 0xFF19, 0xF719, 0xFF7B, 0xFF5B, 0xCDF6, 0xE71B, 0xE75D, 0xEF7E, 0xF79E,
  0xF7BE, 0xF79E, 0xF79E, 0xF79E, 0xF7BE, 0xF79E, 0xF79E, 0xF79E, 0xF79E, 0xF79E, 0xF79E, 0xF79E, 0xF79E, 0xF79E, 0xF79E, 0xF79E,
  0xF79E, 0xF79D, 0xF79D, 0xF79E, 0xF79E, 0xF79E, 0xF79E, 0xF79E, 0xEF7D, 0xEF7D, 0xEF7D, 0xEF7D, 0xEF7D, 0xEF7D, 0xEF7D, 0xEF7D,
  0xEF7D, 0xEF7D, 0xEF7D, 0xEF7D, 0x3186, 0x2945, 0x2104, 0x39C7, 0x52CA, 0x7BEE, 0x840F, 0x738D, 0x39E7, 0x10A2, 0x0020, 0x0000,
  0x0040, 0x0840, 0x0840, 0x18A2, 0x1081, 0x0800, 0x28E2, 0x9C4F, 0x8BED, 0xA4B0, 0xF73B, 0xEF1A, 0xF75C, 0xF75B, 0xD5F4, 0x7AE7,
  0xB4F0, 0xF73A, 0xD657, 0xD655, 0xC572, 0xCDF4, 0xCDF5, 0xDE77, 0xFF5B, 0xCD94, 0xB4D0, 0xACCF, 0x9C2E, 0xA470, 0xCDD5, 0xC5B4,
  0xF6D8, 0xAC6E, 0xC510, 0xFF5A, 0xFF7B, 0xBDB4, 0xBDF6, 0xC659, 0xD6BB, 0xE73C, 0xEF5D, 0xEF5D, 0xEF7D, 0xEF7D, 0xF79E, 0xF79E,
  0xF79E, 0xF79E, 0xF79E, 0xF79E, 0xF79E, 0xF79E, 0xF79E, 0xF79D, 0xF79D, 0xF79D, 0xF79D, 0xF79D, 0xEF7D, 0xF79D, 0xF79D, 0xEF7D,
  0xEF5D, 0xEF5D, 0xEF7D, 0xEF7D, 0xEF7D, 0xEF7D, 0xEF7D, 0xEF7D, 0xEF7D, 0xEF7D, 0xEF7D, 0xEF7D, 0xEF7D, 0xEF7D, 0x0000, 0x0000,
  0x0041, 0x0000, 0x2124, 0x4A69, 0x2124, 0x0861, 0x0000, 0x0020, 0x0840, 0x0841, 0x0841, 0x0840, 0x0840, 0x0861, 0x1061, 0x0820,
  0x41A5, 0x83AD, 0x942E, 0xDE77, 0xEF1A, 0xEF1A, 0xEEFA, 0xEEFA, 0xBD11, 0x8B28, 0xB4D0, 0xFF3A, 0xDE98, 0xDEB7, 0xCDD3, 0xD5F4,
  0xBD31, 0xE6B8, 0xDE36, 0xAC90, 0x9C0C, 0xA46E, 0xA42E, 0xC594, 0xCDF6, 0xD636, 0xD5F4, 0x9BAA, 0xB48E, 0xF6D8, 0xFF7B, 0xD637,
  0xD679, 0xE73C, 0xEF7E, 0xEF7D, 0xEF7D, 0xF79E, 0xEF7D, 0xF79E, 0xF79E, 0xF79E, 0xF79E, 0xF79E, 0xF79E, 0xF79E, 0xF79E, 0xF79E,
  0xF79E, 0xF79D, 0xF79D, 0xF79D, 0xF79D, 0xEF7D, 0xEF5D, 0xEF7D, 0xEF7D, 0xEF5D, 0xEF5D, 0xEF5C, 0xEF5C, 0xEF7D, 0xEF7D, 0xEF7D,
  0xEF7D, 0xEF7D, 0xF77D, 0xEF7D, 0xEF7D, 0xEF7D, 0xEF5D, 0xEF5D, 0x0840, 0x0840, 0x0841, 0x0861, 0x0841, 0x0000, 0x0000, 0x0020,
  0x0841, 0x0841, 0x0841, 0x0841, 0x0841, 0x0841, 0x0020, 0x0841, 0x1062, 0x0841, 0x6AEB, 0x7B6C, 0xA4B0, 0xDE77, 0xEED9, 0xEEFA,
  0xDE99, 0xDE36, 0xB4AF, 0x936A, 0xC532, 0xFF7B, 0xE6FA, 0xEF1A, 0xD5D3, 0xB4CF, 0xBD31, 0xCDD4, 0xBD32, 0x9C0D, 0x8309, 0xAC2E,
  0x9BCD, 0xBD33, 0xC594, 0xDE57, 0xBD73, 0xCD92, 0xD572, 0xE5D5, 0xFF19, 0xCD94, 0xD617, 0xE75C, 0xEF7E, 0xEF5D, 0xEF5D, 0xEF7D,
  0xF79E, 0xF79E, 0xF79D, 0xF79E, 0xF79D, 0xF79D, 0xF79E, 0xF79E, 0xF79E, 0xF79E, 0xF79E, 0xEF7D, 0xEF7D, 0xF79E, 0xF79E, 0xEF7D,
  0xEF7D, 0xF79D, 0xEF7D, 0xF79D, 0xF79D, 0xF79D, 0xEF5C, 0xEF3C, 0xEF5C, 0xEF5C, 0xEF3C, 0xE73B, 0xE6FB, 0xDEDA, 0xE6FB, 0xDEDA,
  0xE6FB, 0xE6DB, 0x0840, 0x0020, 0x0020, 0x1082, 0x1082, 0x0841, 0x0841, 0x0841, 0x0841, 0x0841, 0x0020, 0x0841, 0x0841, 0x0841,
  0x0841, 0x0841, 0x0841, 0x0820, 0x3985, 0x7B6B, 0xB4F1, 0xD616, 0xEED9, 0xDE78, 0xD637, 0xCDB4, 0xB4D0, 0x938A, 0xD5B4, 0xFF5B,
  0xEF3A, 0xFF5B, 0xBD10, 0x9BCB, 0xB4D0, 0xD5B4, 0xBCF1, 0x932A, 0x930A, 0xA3ED, 0x8B2A, 0xC533, 0xBD53, 0xD616, 0xDE36, 0xB511,
  0x3902, 0x4903, 0xCCF1, 0x936B, 0x49C6, 0xBE17, 0xEF5D, 0xE73C, 0xE73C, 0xE73C, 0xE73C, 0xE73C, 0xEF5C, 0xEF5C, 0xEF5C, 0xEF7D,
  0xEF7D, 0xEF7D, 0xEF7D, 0xEF7D, 0xEF7D, 0xEF5D, 0xE73C, 0xEF5D, 0xEF5D, 0xE73C, 0xDEFB, 0xE73C, 0xEF7D, 0xEF5D, 0xEF7D, 0xEF5C,
  0xE71B, 0xE6FB, 0xD699, 0xCE78, 0xD699, 0xD699, 0xCE58, 0xCE38, 0xCE58, 0xCE18, 0xD679, 0xE6FB, 0x0840, 0x0841, 0x0020, 0x10A2,
  0x18C3, 0x0841, 0x0841, 0x0841, 0x0841, 0x0841, 0x0020, 0x0841, 0x0841, 0x0841, 0x0020, 0x0841, 0x0841, 0x0820, 0x1061, 0x8BCD,
  0xBD53, 0xD636, 0xCDF5, 0xC5B5, 0xD616, 0xCD94, 0xC532, 0xB4AF, 0xCDB4, 0xEEF9, 0xEF3A, 0xFF3A, 0xB46E, 0x7A87, 0xC4F1, 0xDDB5,
  0x934B, 0x8AEA, 0xB40E, 0x69E5, 0x936B, 0xCD53, 0xBD53, 0xCDB5, 0xE677, 0x940E, 0x28C2, 0x38C2, 0xCCB0, 0x936B, 0x1040, 0x7BCE,
  0xE75D, 0xDEFB, 0xDEDB, 0xD6BA, 0xDEDB, 0xDEDA, 0xDEDB, 0xDEFB, 0xE71B, 0xE71B, 0xE71C, 0xE73C, 0xE71C, 0xE71C, 0xE73C, 0xE71C,
  0xE71C, 0xE71C, 0xE71C, 0xE71C, 0xDEFB, 0xE71C, 0xE73C, 0xE73C, 0xE73C, 0xDEFB, 0xD699, 0xCE58, 0xC617, 0xC617, 0xC617, 0xDEB9,
  0xDEDA, 0xDEBA, 0xDEBA, 0xDEFB, 0xE71B, 0xE71B, 0x0840, 0x0841, 0x0021, 0x1082, 0x0861, 0x0841, 0x0841, 0x0841, 0x0841, 0x0841,
  0x0841, 0x0841, 0x0841, 0x0841, 0x0841, 0x0840, 0x0841, 0x0840, 0x18A1, 0x838C, 0xCDB4, 0xCDD5, 0xB512, 0xD5F5, 0xE677, 0xD615,
  0xD5B4, 0xD5B3, 0xC593, 0xDE98, 0xE6D9, 0xF71A, 0x934A, 0x7A87, 0xD552, 0x8B0A, 0x934B, 0xB40E, 0x7A88, 0x59C4, 0xAC6F, 0xAC8F,
  0xB4F1, 0xC594, 0xE657, 0xBD32, 0xBD32, 0x51C5, 0xA3ED, 0x7AC8, 0x942E, 0xCE58, 0xE73B, 0xE73C, 0xE73C, 0xDEFB, 0xDEFB, 0xE71C,
  0xE73C, 0xE73C, 0xDEFB, 0xD69A, 0xD6BA, 0xDEFB, 0xDEFB, 0xDEFB, 0xE71C, 0xE71C, 0xE73C, 0xE73C, 0xEF5D, 0xEF5D, 0xEF5D, 0xEF5D,
  0xEF5D, 0xE73C, 0xE73C, 0xE73B, 0xE71B, 0xE6DA, 0xDEB9, 0xD658, 0xD658, 0xE71B, 0xE73C, 0xE73C, 0xE73C, 0xE75C, 0xEF5C, 0xE73C
};

const uint16_t life_04[10800] = {
  0x7BAD, 0x83EE, 0x8C0F, 0x736C, 0x8C2F, 0x9450, 0x9450, 0x9C91, 0x9450, 0x8C2F, 0x8C2F, 0x7BAD, 0x6B0B, 0x8C2F, 0xAD13, 0xA4D2,
  0xAD33, 0xA4F2, 0xAD33, 0xB554, 0xC5F7, 0xF75D, 0xF79D, 0xF79D, 0xF79D, 0xFFFF, 0xC5F7, 0x3985, 0x3144, 0x2944, 0x3144, 0x2923,
  0x2923, 0x3164, 0x3184, 0x41E6, 0x41C5, 0x3984, 0x41C5, 0x41E6, 0x41C5, 0x41A5, 0x39A5, 0x39A5, 0x41C6, 0x41C6, 0x39A5, 0x39A5,
  0x39A5, 0x39A5, 0x3985, 0x39A5, 0x3164, 0x3985, 0x3185, 0x62EB, 0xF77D, 0xEF5C, 0xB595, 0xAD34, 0xEF1C, 0xDEBA, 0xD679, 0xD679,
  0xDEBA, 0xE6DB, 0xE6FB, 0xE6FB, 0xFF9D, 0xB554, 0x39A6, 0x7BAD, 0x9CB1, 0xA4F2, 0xCE17, 0xDE99, 0xDE99, 0xCE58, 0xD678, 0xC5F6,
  0xC5F6, 0xC5D6, 0xC5F6, 0xDE99, 0xE6FA, 0xE6FB, 0xE6DA, 0xAD34, 0x734C, 0x62CA, 0x8C0F, 0x9470, 0x9470, 0x7BAD, 0x9C91, 0xA4D2,
  0x9C91, 0xAD13, 0x9C91, 0x8C50, 0x83EE, 0x7BAD, 0x62EA, 0x9450, 0xA4F2, 0xA4F2, 0xB574, 0xB574, 0xB554, 0xAD13, 0xC5D6, 0xF77D,
  0xF79D, 0xF79D, 0xF79E, 0xFFFF, 0xC5F7, 0x3185, 0x3164, 0x3144, 0x3143, 0x2923, 0x3144, 0x3144, 0x3143, 0x5AA9, 0x4A27, 0x3164,
  0x39A5, 0x39A5, 0x39A5, 0x39A5, 0x3985, 0x3985, 0x39A5, 0x39A5, 0x3985, 0x39A5, 0x3184, 0x3164, 0x3164, 0x2944, 0x2944, 0x3165,
  0x39A6, 0xAD54, 0xFFDE, 0xCE38, 0xA4F3, 0xDEDA, 0xE6FB, 0xD699, 0xCE58, 0xD679, 0xD699, 0xE6FB, 0xEF1C, 0xEF3C, 0xD679, 0x41E6,
  0x62EA, 0x9CB1, 0xA4F2, 0x9CD2, 0xBD95, 0xC5D6, 0xC5F6, 0xC617, 0xCE17, 0xC5F6, 0xBD95, 0xB554, 0xBDB5, 0xD699, 0xD678, 0xDEBA,
  0xE6DA, 0xE6FA, 0xBDB5, 0x8C0F, 0x9CB1, 0x9C91, 0x9CB1, 0x83EE, 0xA4D2, 0xA4F2, 0xA4F2, 0xA4F2, 0x9470, 0x8C2F, 0x9450, 0x840F,
  0x6B0B, 0x8C2F, 0xAD13, 0xAD33, 0xB554, 0xB554, 0xB595, 0xAD34, 0xC5F7, 0xF77D, 0xF79E, 0xF79D, 0xF79D, 0xFFDF, 0xB595, 0x3144,
  0x3164, 0x2943, 0x2923, 0x3143, 0x3144, 0x2943, 0x3144, 0x7BAD, 0x5268, 0x3164, 0x3985, 0x3984, 0x39A5, 0x3985, 0x3964, 0x3985,
  0x3985, 0x3985, 0x3984, 0x3984, 0x3164, 0x3143, 0x2943, 0x2944, 0x3164, 0x3185, 0x5269, 0xE6FB, 0xF77D, 0xAD34, 0xAD14, 0xEF5C,
  0xDE9A, 0xDE9A, 0xDEBA, 0xD699, 0xE6DB, 0xE6FB, 0xEF1C, 0xFFBE, 0x734C, 0x20E2, 0x62EA, 0x7B8D, 0x6B0B, 0x6B4C, 0xA4D2, 0xAD13,
  0xAD33, 0xB574, 0xB595, 0xC5D6, 0xD678, 0xCE58, 0xC5F6, 0xD658, 0xCE58, 0xCE17, 0xDEB9, 0xE6FA, 0xE6FA, 0xD678, 0xAD13, 0xA4F2,
  0x9CB1, 0x8C0F, 0xA4D2, 0xAD13, 0xAD33, 0xA513, 0x9CB1, 0x9470, 0x8C2F, 0x7BAD, 0x736C, 0x8C2F, 0xA4F2, 0xAD33, 0xB554, 0xB574,
  0xB574, 0xAD34, 0xBD96, 0xF77D, 0xF79D, 0xF79D, 0xF77D, 0xFFFF, 0xA4F3, 0x2924, 0x3144, 0x2923, 0x2923, 0x2923, 0x2903, 0x3164,
  0x3164, 0x8C0F, 0x5A88, 0x3143, 0x3984, 0x3164, 0x39A5, 0x3985, 0x3164, 0x3964, 0x3985, 0x3984, 0x3164, 0x3164, 0x2943, 0x3144,
  0x2923, 0x2944, 0x3164, 0x2924, 0x83EF, 0xFF9E, 0xE6FB, 0xB575, 0xDEBA, 0xE6FB, 0xD699, 0xD699, 0xDEBA, 0xDEBA, 0xE6FB, 0xDEBA,
  0xF75D, 0xBDB6, 0x39A6, 0x4A27, 0x5248, 0xA4D2, 0xBD95, 0x8C2F, 0xA4F2, 0xAD54, 0xAD33, 0x9450, 0x9CB1, 0x9450, 0xB554, 0xD658,
  0xD658, 0xC5F6, 0xC5D6, 0xC5D6, 0xC5F7, 0xE6DA, 0xE6DA, 0xDEB9, 0x9CD2, 0xB554, 0xA4F2, 0x8C2F, 0xA4F2, 0xA4F2, 0xA4D2, 0xAD33,
  0x9CB1, 0x8C2F, 0x9450, 0x83CE, 0x6B2B, 0x8C0F, 0x9C91, 0xAD13, 0xB574, 0xB554, 0xB574, 0xB554, 0xCE17, 0xF77D, 0xF77D, 0xF77D,
  0xF77D, 0xFFFF, 0x9CD2, 0x2903, 0x3144, 0x2923, 0x2903, 0x2923, 0x2943, 0x3164, 0x3184, 0x9450, 0x5268, 0x3143, 0x39A5, 0x3984,
  0x3985, 0x3985, 0x3984, 0x3985, 0x3964, 0x3984, 0x3144, 0x3144, 0x3143, 0x3144, 0x2943, 0x2944, 0x3165, 0x2944, 0xBDB6, 0xFFBE,
  0xD679, 0xBDD6, 0xE6FB, 0xDEBA, 0xD679, 0xD699, 0xDEBA, 0xDE9A, 0xE6FB, 0xE6FB, 0xE6FB, 0x62EB, 0xB575, 0xAD13, 0x9C91, 0xD678,
  0xEF3B, 0xAD33, 0xA4F2, 0xAD13, 0xDE99, 0xAD33, 0x8C2F, 0x9CB1, 0x9CD2, 0x9450, 0xA4D2, 0xC5D6, 0xCE37, 0xC617, 0xAD34, 0xD658,
  0xEF1B, 0xE6FA, 0xAD33, 0xB595, 0xA4F2, 0x8C50, 0xAD13, 0xB554, 0xA513, 0xB554, 0x9CB1, 0x9470, 0x9450, 0x8C0F, 0x62CA, 0x83CE,
  0xA4F2, 0xAD54, 0xAD33, 0xB554, 0xB574, 0xAD54, 0xCE38, 0xF77D, 0xF79E, 0xF79D, 0xF77D, 0xFFDE, 0x9450, 0x20E2, 0x3144, 0x2903,
  0x2903, 0x2923, 0x2923, 0x2923, 0x3164, 0x83CE, 0x41E6, 0x2923, 0x3985, 0x39A5, 0x3984, 0x3164, 0x3985, 0x3985, 0x3164, 0x3164,
  0x3164, 0x3144, 0x3144, 0x3143, 0x2943, 0x2103, 0x2924, 0x4A08, 0xEF3C, 0xF79E, 0xCE58, 0xCE18, 0xE71B, 0xDEBA, 0xD679, 0xD69A,
  0xDEBA, 0xE6DB, 0xE6DB, 0xEF1C, 0x9471, 0x8C0F, 0xE6FB, 0xB574, 0xB554, 0xCE17, 0xE6FA, 0xBD95, 0x9450, 0xAD13, 0xDE99, 0xB554,
  0x9450, 0xB554, 0xD658, 0x9450, 0x738D, 0x83CE, 0xAD33, 0xCE17, 0xBD95, 0xC5D6, 0xDEDA, 0xE6FB, 0xAD54, 0xAD33, 0x9CB1, 0x8C2F,
  0xA4F2, 0xB554, 0xB574, 0xAD13, 0x9CB1, 0x8C2F, 0x840F, 0x736C, 0x734C, 0x8C2F, 0xAD33, 0xAD33, 0xB574, 0xB554, 0xB574, 0xB575,
  0xC617, 0xF79D, 0xF77D, 0xF77D, 0xF77D, 0xFFBE, 0x83EE, 0x18C2, 0x3144, 0x41E6, 0x2923, 0x2903, 0x2903, 0x3144, 0x3164, 0x83CE,
  0x41C6, 0x3164, 0x39A5, 0x39A5, 0x3985, 0x39A5, 0x3985, 0x3164, 0x3164, 0x3143, 0x3144, 0x3144, 0x2943, 0x2903, 0x2923, 0x2924,
  0x20E3, 0x736D, 0xFFDF, 0xEF3C, 0xC5F7, 0xD699, 0xE6FB, 0xD679, 0xD679, 0xDEBA, 0xDEBA, 0xE6FB, 0xE6FB, 0xD658, 0x83EF, 0xC5D6,
  0xD679, 0xBD95, 0xC5F7, 0xCE17, 0xE6DA, 0xBD95, 0x9450, 0xB595, 0xD678, 0xB595, 0xAD33, 0xC5D6, 0xD658, 0xC5D6, 0xBDD6, 0x8C2F,
  0x6B2B, 0xAD13, 0xC617, 0xC5F6, 0xD678, 0xEF1B, 0xB554, 0xB554, 0xA4D2, 0x8C2F, 0x9CB1, 0xAD33, 0xAD33, 0xA4D2, 0x9CD2, 0x9470,
  0x8C2F, 0x83CE, 0x736C, 0x9CB1, 0xA4F2, 0xAD33, 0xB574, 0xBD95, 0xBD95, 0xAD54, 0xCE58, 0xF79D, 0xF77D, 0xF77D, 0xF77D, 0xFFBE,
  0x83EF, 0x2903, 0x39A5, 0x5268, 0x736C, 0x20E3, 0x2903, 0x3144, 0x3985, 0x6B0B, 0x39A5, 0x3144, 0x3164, 0x3964, 0x3984, 0x3164,
  0x3144, 0x3164, 0x3164, 0x3144, 0x3164, 0x3144, 0x3143, 0x2903, 0x2923, 0x3165, 0x2944, 0xB595, 0xFFDE, 0xE6FB, 0xBDB6, 0xDEDA,
  0xDEBA, 0xD679, 0xDEBA, 0xDEBA, 0xDEDB, 0xEF1C, 0xEF1C, 0xCE38, 0xCE38, 0xDE9A, 0xCE38, 0xC5F7, 0xCE38, 0xC5F7, 0xDEBA, 0xBDD6,
  0x9450, 0xC617, 0xC5F6, 0xBD95, 0xBDB5, 0xC5F6, 0xD658, 0xC5F6, 0xDEB9, 0xCE58, 0x8C2F, 0x62CA, 0x9CB1, 0xCE37, 0xD658, 0xDEB9,
  0xAD33, 0xA4D2, 0x9491, 0x83CE, 0x9450, 0xA4D2, 0xA4D2, 0xA4F2, 0x9C91, 0x9470, 0x9450, 0x736C, 0x5AA9, 0x9C91, 0xAD33, 0xAD33,
  0xB574, 0xB574, 0xB554, 0xAD34, 0xCE38, 0xF79E, 0xF75D, 0xF77D, 0xF77D, 0xFFBE, 0x7B8D, 0x2903, 0x41E6, 0x5AA9, 0x738D, 0x6B0B,
  0x2923, 0x3965, 0x41C6, 0x83AE, 0x39A5, 0x3144, 0x3164, 0x3164, 0x3985, 0x3144, 0x3164, 0x3144, 0x3144, 0x3164, 0x2943, 0x2923,
  0x2923, 0x2923, 0x2923, 0x3164, 0x4A28, 0xE71B, 0xFFBE, 0xD69A, 0xC5D7, 0xE6FB, 0xD699, 0xD699, 0xDEBA, 0xE6FB, 0xE71C, 0xEF3C,
  0xE71C, 0xDEBA, 0xDEBA, 0xDE9A, 0xDE9A, 0xDE9A, 0xDE9A, 0xCE38, 0xDE99, 0xCE18, 0x9C92, 0xD658, 0xBDB5, 0xCE17, 0xD658, 0xCE17,
  0xCE17, 0xC5F6, 0xDE99, 0xCE37, 0xDEB9, 0xAD33, 0x630B, 0xB554, 0xCE37, 0xCE37, 0xA4F2, 0xA4D2, 0x9CB1, 0x7B8D, 0x9470, 0x9CB1,
  0xA4D2, 0x9CB1, 0xA4D2, 0x9CB1, 0x9491, 0x738D, 0x4A48, 0x83EE, 0xB574, 0xB574, 0xB554, 0xBD75, 0xBD95, 0xAD34, 0xCE38, 0xF79D,
  0xF77D, 0xF77D, 0xF77D, 0xF79D, 0x7BCE, 0x39A5, 0x39A5, 0x4A07, 0x62CA, 0x5268, 0x3985, 0x3144, 0x41C6, 0x734C, 0x39A5, 0x3164,
  0x3984, 0x3985, 0x3164, 0x3144, 0x3164, 0x3164, 0x3144, 0x3143, 0x2923, 0x2923, 0x2923, 0x2923, 0x2944, 0x2103, 0x734C, 0xFFBE,
  0xF77D, 0xC5F7, 0xC5F7, 0xE6DB, 0xD659, 0xD699, 0xE6FB, 0xEF1C, 0xEF3C, 0xEF3C, 0xE6FC, 0xE6BA, 0xE6DB, 0xE6BA, 0xE6BA, 0xDE9A,
  0xDEBA, 0xD679, 0xDEBA, 0xD658, 0xAD34, 0xD678, 0xCE37, 0xDE99, 0xD699, 0xD658, 0xC5D6, 0xC5F6, 0xD678, 0xD658, 0xDE99, 0xE6DA,
  0x9450, 0x7BAD, 0xCE17, 0xCE38, 0xB574, 0xB554, 0xA4F2, 0x7BCE, 0x9CB1, 0xAD33, 0xA513, 0xA4D2, 0xA4F2, 0x9CB1, 0x9470, 0x83CE,
  0x62EA, 0x9470, 0xB574, 0xB554, 0xB574, 0xB574, 0xBDB5, 0xB575, 0xD658, 0xFF9D, 0xF77D, 0xF77D, 0xF77D, 0xEF5C, 0x736C, 0x5ACA,
  0x5248, 0x2923, 0x39C6, 0x39A5, 0x4A07, 0x41C6, 0x41A6, 0x5AA9, 0x3984, 0x3164, 0x3164, 0x3164, 0x3964, 0x3164, 0x3164, 0x3123,
  0x3143, 0x3143, 0x3143, 0x2923, 0x2944, 0x2924, 0x3145, 0x20E3, 0x8C50, 0xFFFF, 0xEF5C, 0xA4D3, 0xC5F7, 0xDE9A, 0xD679, 0xDEBA,
  0xE6FB, 0xEF1C, 0xEF3C, 0xEF3C, 0xE6FB, 0xDEBA, 0xEF1B, 0xEF1B, 0xE71B, 0xEF1B, 0xE71B, 0xD699, 0xDEDA, 0xDEBA, 0xB575, 0xD679,
  0xC5F7, 0xCE17, 0xCE17, 0xCE38, 0xC5F6, 0xC5F6, 0xDEB9, 0xCE37, 0xDE99, 0xDEB9, 0xE6DA, 0xA4D2, 0x9CB1, 0xD678, 0xAD13, 0xA4F2,
  0x8C50, 0x736C, 0x9C91, 0xAD13, 0xAD33, 0xA4F2, 0xAD13, 0x9C91, 0x9450, 0x83CE, 0x734C, 0x9CB1, 0xBD95, 0xB574, 0xB574, 0xB574,
  0xB574, 0xAD34, 0xD679, 0xFF9D, 0xF77D, 0xF77D, 0xFFDE, 0xBDD6, 0x5AA9, 0x5AA9, 0x5AA9, 0x4A27, 0x2944, 0x3164, 0x3164, 0x4A07,
  0x41E6, 0x5A89, 0x3164, 0x3144, 0x3964, 0x3964, 0x3164, 0x3964, 0x3144, 0x2923, 0x3143, 0x2923, 0x2903, 0x20E2, 0x2103, 0x2923,
  0x2924, 0x2924, 0xBDD6, 0xFFFF, 0xE6FB, 0x8C30, 0xD679, 0xDE9A, 0xD679, 0xE6DB, 0xE71C, 0xEF1C, 0xF77D, 0xF79E, 0xF77D, 0xF79D,
  0xFFBE, 0xF79D, 0xF79D, 0xF79D, 0xFF9E, 0xF79D, 0xEF5D, 0xEF3C, 0xD679, 0xDEBA, 0xBDD6, 0xBDD6, 0xD658, 0xD679, 0xCE17, 0xC5F6,
  0xD678, 0xCE37, 0xDE99, 0xDE99, 0xDEB9, 0xDEBA, 0xAD33, 0xC5F6, 0xAD54, 0x9470, 0x83CE, 0x736C, 0x9C91, 0xA4F2, 0xAD13, 0xA4F2,
  0xAD54, 0x9C91, 0x8C2F, 0x83CE, 0x62EA, 0xA4D2, 0xBDB5, 0xBD95, 0xAD33, 0xB574, 0xAD33, 0xAD13, 0xDE9A, 0xFFBE, 0xF77D, 0xF79D,
  0xF77D, 0x5ACA, 0x5269, 0x6B2B, 0x5AA9, 0x4207, 0x3144, 0x2903, 0x3144, 0x49E7, 0x41E6, 0x41C6, 0x3144, 0x2923, 0x3164, 0x3964,
  0x3144, 0x3164, 0x3123, 0x2923, 0x2923, 0x2903, 0x20E2, 0x20C2, 0x20E2, 0x2924, 0x2924, 0x3165, 0xD679, 0xFFFF, 0xEF3C, 0xB595,
  0xD659, 0xDEBA, 0xE6FB, 0xF75D, 0xF77D, 0xF79E, 0xFFBE, 0xFFDE, 0xFFBE, 0xFFBE, 0xFF9E, 0xFFBE, 0xFFBE, 0xF79E, 0xF79E, 0xFFDE,
  0xFFDF, 0xFFDE, 0xFFDF, 0xF79D, 0xDEBA, 0xD699, 0xD699, 0xD699, 0xD659, 0xD679, 0xDE99, 0xD679, 0xE6DA, 0xD679, 0xDE9A, 0xE6DA,
  0xD679, 0xC5D6, 0xB554, 0xA4F2, 0x7BCE, 0x6B2B, 0xAD33, 0xA4D2, 0xA4D2, 0x9470, 0x9CB1, 0x9C91, 0x8C2F, 0x83CE, 0x736C, 0xA4D2,
  0xAD33, 0xAD13, 0xB554, 0xAD54, 0xA4D2, 0x9471, 0xD659, 0xFFBE, 0xF77D, 0xFFDF, 0x9491, 0x2103, 0x62CA, 0x736C, 0x62CA, 0x41E6,
  0x3985, 0x2924, 0x2903, 0x3985, 0x41C6, 0x3985, 0x3144, 0x3143, 0x3164, 0x3144, 0x3143, 0x2923, 0x2923, 0x2902, 0x2902, 0x2902,
  0x2902, 0x2903, 0x2923, 0x2924, 0x2903, 0x41E7, 0xE6FB, 0xFFFF, 0xC617, 0xA4F3, 0xEF1C, 0xF77D, 0xFF9E, 0xFFBE, 0xFF9E, 0xF7BE,
  0xFFBE, 0xFFBE, 0xFFBE, 0xFFBE, 0xF79E, 0xF7BE, 0xFFBE, 0xF79E, 0xFFDF, 0xFFDF, 0xFFDF, 0xFFDF, 0xFFDF, 0xFFDF, 0xFFFF, 0xFFBE,
  0xEF7D, 0xE71C, 0xD679, 0xDE99, 0xDEBA, 0xD679, 0xDEBA, 0xDE99, 0xDEBA, 0xE6DA, 0xE6FB, 0xC5D6, 0xAD33, 0x9CD2, 0x736C, 0x6B0B,
  0x9450, 0x9CB1, 0x9C91, 0x9470, 0x9CB1, 0x9C91, 0x9470, 0x7BCE, 0x736C, 0xA513, 0xAD13, 0xA513, 0xA4F2, 0xB574, 0xB554, 0x9CB2,
  0xD679, 0xFF9D, 0xFFDE, 0xC5D6, 0x2103, 0x39C6, 0x4A48, 0x5248, 0x5248, 0x41C6, 0x39A5, 0x2924, 0x20E2, 0x2923, 0x3164, 0x3985,
  0x2923, 0x2903, 0x3144, 0x2923, 0x2923, 0x2923, 0x3144, 0x2903, 0x20E2, 0x2903, 0x2903, 0x2903, 0x2924, 0x20E2, 0x18A2, 0x4A28,
  0xF77D, 0xFFDE, 0x9CB2, 0x6B0C, 0xE6FB, 0xFFDF, 0xF77D, 0xFFBE, 0xFFBE, 0xF7BE, 0xF7BE, 0xF79E, 0xF79E, 0xF79E, 0xF79E, 0xF79E,
  0xF79E, 0xF79E, 0xF7BE, 0xF7BE, 0xFFDF, 0xFFDF, 0xFFDF, 0xFFFF, 0xFFDF, 0xFFFF, 0xFFDF, 0xFFDF, 0xEF3C, 0xD699, 0xDEBA, 0xDE9A,
  0xE6DB, 0xDEBA, 0xDEBA, 0xE6DA, 0xE6FB, 0xDE9A, 0xA4D2, 0xA4D2, 0x83EE, 0x6B2B, 0x9470, 0x9CB1, 0xA4D2, 0x9CB1, 0xA4D2, 0x9470,
  0x9450, 0x6B4C, 0x5289, 0x9CB1, 0xAD33, 0xA4D2, 0xB554, 0xAD54, 0xAD13, 0x9CB2, 0xDEBA, 0xFF9E, 0xFFBE, 0x6B0C, 0x20C2, 0x39A5,
  0x62CA, 0x41E6, 0x3985, 0x3164, 0x3123, 0x2923, 0x2903, 0x2923, 0x3164, 0x2923, 0x2903, 0x2923, 0x3144, 0x2944, 0x3164, 0x3144,
  0x2923, 0x2923, 0x20E2, 0x2903, 0x20E2, 0x20E3, 0x2924, 0x2903, 0x20C2, 0x5AAA, 0xF79D, 0xF75D, 0x8C30, 0x9C92, 0x9C92, 0xF77D,
  0xF79E, 0xF79E, 0xF7BE, 0xF79E, 0xF7BE, 0xFFDF, 0xFFFF, 0xFFFF, 0xFFFF, 0xFFFF, 0xFFFF, 0xFFFF, 0xF7BE, 0xF7BE, 0xFFDF, 0xFFDF,
  0xFFFF, 0xFFFF, 0xFFFF, 0xFFDF, 0xFFDF, 0xFFFF, 0xFFFF, 0xFFDF, 0xEF7D, 0xDEBA, 0xDEBA, 0xE6DB, 0xE6DA, 0xE6DA, 0xEF1B, 0xE6FB,
  0x9CB2, 0x9450, 0x736D, 0x736C, 0x9491, 0x9C91, 0x9C91, 0x9470, 0x9470, 0x8C2F, 0x8C2F, 0x736C, 0x6B4C, 0xA4D2, 0xB554, 0xA4F2,
  0xA4F2, 0xB554, 0xA4F2, 0xB554, 0xEF1B, 0xFF9D, 0xEF1C, 0x41E7, 0x3144, 0x4A27, 0x7B8D, 0x5228, 0x3164, 0x3144, 0x20E2, 0x20E2,
  0x2103, 0x2923, 0x2944, 0x2103, 0x2103, 0x2923, 0x2923, 0x2923, 0x3144, 0x2923, 0x2903, 0x2923, 0x2103, 0x2923, 0x3144, 0x2903,
  0x2923, 0x2924, 0x1060, 0x62EB, 0xF79D, 0xE6FB, 0xAD34, 0xE6FB, 0xBD96, 0xDEBA, 0xFFBE, 0xF79E, 0xF7BE, 0xFFFF, 0xFFDE, 0xEF5C,
  0xC617, 0x8C51, 0x83EF, 0xA4F3, 0xA514, 0xBDB6, 0xE71C, 0xF79E, 0xFFFF, 0xFFFF, 0xFFDE, 0xFFDF, 0xFFDF, 0xFFFF, 0xFFFF, 0xFFFF,
  0xFFFF, 0xFFFF, 0xFFDF, 0xF75D, 0xE6DB, 0xDE9A, 0xDEBA, 0xDEBA, 0xE6DA, 0xEF1C, 0x9471, 0x83EF, 0x734C, 0x6B2B, 0x9470, 0x8C2F,
  0x8C2F, 0x8C0F, 0x9470, 0x9470, 0x8C2F, 0x7B8D, 0x6B0B, 0xA4F2, 0xAD54, 0xA4F2, 0x9CB1, 0xAD13, 0x9CD2, 0xCE58, 0xFF9D, 0xF77D,
  0xDE99, 0x3165, 0x2924, 0x4A48, 0x4A07, 0x3164, 0x2923, 0x2903, 0x2903, 0x2903, 0x2923, 0x2923, 0x2903, 0x20E2, 0x2923, 0x3144,
  0x2923, 0x2923, 0x2944, 0x2923, 0x2903, 0x2903, 0x2903, 0x2903, 0x2903, 0x2924, 0x2944, 0x20E3, 0x62CA, 0xCE38, 0xE6FB, 0xDEBA,
  0xD699, 0xEF1C, 0xC5F7, 0xD679, 0xFFBE, 0xFFDE, 0xF7BE, 0xC618, 0x8C30, 0x4228, 0x2944, 0x2924, 0x2924, 0x5269, 0x630B, 0x5AAA,
  0x8C50, 0xAD54, 0xB575, 0xE71B, 0xFFFF, 0xFFFF, 0xFFDF, 0xFFFF, 0xFFFF, 0xFFFF, 0xFFFF, 0xFFDF, 0xFFFF, 0xFFDF, 0xEF1C, 0xDE9A,
  0xDE9A, 0xE6DA, 0xEF1B, 0xF75C, 0x8C30, 0x8C30, 0x7BAD, 0x5AA9, 0x9470, 0x9450, 0x9C91, 0x9470, 0x9CB1, 0x9C91, 0x9C91, 0x736C,
  0x6B2B, 0xAD33, 0xAD33, 0x9CB1, 0x9C91, 0x9CB1, 0x9470, 0xCE38, 0xFF9D, 0xFFBE, 0xB554, 0x20C3, 0x3985, 0x41E6, 0x2924, 0x2903,
  0x2903, 0x20C2, 0x2903, 0x2903, 0x20E2, 0x2903, 0x2903, 0x20C2, 0x2903, 0x2923, 0x2903, 0x2923, 0x2923, 0x2923, 0x3144, 0x2944,
  0x2923, 0x2903, 0x2924, 0x2923, 0x2923, 0x2903, 0x6B0B, 0xC5F7, 0xCE38, 0xBDB6, 0xB575, 0xB575, 0x9431, 0xA4D3, 0xFFFF, 0xE71B,
  0x73AE, 0x8C0F, 0xAD34, 0x7BAE, 0x39A6, 0x62EB, 0x7BAE, 0xA4D2, 0x7BAE, 0x3985, 0x3185, 0x4A48, 0x41C7, 0x4A48, 0x9471, 0xEF3C,
  0xFFFF, 0xFFDF, 0xFFFF, 0xFFFF, 0xFFFF, 0xFFFF, 0xFFDE, 0xEF5D, 0xE6DB, 0xDE99, 0xDE99, 0xDEBA, 0xEF3C, 0xFF9E, 0x9450, 0x83EF,
  0x6B4C, 0x62EA, 0x83EE, 0x9491, 0x9CB1, 0x9CB1, 0xA4D2, 0x9470, 0x7BAD, 0x5268, 0x4A48, 0x7BAD, 0x7BCE, 0x9470, 0xB574, 0xA533,
  0xAD54, 0xDEBA, 0xF77D, 0xFFBE, 0xCE17, 0x3165, 0x39A5, 0x3185, 0x3144, 0x2923, 0x2903, 0x2944, 0x3144, 0x2903, 0x2903, 0x2944,
  0x20E2, 0x20C2, 0x20E2, 0x2102, 0x2903, 0x2923, 0x2903, 0x2923, 0x2944, 0x2923, 0x2923, 0x2903, 0x2903, 0x20E3, 0x20E3, 0x3144,
  0x2904, 0xA513, 0xD679, 0xBDB6, 0xB595, 0xB575, 0xB555, 0x5289, 0xCE38, 0x840F, 0x83EF, 0xC5F7, 0xE6FB, 0xB595, 0x4A48, 0x83EF,
  0xC5F7, 0xD658, 0xAD34, 0x62AA, 0x5269, 0x2103, 0x4207, 0x4A28, 0x1061, 0x2945, 0xAD55, 0xFFFF, 0xFFDF, 0xFFDF, 0xFFFF, 0xFFDF,
  0xF79E, 0xE71C, 0xEF3C, 0xE6DB, 0xE6FB, 0xE6FB, 0xE6DB, 0xF77D, 0x840F, 0x738D, 0x7BAD, 0x7BAD, 0x9490, 0x9CB1, 0x9491, 0x9491,
  0x8C50, 0x39C6, 0x20E3, 0x3165, 0x18A1, 0x1081, 0x0860, 0x18C2, 0x39E7, 0x73AD, 0xB575, 0xFFBE, 0xFFBE, 0xFF7D, 0xE6FB, 0x39C6,
  0x39A5, 0x3165, 0x2924, 0x3144, 0x3144, 0x2103, 0x2924, 0x3185, 0x20C2, 0x20E2, 0x20E2, 0x20E2, 0x2103, 0x2102, 0x2923, 0x2923,
  0x2923, 0x2923, 0x2903, 0x2903, 0x20E2, 0x2903, 0x2924, 0x2904, 0x3145, 0x3165, 0x2924, 0xC5F7, 0xEF3C, 0xD679, 0xD659, 0xD699,
  0xDEBA, 0x8C30, 0x18C2, 0x4A28, 0xB575, 0xCE38, 0xFF9E, 0xC5D7, 0x630B, 0x83EF, 0xCE38, 0xDEBA, 0xB554, 0x5269, 0x7BCF, 0x73AE,
  0x4207, 0x18E3, 0x2944, 0x18C2, 0x1082, 0x8430, 0xFFDF, 0xFFFF, 0xFFDF, 0xFF9E, 0xEF3C, 0xE6FB, 0xEF1C, 0xE6FB, 0xDEDB, 0xE71C,
  0xEF3C, 0xEF5D, 0x83EF, 0x7B8D, 0x6B2B, 0x62EA, 0x7BAE, 0x83EE, 0x8C50, 0x4A28, 0x1081, 0x0840, 0x3165, 0x3164, 0x3165, 0x4207,
  0x39E6, 0x18C2, 0x20E3, 0x18C2, 0x2924, 0x9491, 0xC617, 0xFFDF, 0xCE58, 0x2924, 0x3144, 0x2903, 0x20C2, 0x2923, 0x2924, 0x2103,
  0x20E2, 0x2103, 0x20C2, 0x18A2, 0x18C2, 0x20E2, 0x20E2, 0x2123, 0x20E2, 0x20E2, 0x20E2, 0x2903, 0x20E3, 0x2903, 0x20E2, 0x2903,
  0x3985, 0x2903, 0x20C3, 0x20C3, 0x18A2, 0x738D, 0xE6FB, 0xD679, 0xCE58, 0xCE58, 0xCE38, 0xD679, 0x5A8A, 0x4A28, 0xA513, 0xC5F7,
  0xE71B, 0xEF5C, 0xEF5C, 0xE6FB, 0xBD96, 0xBD96, 0x83CF, 0x5269, 0x9CD2, 0xFFFF, 0xDEDA, 0x39C6, 0x18E3, 0x2103, 0x18C3, 0x0820,
  0x528A, 0xE73C, 0xFFDF, 0xDEDB, 0xE71C, 0xEF1C, 0xDEBA, 0xDEDB, 0xDEBA, 0xE6FB, 0xE71C, 0xEF3C, 0x8C2F, 0x738D, 0x630B, 0x5289,
  0x6B2C, 0x630B, 0x3165, 0x2923, 0x2103, 0x2944, 0x2903, 0x39C6, 0x3165, 0x2924, 0x5A89, 0x41E7, 0x2924, 0x2123, 0x2103, 0x0840,
  0x3986, 0x7B8D, 0x5A89, 0x20C2, 0x20E3, 0x20E2, 0x20C2, 0x20E3, 0x20E3, 0x20E3, 0x20E2, 0x20E2, 0x20C3, 0x1881, 0x18A2, 0x20E3,
  0x20E2, 0x20E3, 0x18C2, 0x20C2, 0x18C2, 0x20E3, 0x2903, 0x20C2, 0x18A2, 0x20E3, 0x20C3, 0x20C2, 0x20E3, 0x20E3, 0x1040, 0x6B0C,
  0xDEBA, 0xCE38, 0xCE38, 0xCE38, 0xCE18, 0xCE58, 0x62EB, 0x2944, 0x9471, 0xDEBA, 0xEF5C, 0xEF5C, 0xEF1C, 0xEF3C, 0xB554, 0xAD14,
  0xAD14, 0xDE99, 0xEF5D, 0xE73C, 0xFFFF, 0x7BCE, 0x18C2, 0x2924, 0x18C3, 0x18E3, 0x0000, 0x5AAA, 0xDEBA, 0xD659, 0xE6FB, 0xE6FB,
  0xDEBA, 0xDEDB, 0xDEBA, 0xE6FB, 0xE6FB, 0xE6FB, 0x7BCE, 0x6B0B, 0x5269, 0x5A8A, 0x7BAE, 0x39C6, 0x0820, 0x2944, 0x20E2, 0x20C2,
  0x18A2, 0x2944, 0x20E3, 0x2903, 0x2944, 0x39A6, 0x4A27, 0x4207, 0x39C6, 0x2944, 0x20C3, 0x1882, 0x1881, 0x20E2, 0x20E2, 0x20E2,
  0x18A2, 0x20C2, 0x20E3, 0x2924, 0x2903, 0x20E3, 0x20E3, 0x20C2, 0x18A2, 0x18A2, 0x18C2, 0x20C2, 0x18C2, 0x18A2, 0x18A2, 0x18A2,
  0x20E3, 0x20E3, 0x20C3, 0x20C3, 0x20C3, 0x20C3, 0x20C3, 0x2904, 0x1882, 0x7B8E, 0xDEBA, 0xCE58, 0xD699, 0xCE58, 0xCE38, 0xCE18,
  0x4207, 0x1081, 0x7BAE, 0xE6FB, 0xF75D, 0xDEDA, 0xDEBA, 0xDEBA, 0xD659, 0xDE9A, 0xFF9E, 0xEEFB, 0xCE38, 0xEF3C, 0xFFFF, 0x9CD2,
  0x2124, 0x2944, 0x18C3, 0x18A2, 0x1081, 0x4A48, 0xE6FB, 0xE71C, 0xE6FB, 0xDEDB, 0xD69A, 0xDEBA, 0xDEBA, 0xDEBA, 0xE6FB, 0xE71C,
  0x738D, 0x5ACA, 0x5ACA, 0x4A28, 0x39E7, 0x10A2, 0x0020, 0x0840, 0x18C2, 0x3185, 0x18E2, 0x39E6, 0x5AA9, 0x5A8A, 0x5AAA, 0x738D,
  0xAD34, 0xE71B, 0xE71B, 0xCE38, 0x9451, 0x41E7, 0x3144, 0x20E2, 0x20C2, 0x18C2, 0x1061, 0x20C2, 0x2924, 0x2924, 0x2103, 0x2924,
  0x2903, 0x20E3, 0x18A2, 0x18A2, 0x18A2, 0x18A2, 0x18A2, 0x18C2, 0x18C2, 0x20E3, 0x20E3, 0x18C2, 0x18C2, 0x20C3, 0x20C2, 0x20A2,
  0x18A2, 0x20C3, 0x18A2, 0x9CB2, 0xE6FB, 0xD679, 0xDE9A, 0xCE58, 0xD699, 0xAD54, 0x1081, 0x3145, 0x5AAA, 0x9CD2, 0xBDD6, 0xCE58,
  0xD699, 0xE71B, 0xFFDE, 0xFFFF, 0xF7BE, 0xE6FB, 0xBDB6, 0xDEDB, 0xE71C, 0x9471, 0x3165, 0x39C6, 0x2944, 0x2924, 0x1082, 0x3165,
  0xEF1C, 0xF77D, 0xE6FB, 0xE6DB, 0xDEBA, 0xE6DB, 0xDEDB, 0xE6FB, 0xEF3C, 0xEF5D, 0x62EB, 0x5248, 0x4A48, 0x2965, 0x0840, 0x0020,
  0x0841, 0x0861, 0x0881, 0x18E3, 0x2965, 0x39C6, 0x2924, 0x3986, 0x4A08, 0xAD34, 0xE6DB, 0xF77D, 0xF77D, 0xF75D, 0xF75D, 0x9471,
  0x3165, 0x20E2, 0x20C2, 0x20C2, 0x18A2, 0x20C3, 0x2903, 0x3144, 0x28E3, 0x20C2, 0x18C2, 0x18C2, 0x18A1, 0x18A2, 0x18A2, 0x18A2,
  0x1882, 0x18A2, 0x18A2, 0x2103, 0x20E3, 0x18A2, 0x18A2, 0x1081, 0x1881, 0x1882, 0x18A2, 0x20C3, 0x2903, 0xAD34, 0xE71C, 0xE6DB,
  0xE6FB, 0xE6DB, 0xDEBA, 0xD699, 0x4A08, 0x7BAE, 0x736D, 0x630B, 0xA4F3, 0xCE38, 0xDEBA, 0xF77D, 0xFFBE, 0xF79D, 0xF7BE, 0xEF5D,
  0xD69A, 0xDEDB, 0xD67A, 0xBD96, 0x4208, 0x2924, 0x2924, 0x20E3, 0x1882, 0x3165, 0xEF1C, 0xF75D, 0xE6DB, 0xDEBA, 0xDE99, 0xDEBA,
  0xE6FB, 0xEF1C, 0xEF3C, 0xEF3C, 0x5289, 0x4A48, 0x39A6, 0x0861, 0x0020, 0x0020, 0x0820, 0x0820, 0x0020, 0x0020, 0x4A48, 0x62EB,
  0x5289, 0x7BCE, 0xBDB6, 0xEF5C, 0xF79D, 0xF77D, 0xF77D, 0xEF3C, 0xE71B, 0xDE99, 0x5A89, 0x3144, 0x20E3, 0x20E2, 0x20C2, 0x18A2,
  0x20E3, 0x20C3, 0x20E3, 0x20C2, 0x18A1, 0x18A2, 0x1081, 0x18A2, 0x18A2, 0x18A2, 0x18A2, 0x18C2, 0x18A2, 0x18A2, 0x20E3, 0x18C2,
  0x18C2, 0x18C2, 0x2904, 0x3165, 0x3165, 0x2903, 0x6B0B, 0xC5F7, 0xE71C, 0xF77D, 0xF79E, 0xF77D, 0xEF3C, 0xF79D, 0xC617, 0xDE9A,
  0xA4D3, 0x7BAE, 0xDEBA, 0xDEBA, 0xEF5C, 0xF77D, 0xF79E, 0xF77D, 0xFFBE, 0xF77D, 0xDEBA, 0xE6FB, 0xE6FB, 0xF77D, 0x9C92, 0x5ACA,
  0x2904, 0x2904, 0x18A2, 0x4A28, 0xF77D, 0xEF1C, 0xDEBA, 0xE6DA, 0xDE99, 0xDE9A, 0xE6FB, 0xEF1C, 0xE71C, 0xE71C, 0x6B2C, 0x6B2C,
  0x39C7, 0x0000, 0x0820, 0x0000, 0x0020, 0x0841, 0x1061, 0x1081, 0x39C6, 0x840F, 0xBDB6, 0xDEBA, 0xEF3C, 0xF75D, 0xFF9E, 0xF79D,
  0xF77D, 0xEF5C, 0xE6FB, 0xE6FB, 0x8C0F, 0x20E3, 0x2103, 0x18A1, 0x20C2, 0x20E3, 0x20E3, 0x18A2, 0x20E3, 0x1881, 0x18A1, 0x18A2,
  0x1081, 0x1081, 0x18A2, 0x20E3, 0x18A2, 0x20E3, 0x3165, 0x41E7, 0x3165, 0x20E3, 0x20E3, 0x2103, 0x3145, 0x41E7, 0x41E7, 0x20C2,
  0x4A28, 0xB555, 0xDEBA, 0xE71C, 0xE6FB, 0xCE38, 0xCE38, 0xCE58, 0x9CD2, 0xE6FB, 0xD679, 0xA513, 0xE71B, 0xF77D, 0xF77D, 0xEF3C,
  0xF75D, 0xF77D, 0xF79E, 0xF79E, 0xEF1C, 0xE6FB, 0xF79E, 0xF77D, 0xD679, 0x9CB2, 0x5A8A, 0x41E7, 0x3986, 0x9CB2, 0xFF9D, 0xDEBA,
  0xD679, 0xD658, 0xD658, 0xDEDB, 0xEF3C, 0xEF1C, 0xEF3C, 0xE71C, 0xE71C, 0xEF5D, 0xB596, 0x18C2, 0x18C2, 0x0020, 0x0861, 0x2104,
  0x3185, 0x4A28, 0x8C30, 0xB574, 0xC617, 0xE6FB, 0xE6FB, 0xEF3C, 0xF77D, 0xF79D, 0xF77D, 0xEF7D, 0xE71B, 0xE71B, 0x9CB1, 0x20E2,
  0x20C2, 0x18A1, 0x20C2, 0x20E3, 0x2903, 0x20E3, 0x20E3, 0x20C2, 0x18A2, 0x1881, 0x1081, 0x2103, 0x41E7, 0x41E7, 0x736D, 0xB575,
  0xD658, 0xF77D, 0xD69A, 0xB595, 0x83EF, 0x4A28, 0x3145, 0x62CA, 0x4A08, 0x1881, 0x62CA, 0xDEDB, 0xE6FB, 0xE71C, 0xD69A, 0xC618,
  0xD699, 0xBDB6, 0xBDB6, 0xE6FB, 0xDEBA, 0x7BCE, 0xA4F3, 0xD699, 0xE6DB, 0xF75D, 0xF75D, 0xF75D, 0xF77D, 0xF77D, 0xF75D, 0xEF3C,
  0xF77D, 0xEF5D, 0xDEBA, 0xCE38, 0xB575, 0xAD34, 0xC5F7, 0xA513, 0xF75D, 0xEF1B, 0xDEBA, 0xDE99, 0xD659, 0xD69A, 0xE6FB, 0xE71C,
  0xE6DB, 0xDEBA, 0xF79E, 0xFFFF, 0xDEBA, 0x1882, 0x1882, 0x41C6, 0x5248, 0x736D, 0xBD96, 0xC5F7, 0xCE18, 0xDE9A, 0xDEDA, 0xD699,
  0xCE79, 0xE71C, 0xEF7D, 0xEF7D, 0xEF7D, 0xEF5D, 0xE71C, 0xEF5C, 0xAD33, 0x20E2, 0x20E3, 0x18A1, 0x20C2, 0x20E3, 0x20C2, 0x1881,
  0x1061, 0x18A2, 0x1061, 0x1061, 0x0800, 0x734C, 0xCE38, 0x734C, 0x9450, 0xBD95, 0xCE37, 0xD658, 0xCE17, 0xBDB6, 0x9471, 0x6B2C,
  0x62EB, 0xEF3C, 0xCE18, 0x2924, 0x20E3, 0xB555, 0xE6FB, 0xEF3C, 0xEF3C, 0xCE38, 0xDEBA, 0xAD34, 0x736D, 0xA4F3, 0xB575, 0x83CF,
  0x5AAA, 0x9451, 0xB575, 0xEF3C, 0xEF3C, 0xF75C, 0xEF3C, 0xEF3C, 0xF75D, 0xF75D, 0xEF3C, 0xE71C, 0xE6DB, 0xDE9A, 0xD679, 0xE71B,
  0xE6FB, 0xA4F3, 0xC5F7, 0xF75C, 0xE6DA, 0xE6DA, 0xDE99, 0xD679, 0xE6DA, 0xE6FB, 0xDEBA, 0xDEDA, 0xEF5D, 0xFFFF, 0xAD34, 0x1061,
  0x18A2, 0x62CA, 0xB554, 0xD679, 0xF77D, 0xE6DB, 0xF75D, 0xE6DB, 0xDEBA, 0xD6BA, 0xE71C, 0xF79E, 0xF77D, 0xEF7D, 0xEF7D, 0xEF5D,
  0xF77D, 0xFFBE, 0xC5D6, 0x62EB, 0x3165, 0x20E2, 0x18A2, 0x1882, 0x1061, 0x1882, 0x1061, 0x1061, 0x20C2, 0x18A2, 0x1040, 0x8C30,
  0xFFFF, 0xDE9A, 0xCE38, 0xBDB5, 0x9450, 0xA513, 0xAD54, 0xB574, 0xC5F6, 0xBDB5, 0xD679, 0xF75C, 0xDEBA, 0x5A8A, 0x0820, 0x9471,
  0xFFBE, 0xEF3C, 0xF77E, 0xEF3C, 0xE71B, 0xD699, 0x20C3, 0x4A28, 0xFFBE, 0xB575, 0x7BAE, 0xAD54, 0x8C50, 0xBD96, 0xDE99, 0xD658,
  0xD659, 0xDEBA, 0xEF1C, 0xE71C, 0xE71C, 0xE6FB, 0xDEDB, 0xDEBB, 0xE6DB, 0xDEDA, 0xDEBA, 0xB595, 0x9451, 0xEF1C, 0xEF3C, 0xE6FB,
  0xDEBA, 0xCE38, 0xDE99, 0xDEBA, 0xDE9A, 0xE6DA, 0xF79E, 0xE6FB, 0x39A6, 0x2903, 0x7B8D, 0x9CB2, 0xC5F7, 0xEF3C, 0xE6FB, 0xEF3C,
  0xEF5C, 0xEF5D, 0xEF5D, 0xEF7D, 0xF79D, 0xEF7D, 0xEF3C, 0xEF7D, 0xFFDE, 0xEF5C, 0xD679, 0xBDD6, 0x7B8D, 0x738D, 0x736D, 0x2903,
  0x3144, 0x62CA, 0x3145, 0x18A2, 0x20C2, 0x1882, 0x18A2, 0x1881, 0x1040, 0x9CB2, 0xFFFF, 0xDE9A, 0xBDB6, 0xD658, 0xC5F6, 0xBDD6,
  0xCE17, 0xBD95, 0xC5F7, 0xCE17, 0xDEBA, 0xE6DB, 0xDEBA, 0xC5F7, 0x20E3, 0x736D, 0xF77D, 0xE6DB, 0xF75D, 0xDE9A, 0xDEDA, 0xF79E,
  0x9CD2, 0x2103, 0x4A48, 0x41C7, 0x39A6, 0x5AAA, 0xA513, 0x9CB2, 0xBDB6, 0xB575, 0xB575, 0xCE18, 0xDEDB, 0xE6FB, 0xE6FB, 0xE6FB,
  0xE6DB, 0xE6DB, 0xE6DB, 0xDEBA, 0xDEB9, 0xC5F6, 0xAD13, 0xB575, 0x9471, 0xDEBA, 0xE6FB, 0xD659, 0xD679, 0xD679, 0xDEBA, 0xDEBA,
  0xEF5D, 0x4A48, 0x0840, 0x7B6D, 0x9450, 0x9CB2, 0xC5D7, 0xE71B, 0xD69A, 0xEF3C, 0xF79E, 0xEF5C, 0xEF5D, 0xF79D, 0xF79D, 0xEF7D,
  0xE73C, 0xDEFB, 0xCE79, 0xF77D, 0x83EE, 0x3164, 0x2903, 0x2903, 0x2924, 0x2903, 0x39A6, 0xE6DA, 0x8C30, 0x1041, 0x18A2, 0x1881,
  0x1061, 0x1882, 0x1061, 0x9C92, 0xFFFF, 0xEF3C, 0xDE99, 0xDE99, 0xEF3B, 0xCE58, 0xE6DA, 0xBD95, 0xAD13, 0xCE58, 0xEF1B, 0xE6DA,
  0xCE18, 0xFF9D, 0x5AAA, 0x9C92, 0xDEBA, 0xDE9A, 0xD659, 0xC5F7, 0xC617, 0xE71B, 0xEF1C, 0x6B4C, 0x0840, 0x1081, 0x3165, 0xC5F7,
  0xBDB6, 0x738D, 0xA4D2, 0x9C92, 0xA4F3, 0xCE18, 0xD679, 0xDEBA, 0xE6DB, 0xE6FB, 0xE71C, 0xE71C, 0xEF1C, 0xE6FB, 0xD678, 0xD658,
  0xCE38, 0xAD14, 0x83EF, 0x8C0F, 0xDE99, 0xD679, 0xD679, 0xD638, 0xD679, 0xDEBA, 0x6B6D, 0x0000, 0x0820, 0x7B8D, 0xAD34, 0xAD34,
  0xCE38, 0xEF3C, 0xDEFB, 0xEF5D, 0xF79D, 0xEF7D, 0xF79D, 0xF7BE, 0xF79E, 0xF77D, 0xEF7D, 0xDEFB, 0xBDF6, 0x8C50, 0x39C6, 0x9491,
  0x4A28, 0x9471, 0x5AA9, 0x3144, 0x20E3, 0xD679, 0x734D, 0x2903, 0x3144, 0x1881, 0x1061, 0x1061, 0x1882, 0xA4D3, 0xFFFF, 0xDEBA,
  0xCE17, 0xD658, 0xEF3B, 0xCE38, 0xD699, 0xBD95, 0xB595, 0xDE99, 0xEF3C, 0xE6DB, 0xCE18, 0xF77D, 0x7B8D, 0x62EB, 0xE6DB, 0xDE9A,
  0xDEDB, 0xD699, 0xD679, 0xE71B, 0xCE58, 0xA4F3, 0x18C3, 0x10A2, 0x18C2, 0x9471, 0xB5B6, 0x83EF, 0x8C0F, 0x83EF, 0xA4D2, 0xCE17,
  0xBDB6, 0xE6DB, 0xE71C, 0xEF1C, 0xEF3C, 0xEF3C, 0xEF3C, 0xE6FB, 0xD679, 0xD679, 0xDE99, 0xCE18, 0xB555, 0x5A89, 0xAD34, 0xDEDA,
  0xE6DB, 0xD659, 0xCE38, 0xD659, 0x3165, 0x0000, 0x4208, 0x8C0F, 0xAD54, 0xCE38, 0xCE38, 0xEF3C, 0xEF7D, 0xEF7D, 0xF77D, 0xF79D,
  0xF79D, 0xF79D, 0xF79D, 0xF79D, 0xF77D, 0xEF3C, 0xDEDA, 0x6B2C, 0xA513, 0xFFFF, 0x83EE, 0xDEB9, 0xDE99, 0x4A07, 0x18C2, 0x736C,
  0x3144, 0x41E7, 0x9CD2, 0x5AAA, 0x1040, 0x1881, 0x1061, 0xA4D3, 0xFFFF, 0xD659, 0x9471, 0xCE18, 0xD679, 0xC5F6, 0xBD95, 0xAD34,
  0xAD34, 0xE6DA, 0xEF3C, 0xE6FB, 0xDEDA, 0xFF9E, 0x62EB, 0x39A6, 0xCE38, 0xD679, 0xE71C, 0xEF3C, 0xE6FB, 0xE6FB, 0xD659, 0x62EB,
  0x1882, 0x18A2, 0x18A2, 0x39C6, 0xA4D3, 0x9491, 0x6B2C, 0x62EB, 0x6B0B, 0xA4D2, 0xD699, 0xEF5C, 0xEF3C, 0xEF3C, 0xEF5C, 0xEF3C,
  0xE6FB, 0xDEBA, 0xDEBA, 0xD699, 0xD658, 0xC617, 0xC5D6, 0x8C50, 0x8C30, 0xE6FB, 0xEF3C, 0xD699, 0xD659, 0xCE38, 0x2104, 0x0840,
  0x4A28, 0xD679, 0xBD96, 0xDEBA, 0xDE9A, 0xD6BA, 0xE6FB, 0xEF7D, 0xF79D, 0xF77D, 0xEF7D, 0xEF7D, 0xF79D, 0xF79E, 0xF79D, 0xF79D,
  0xDEDA, 0xAD54, 0xFFDE, 0xF77D, 0xD678, 0xF77D, 0xFF9D, 0x5AAA, 0x18A2, 0x5269, 0x2924, 0x20C2, 0x4A07, 0x5248, 0x1882, 0x18A2,
  0x1041, 0x9CB2, 0xFFFF, 0xE6FB, 0xA4F3, 0xD658, 0xEF3C, 0xCE38, 0xDE99, 0x9CB2, 0xB574, 0xEF1B, 0xEF3C, 0xE6DB, 0xE6DB, 0xEF5C,
  0x5269, 0x3165, 0xAD34, 0xC618, 0xD69A, 0xE71B, 0xCE38, 0xC617, 0x9471, 0x62EB, 0x9471, 0x3165, 0x20C3, 0x2924, 0x5ACA, 0x6B2C,
  0x5AA9, 0x4207, 0x6B0B, 0xDE99, 0xEF1B, 0xE71C, 0xF75D, 0xF75D, 0xEF1C, 0xE71B, 0xE6FB, 0xDEBA, 0xD699, 0xDEDA, 0xDE99, 0xD679,
  0xD679, 0xC5D6, 0x9CB2, 0xC5F7, 0xF75D, 0xD699, 0xD699, 0xD699, 0x0840, 0x1081, 0x0841, 0x8C30, 0xF77D, 0xD679, 0xE6FB, 0xDEBA,
  0xD6BA, 0xEF5D, 0xEF7D, 0xEF5D, 0xEF7D, 0xEF5D, 0xF79D, 0xF77D, 0xF77D, 0xF77D, 0xCE58, 0xE6DB, 0xFFBE, 0xFFFF, 0xA4F2, 0x840F,
  0xAD13, 0x41E6, 0x1881, 0x2903, 0x18A2, 0x20C2, 0x18A2, 0x1881, 0x18A2, 0x18A2, 0x0820, 0xA4D2, 0xFFDF, 0xBDB6, 0x7B8E, 0x8C0F,
  0xCE37, 0xDEB9, 0xBDB6, 0x8C50, 0x840F, 0xD678, 0xEF3C, 0xDEDA, 0xDEDA, 0xF79D, 0x83EF, 0x20E3, 0x9451, 0xCE38, 0xE6DB, 0xF77D,
  0xD679, 0xC5F7, 0x5269, 0xAD34, 0xDEBA, 0x2924, 0x20C3, 0x2103, 0x2944, 0x39C6, 0x3985, 0x4A48, 0xCE37, 0xDEDA, 0xDEDA, 0xEF3C,
  0xF75D, 0xE6FB, 0xCE58, 0xE6DB, 0xDEDA, 0xD679, 0xD679, 0xCE38, 0xCE37, 0xC5F7, 0xCE38, 0xCE38, 0xB595, 0x9C92, 0xDEDA, 0xDEDA,
  0xDEBA, 0xDEDA, 0x0000, 0x0840, 0x0840, 0x1061, 0xA513, 0xEF5C, 0xE6DB, 0xE71B, 0xD6BA, 0xE71B, 0xEF5C, 0xEF5C, 0xE73C, 0xE71C,
  0xE73C, 0xE73C, 0xDEFB, 0xBDD6, 0xD679, 0xBDD6, 0x736D, 0x7BAE, 0x3164, 0x0840, 0x18A2, 0x2923, 0x2903, 0x1882, 0x18A2, 0x1882,
  0x1882, 0x1882, 0x18A2, 0x1881, 0x1040, 0xAD13, 0xFFDF, 0xAD34, 0x5228, 0x8C0F, 0xC5D6, 0xEF1B, 0x8C2F, 0x734C, 0x41C6, 0xBDD6,
  0xEF3C, 0xDEBA, 0xE6FB, 0xEF3C, 0x5269, 0x20E3, 0x8410, 0xE71C, 0xF75D, 0xFFBE, 0xE6FB, 0xBDD6, 0x5269, 0xC5F7, 0xDEDA, 0x39A6,
  0x18C2, 0x20E3, 0x18C3, 0x20E3, 0x3144, 0x9CD2, 0xCE17, 0xDEBA, 0xE6FB, 0xE71B, 0xE6FB, 0xCE58, 0xD679, 0xE71B, 0xD679, 0xC617,
  0xBDD6, 0xCE18, 0xDEB9, 0xDE99, 0xDE99, 0xD699, 0xCE58, 0xCE38, 0xA4F3, 0xCE58, 0xEF1C, 0xE6FB, 0x0841, 0x0020, 0x0841, 0x0841,
  0x1041, 0xA513, 0xFFBE, 0xE6FB, 0xDEBA, 0xDEBA, 0xE71B, 0xE6FB, 0xDEFB, 0xDEFB, 0xDEDB, 0xCE38, 0xA534, 0xDEBA, 0xF77D, 0xC5F7,
  0x3145, 0x2924, 0x1061, 0x5289, 0x5AA9, 0x39A6, 0x5A89, 0x2904, 0x1882, 0x18A2, 0x1041, 0x1061, 0x1882, 0x20E3, 0x1882, 0xA4D2,
  0xFFBE, 0xE6DB, 0x8C30, 0xC5F7, 0xF77D, 0xFFDE, 0xDEB9, 0x9450, 0x62CA, 0xE6FB, 0xE6FB, 0xDEBA, 0xE71B, 0xF77D, 0x41E7, 0x3145,
  0x9CB2, 0xE71C, 0xF79E, 0xF79E, 0xE6FB, 0xCE58, 0x5AAA, 0xC5F7, 0xFFFF, 0x8C50, 0x20E3, 0x20E3, 0x39A6, 0x6B0B, 0x6B0B, 0xA4D2,
  0xCE17, 0xD679, 0xE6FB, 0xDEDA, 0xD659, 0xCE58, 0xE6FB, 0xD659, 0xBDD6, 0xCE18, 0xDEBA, 0xE6FB, 0xE71B, 0xE6FA, 0xE6DA, 0xE6FA,
  0xDEBA, 0xCE38, 0xA513, 0x8C30, 0xDEBA, 0xDEBA, 0x1061, 0x0841, 0x1081, 0x18A2, 0x1061, 0x20E3, 0xDEDA, 0xF79D, 0xDE9A, 0xDE9A,
  0xDEDA, 0xDEDA, 0xE6DA, 0xE6DA, 0xCE17, 0xB575, 0xBDD6, 0xEF1B, 0xFFDF, 0x8C30, 0x3986, 0xD658, 0x8C30, 0xBD95, 0x7B8D, 0x3985,
  0xC5D6, 0x5AAA, 0x1881, 0x20C2, 0x18A2, 0x1881, 0x1061, 0x1061, 0x1061, 0xA4F3, 0xFF9E, 0xE6FC, 0x9CD2, 0xD6BA, 0xF7BE, 0xFFBE,
  0xE71B, 0xB574, 0x83EE, 0xF75D, 0xE71B, 0xDEDA, 0xE71B, 0xFF9E, 0x62EB, 0x2924, 0xB595, 0xEF5C, 0xF77D, 0xF77D, 0xDEDA, 0xD679,
  0x7BAE, 0xCE38, 0xFFDF, 0xAD34, 0x20E3, 0x20C2, 0x7BAE, 0xC5F6, 0xBDB6, 0xAD13, 0xD658, 0xD699, 0xDEDA, 0xD659, 0xCE38, 0xE6DB,
  0xD679, 0xC5F7, 0xD699, 0xE6DB, 0xE71B, 0xE71B, 0xE6FB, 0xE6DB, 0xDEDA, 0xDEDA, 0xDEBA, 0xD699, 0xCE37, 0xA4F3, 0xBDB6, 0xCE17,
  0x0841, 0x1041, 0x1061, 0x18A2, 0x20E3, 0x0841, 0x39A6, 0xE6FB, 0xEF1C, 0xCE58, 0xDEDA, 0xDEBA, 0xD679, 0xD658, 0xAD54, 0xBDB5,
  0xCE37, 0xE6FB, 0xC5D7, 0x3165, 0x5249, 0xDEBA, 0xCE58, 0x83CE, 0x2923, 0x83CE, 0xD658, 0x5248, 0x20C2, 0x3164, 0x3165, 0x2924,
  0x2924, 0x3165, 0x1041, 0xAD13, 0xFFBF, 0xEF3C, 0xA513, 0xCE58, 0xF7BE, 0xFFFF, 0xE6FB, 0xB574, 0x840F, 0xF77D, 0xE6FB, 0xDEDA,
  0xEF3C, 0xF77D, 0x62EB, 0x3985, 0xCE58, 0xF75D, 0xF79E, 0xEF1C, 0xDEDA, 0xCE58, 0x6B4C, 0xC617, 0xFF9E, 0xE6DB, 0x62EB, 0x4A07,
  0xAD33, 0xB595, 0xD678, 0xDE99, 0xCE38, 0xDE99, 0xDEBA, 0xD679, 0xDEBA, 0xDE9A, 0xC617, 0xCE58, 0xDEDA, 0xDEDA, 0xE6FB, 0xE6FB,
  0xE6FB, 0xDEDA, 0xE6DB, 0xDEDA, 0xDEBA, 0xDEDA, 0xD699, 0xBDB5, 0xA4F3, 0xC5F7, 0x1061, 0x1082, 0x18A2, 0x18A2, 0x18A2, 0x18A2,
  0x0820, 0x3145, 0xD679, 0xE6FB, 0xCE38, 0xD69A, 0xCE58, 0xC617, 0xBD95, 0xCE38, 0xCE58, 0xDEBA, 0x7B8E, 0x1041, 0x83CE, 0xC5F7,
  0x7BAD, 0x3165, 0x83EE, 0xEF1B, 0xA4D2, 0x4A28, 0x4A28, 0x5ACA, 0x6B2B, 0x41E7, 0x41C6, 0x5269, 0x1882, 0xB554, 0xFF9E, 0xEF3C,
  0xA4F3, 0xD679, 0xFFBE, 0xFFDF, 0xE71B, 0xBDB5, 0x9491, 0xFF9E, 0xEF1C, 0xE71B, 0xEF3C, 0xF77D, 0x5A89, 0x41C6, 0xCE38, 0xF77D,
  0xF79E, 0xE6FB, 0xD679, 0xC617, 0x630B, 0xC617, 0xFFBE, 0xEF3C, 0xEF1B, 0xB575, 0xA4F3, 0xBDB6, 0xD679, 0xCE38, 0xCE37, 0xE6DA,
  0xDE99, 0xDE9A, 0xDEBA, 0xCE18, 0xC5D7, 0xDEBA, 0xDEDA, 0xDEDA, 0xDEDA, 0xE6DB, 0xDEDA, 0xDEDA, 0xDEDA, 0xDEBA, 0xDEBA, 0xD699,
  0xE6FA, 0xD658, 0x9CB1, 0xAD34, 0x1061, 0x1082, 0x1061, 0x0841, 0x1061, 0x1061, 0x1061, 0x0820, 0x20E3, 0xB595, 0xEF3C, 0xB595,
  0xC617, 0xD679, 0xAD34, 0xBDB5, 0xEF3C, 0xE6FB, 0x83CE, 0x6B0B, 0x5269, 0x62CA, 0x6B0B, 0xBD95, 0xE71B, 0xE6FB, 0x9470, 0x5248,
  0x5289, 0x5A89, 0x736D, 0x6B2C, 0x41E7, 0x3986, 0x2924, 0xC5D7, 0xFF9E, 0xF75D, 0xA513, 0xD699, 0xF79E, 0xF7BE, 0xDEFA, 0xAD74,
  0x9CB2, 0xFF9E, 0xE71B, 0xE6FB, 0xEF3C, 0xF79D, 0x5ACA, 0x4207, 0xCE38, 0xF79D, 0xF77D, 0xEF5D, 0xDE9A, 0xCE18, 0x6B2C, 0xC5F7,
  0xFF9E, 0xF73D, 0xC5F7, 0xA4D2, 0xA513, 0xA4F3, 0xBD95, 0xC5D6, 0xD699, 0xDEBA, 0xE6FB, 0xD699, 0xCE38, 0xDE9A, 0xDEBA, 0xDEBA,
  0xE6FB, 0xDE9A, 0xD679, 0xDEBA, 0xE6FB, 0xE6FB, 0xDEDA, 0xDEBA, 0xDE9A, 0xD699, 0xE6FA, 0xDE99, 0xB554, 0x9C91, 0x1882, 0x1061,
  0x1061, 0x1061, 0x1081, 0x18A2, 0x1881, 0x1081, 0x0840, 0x1882, 0x7BCE, 0xDE9A, 0xA4F3, 0xAD13, 0xAD54, 0x62EB, 0x8C50, 0x734C,
  0x8C0F, 0xF77D, 0xDEBA, 0xDEBA, 0xEF3C, 0xF75C, 0xE71B, 0xCE58, 0x736D, 0x6B0B, 0x5248, 0x6B0B, 0x6B0B, 0x7BAE, 0x734C, 0x736D,
  0x4A07, 0xD699, 0xFFBE, 0xF77D, 0xAD54, 0xD679, 0xFFBF, 0xF79E, 0xE71B, 0xB574, 0x9CB2, 0xF77D, 0xE6FB, 0xE71B, 0xEF3C, 0xEF3C,
  0x41E7, 0x4A48, 0xDE99, 0xF77D, 0xF77D, 0xF77D, 0xE6FB, 0xCE38, 0x630B, 0xC617, 0xF79D, 0xEF3C, 0x9CB2, 0xAD13, 0xB575, 0xB575,
  0xAD34, 0xCE38, 0xE6DA, 0xDEDA, 0xDEBA, 0xCE38, 0xD699, 0xDEBA, 0xDEBA, 0xD659, 0xC5F7, 0xC5F7, 0xD679, 0xDEDA, 0xE6FB, 0xE6FB,
  0xDEDA, 0xDE9A, 0xDEBA, 0xDEBA, 0xDEBA, 0xDEB9, 0xCE17, 0x83CE, 0x1882, 0x1881, 0x1881, 0x1881, 0x1061, 0x1882, 0x1861, 0x1041,
  0x1881, 0x18A2, 0x0820, 0x41C7, 0x3165, 0x20E3, 0x39A6, 0x20C2, 0x1060, 0x0820, 0x9CB2, 0xEF1C, 0xEF3C, 0xEF3C, 0xEF1B, 0xE6FB,
  0xEF3C, 0xC5D6, 0x7B8D, 0x7B6D, 0x734C, 0x8C0F, 0x736C, 0x736D, 0x83EE, 0x7BAD, 0x41E7, 0xDEDA, 0xFFBE, 0xF75C, 0xA4F2, 0xD679,
  0xFFDF, 0xFFBE, 0xEF3C, 0xB574, 0xA513, 0xF75D, 0xE6FB, 0xEF5D, 0xE73C, 0xEF5C, 0x4207, 0x4A48, 0xDEDA, 0xF77D, 0xF77D, 0xFF9E,
  0xDEDA, 0xCE38, 0x734D, 0xC617, 0xFFBE, 0xD678, 0x7BAD, 0xAD54, 0xCE38, 0xD658, 0xB575, 0xE6FB, 0xDEBA, 0xE6DB, 0xDEBA, 0xD699,
  0xDEDA, 0xDEBA, 0xD679, 0xCE38, 0xD659, 0xDEDB, 0xE6FB, 0xE6FB, 0xE6FB, 0xDEDA, 0xDEDA, 0xDE9A, 0xDE9A, 0xD699, 0xD699, 0xDEDA,
  0xCE38, 0x83EF, 0x1061, 0x1041, 0x1881, 0x18A2, 0x1061, 0x1881, 0x1061, 0x1061, 0x1061, 0x1061, 0x1881, 0x0800, 0x18A2, 0x20E3,
  0x1061, 0x1881, 0x20C2, 0x1040, 0x5AAA, 0xEF3C, 0xE6FB, 0xE6FB, 0xEF3C, 0xEF1B, 0xEF1B, 0x9CB1, 0x840F, 0x9C91, 0x8C0F, 0x83CE,
  0x62CA, 0x736C, 0x8C0F, 0x9C91, 0x39A5, 0xCE37, 0xFFBE, 0xEF5C, 0xA4F2, 0xD699, 0xF7BE, 0xFFBE, 0xE71B, 0x9470, 0x8C50, 0xF79E,
  0xE71C, 0xEF7D, 0xE73C, 0xEF5D, 0x4A48, 0x41E7, 0xC617, 0xF79D, 0xF75D, 0xF79E, 0xDEBA, 0xCE38, 0x6B4C, 0xC5F7, 0xFFDE, 0xC5D6,
  0x7BCE, 0xB554, 0xD678, 0xBDB6, 0xD699, 0xE6FB, 0xDEBA, 0xDEDA, 0xDEBA, 0xE6DB, 0xDEDA, 0xD679, 0xCE58, 0xD679, 0xE6DB, 0xE71C,
  0xE71C, 0xEF1C, 0xE71C, 0xDEDA, 0xDEBA, 0xDEBA, 0xD699, 0xD679, 0xDEBA, 0xDEBA, 0xC617, 0x9471, 0x1061, 0x1061, 0x1061, 0x18A2,
  0x1881, 0x1061, 0x1061, 0x1061, 0x1040, 0x1041, 0x1041, 0x18A2, 0x18A2, 0x18A2, 0x1061, 0x1061, 0x18A2, 0x20C2, 0x3165, 0xEF1B,
  0xFFBE, 0xFF9E, 0xEF3C, 0xEF1B, 0xDEB9, 0x83EE, 0x9470, 0x9470, 0x734C, 0x736D, 0x83EE, 0x7B8D, 0x83EE, 0x9470, 0x41C6, 0xCE37,
  0xFFBE, 0xEF3C, 0xA4F2, 0xD679, 0xFFDF, 0xFFBE, 0xE71B, 0x9490, 0x9471, 0xFFBE, 0xE71C, 0xEF5D, 0xE71C, 0xE73C, 0x4228, 0x41E6,
  0xCE38, 0xF77D, 0xF77D, 0xFF9E, 0xE6FB, 0xCE58, 0x7BCE, 0xD699, 0xF79D, 0xB574, 0xA4F3, 0xCE17, 0xBDB6, 0xBD95, 0xE6DB, 0xDEDA,
  0xE6FB, 0xDEBA, 0xDEBA, 0xDEBA, 0xD699, 0xDEDA, 0xDE9A, 0xD679, 0xE71C, 0xE71C, 0xEF3C, 0xEF3C, 0xE71B, 0xE6FB, 0xDEDA, 0xDEDA,
  0xDE9A, 0xD699, 0xDE9A, 0xDEBA, 0xCE38, 0x9CB2, 0x1061, 0x1881, 0x1882, 0x1061, 0x1061, 0x1061, 0x1061, 0x1041, 0x1041, 0x1061,
  0x1061, 0x1881, 0x1061, 0x1882, 0x1061, 0x1041, 0x1882, 0x1881, 0x2924, 0xB554, 0xEF1C, 0xE6DB, 0xDE9A, 0xDEBA, 0xB575, 0x8C50,
  0x9C91, 0x83CE, 0x732B, 0x7B8D, 0x734C, 0x8C0F, 0x9491, 0x9CB2, 0x39A6, 0xD678, 0xFFDE, 0xE6FB, 0xB574, 0xDEBA, 0xFFBF, 0xFF9E,
  0xEF1B, 0xA4F2, 0x9471, 0xFF9E, 0xE73C, 0xEF5C, 0xE71C, 0xD69A, 0x39A6, 0x5289, 0xD679, 0xEF1C, 0xF77D, 0xFF9E, 0xDEDA, 0xC5D7,
  0x736D, 0xDEDA, 0xE6DA, 0x734C, 0xB574, 0xC5F6, 0xA4F2, 0xDEDA, 0xDEDA, 0xDEDA, 0xE71B, 0xDEBA, 0xDEBA, 0xD679, 0xCE38, 0xCE58,
  0xD699, 0xDEDB, 0xEF1C, 0xE71C, 0xE71C, 0xE6FB, 0xE6FB, 0xE6FB, 0xDEDA, 0xDEBA, 0xDEBA, 0xDEBA, 0xD679, 0xD699, 0xD679, 0xA4D2,
  0x1882, 0x1882, 0x20E3, 0x18A2, 0x1882, 0x1861, 0x1861, 0x1040, 0x1061, 0x1881, 0x1040, 0x1061, 0x1861, 0x1061, 0x1061, 0x1041,
  0x0820, 0x1041, 0x2924, 0x8C0F, 0xC5F7, 0xE6DB, 0xDEBA, 0xCE38, 0xA4F2, 0x7B8D, 0xA4F2, 0x62EA, 0x1881, 0x39A6, 0x41E6, 0x20C2,
  0x6B2C, 0x83CE, 0x2924, 0xDEBA, 0xFFBE, 0xDEBA, 0x9CB2, 0xD679, 0xFFBE, 0xFF9E, 0xEF1C, 0xAD33, 0x9470, 0xF77D, 0xE6FB, 0xEF3C,
  0xE71B, 0xBDF7, 0x2924, 0x5269, 0xCE38, 0xE71B, 0xEF5D, 0xF77D, 0xDEBA, 0xBD96, 0x62EB, 0xDEBA, 0xCE18, 0x9450, 0xC5F7, 0xBD95,
  0xCE17, 0xE6FB, 0xDEBA, 0xE71B, 0xDEBA, 0xCE38, 0xDEBA, 0xD699, 0xCE38, 0xCE38, 0xD699, 0xDEBA, 0xE71C, 0xEF3C, 0xE6FC, 0xE6FB,
  0xE6FB, 0xE6FB, 0xDEBA, 0xD699, 0xDEBA, 0xDEBA, 0xD699, 0xDEBA, 0xCE38, 0xB575, 0x1881, 0x1861, 0x1882, 0x20A2, 0x20A2, 0x18A2,
  0x18A2, 0x1061, 0x1041, 0x1041, 0x1041, 0x1061, 0x1881, 0x1881, 0x1041, 0x1061, 0x1881, 0x1881, 0x20C3, 0x734D, 0xBD96, 0xFFDE,
  0xE6FA, 0xB554, 0x9C91, 0x8C2F, 0xA4D2, 0xA4B2, 0x41C6, 0x9450, 0xAD13, 0x62CB, 0x62EB, 0x4A07, 0x39A6, 0xDEBA, 0xFFBE, 0xD699,
  0x9471, 0xDEDA, 0xFFBE, 0xF79E, 0xEF3C, 0x8C50, 0x83EF, 0xF77D, 0xE6FB, 0xE71B, 0xE71B, 0xBDD6, 0x2924, 0x5A89, 0xC5D6, 0xEF3C,
  0xF79D, 0xEF7D, 0xD679, 0xBDB6, 0x62EB, 0xE6FB, 0x9471, 0x8C30, 0xA4F3, 0xB575, 0xDEBA, 0xE6DB, 0xDEDA, 0xE6FB, 0xD699, 0xCE58,
  0xD699, 0xDEBA, 0xD699, 0xDE9A, 0xE6FB, 0xE6FB, 0xE71C, 0xEF3C, 0xEF1C, 0xE6FB, 0xE6FB, 0xE6FB, 0xDEBA, 0xDE9A, 0xDEBA, 0xDEBA,
  0xCE58, 0xDEDA, 0xC5F7, 0xA4F3, 0x1882, 0x20A2, 0x1882, 0x20A2, 0x20A2, 0x1882, 0x1882, 0x18A2, 0x1040, 0x1061, 0x1881, 0x1881,
  0x1881, 0x1881, 0x1882, 0x1061, 0x18A2, 0x18A2, 0x1061, 0x736D, 0x8C30, 0xC5D6, 0xDEBA, 0x9CD2, 0x9CB2, 0x9450, 0x7BAD, 0x83EE,
  0x9470, 0xA4D2, 0x9450, 0x9450, 0x8C30, 0x7BAE, 0x41C7, 0xE6DA, 0xFFBE, 0xCE58, 0x9CB2, 0xEF3C, 0xFFBE, 0xFFBE, 0xEF3C, 0x9470,
  0x8C50, 0xEF5D, 0xE6FB, 0xE6FB, 0xEF3C, 0xBDB6, 0x20E3, 0x5AA9, 0xBD95, 0xEF5D, 0xF79D, 0xF77D, 0xDEBA, 0xB595, 0x5269, 0xD679,
  0x6B0C, 0x9471, 0xA4F3, 0xCE38, 0xDEBA, 0xE6DB, 0xE6FB, 0xDE9A, 0xCE38, 0xD679, 0xDE9A, 0xDEDA, 0xE6DB, 0xE71B, 0xE71B, 0xEF1C,
  0xEF1C, 0xEF1C, 0xEF3C, 0xEF1C, 0xE6FB, 0xDEBA, 0xDE9A, 0xDEDB, 0xDE9A, 0xCE38, 0xCE58, 0xDEBA, 0xC617, 0xA513, 0x18A2, 0x1882,
  0x20A2, 0x20E3, 0x20A2, 0x18A2, 0x1882, 0x1882, 0x1882, 0x1061, 0x1061, 0x1061, 0x1041, 0x1882, 0x1061, 0x1881, 0x1882, 0x18A2,
  0x18A2, 0x9451, 0xA4D3, 0x9450, 0xBDB5, 0x9C91, 0xA4F3, 0x8C0F, 0x734C, 0x6B0B, 0x6B2B, 0x6B2C, 0x9430, 0xC5F7, 0x7B8E, 0x62CB,
  0x4A28, 0xE6FB, 0xFF9E, 0xCE38, 0xB555, 0xE6DB, 0xFF9E, 0xFF9E, 0xEF3C, 0x7BCE, 0x8C30, 0xEF3C, 0xDEDA, 0xE71B, 0xF77D, 0xBDD6,
  0x2924, 0x5AA9, 0xC617, 0xEF5C, 0xF79D, 0xF7BE, 0xDEBA, 0xBDB6, 0x62EB, 0xB575, 0x7BCE, 0xAD34, 0xB555, 0xDE99, 0xDEBA, 0xE6FB,
  0xE6FB, 0xDEBA, 0xCE38, 0xDEBA, 0xDEDA, 0xE71B, 0xE71B, 0xEF1C, 0xEF5C, 0xF75D, 0xEF3C, 0xE71C, 0xE6FB, 0xE6DB, 0xDEDB, 0xE6FB,
  0xDEDB, 0xDEBA, 0xDEDB, 0xC617, 0xD699, 0xDEDA, 0xCE18, 0xC5F7, 0x20A2, 0x18A2, 0x1882, 0x18A2, 0x20C3, 0x20E3, 0x18A2, 0x1882,
  0x18A2, 0x1881, 0x1061, 0x1882, 0x18A2, 0x1881, 0x1881, 0x20C2, 0x1881, 0x20C2, 0x1061, 0x6B2C, 0xB555, 0x8C30, 0x7BAE, 0x9CD2,
  0x9CB1, 0x8C0F, 0x736D, 0x83CE, 0x9C91, 0x9C91, 0x9C91, 0xC5F7, 0x736D, 0x6B0C, 0x4A28, 0xE6FB, 0xF79D, 0xE6FB, 0xE6DB, 0xC5D7,
  0xEF5C, 0xFFBE, 0xEF3C, 0x9470, 0x83EE, 0xEF3C, 0xDEBA, 0xE71B, 0xF77D, 0xBD96, 0x20E3, 0x7B8D, 0xDEBA, 0xEF5C, 0xFFBE, 0xFFBE,
  0xDEBA, 0xBDB6, 0x62EB, 0xA513, 0x9CB2, 0xA4F3, 0xC5D6, 0xE6FB, 0xDE99, 0xD658, 0xD699, 0xDEDA, 0xBDB6, 0xD679, 0xD679, 0xCE58,
  0xD679, 0xDEDA, 0xE6FB, 0xE6FB, 0xE6DB, 0xE6FB, 0xE71C, 0xE6DB, 0xDEDB, 0xDEDB, 0xDEBA, 0xDEBA, 0xD659, 0xD679, 0xE6FB, 0xD699,
  0xC5F7, 0xC5D6, 0x20C3, 0x20E3, 0x20C3, 0x20A2, 0x20C3, 0x1882, 0x20A2, 0x18A2, 0x20C3, 0x1882, 0x1861, 0x1861, 0x18A2, 0x1881,
  0x1061, 0x18A2, 0x1061, 0x20A2, 0x3124, 0x41C7, 0x8C30, 0x9491, 0xA513, 0x9CD2, 0x9470, 0x9C91, 0x8C0F, 0x83EF, 0x9471, 0x9450,
  0x83CF, 0xB575, 0x83CF, 0x5AAA, 0x5AAA, 0xE6DB, 0xE6FB, 0xAD54, 0xBDB6, 0xCE58, 0xD679, 0xD658, 0xC5D6, 0x83EE, 0x83EF, 0xDEBA,
  0xDEBA, 0xEF3C, 0xF77D, 0xAD54, 0x3144, 0x738D, 0xDEDA, 0xF77D, 0xFFBE, 0xFFBE, 0xDEB9, 0xBD95, 0x62CA, 0xA4F2, 0x9471, 0xAD14,
  0xD679, 0xE6DB, 0xB575, 0xC5F7, 0xD699, 0xDEBA, 0xB595, 0xC617, 0xCE59, 0xD679, 0xCE38, 0xD679, 0xDEBA, 0xDE9A, 0xE6FB, 0xE71C,
  0xE6FB, 0xE6DB, 0xDEDB, 0xE6DB, 0xDEDA, 0xD69A, 0xBDD6, 0xDEBA, 0xE6FB, 0xD679, 0xC617, 0xAD34, 0x20E3, 0x2924, 0x20C3, 0x2904,
  0x28E3, 0x28E3, 0x28E3, 0x28E3, 0x20C2, 0x20C3, 0x18A2, 0x1882, 0x1882, 0x1882, 0x20C2, 0x20C2, 0x20E3, 0x20A2, 0x28E3, 0x3165,
  0x83EF, 0x9CD2, 0xA513, 0x8C50, 0x9471, 0x9CB1, 0x8C0F, 0x83EF, 0x8C30, 0x8C30, 0xCE18, 0xACF3, 0x62EB, 0x5AAA, 0x734D, 0xEF1C,
  0xDEDA, 0xC617, 0xBDD6, 0xDEDA, 0xDEDA, 0xCE38, 0x9CB2, 0x8C2F, 0x7B8D, 0x9CB2, 0xBDB6, 0xDEBA, 0xF77D, 0x9CB2, 0x3165, 0x7BAE,
  0xDEDA, 0xF79D, 0xFFDF, 0xF79E, 0xDE99, 0xB595, 0x83CE, 0xCE17, 0x9CB1, 0x9CD2, 0xEF3C, 0xD699, 0x8C30, 0xD679, 0xDEBA, 0xD679,
  0xC5D7, 0xD679, 0xDEDA, 0xE6FC, 0xEF3C, 0xEF3C, 0xE6FC, 0xE6DB, 0xE71C, 0xE6FB, 0xE6FB, 0xE6DB, 0xDEDB, 0xE6FB, 0xD679, 0xCE38,
  0xCE18, 0xE6FB, 0xDEDA, 0xD679, 0xD679, 0xC5F7, 0x20C2, 0x2903, 0x20C3, 0x20C3, 0x28E3, 0x2904, 0x20C3, 0x20C3, 0x28E3, 0x20C3,
  0x20A2, 0x1882, 0x1882, 0x1882, 0x1882, 0x18A2, 0x18A2, 0x20E3, 0x2904, 0x83EF, 0xDEDA, 0xEF3C, 0x7BAE, 0x7BAE, 0x8C2F, 0xA4D2,
  0xA4D2, 0x9C91, 0xB554, 0xE71B, 0xFF9E, 0xCE18, 0x9CB2, 0xDEBA, 0xAD13, 0xD679, 0x9CD2, 0x736D, 0xBDD6, 0xE6FB, 0xFFDE, 0xE6DA,
  0x9470, 0xC5D6, 0xBD95, 0x8C0F, 0x8C50, 0x9CD2, 0xCE58, 0xB575, 0x5A89, 0x9450, 0xD699, 0xFFBE, 0xFFDF, 0xF79D, 0xD679, 0xB574,
  0x736D, 0xAD34, 0x840F, 0xBDB5, 0xEF5C, 0xBDD6, 0x9491, 0xD699, 0xD699, 0xDEBA, 0xDEDA, 0xE71B, 0xEF1C, 0xEF1C, 0xE71C, 0xE6FB,
  0xEF1C, 0xE71C, 0xEF1C, 0xE6FB, 0xE6FB, 0xE6DB, 0xE6FB, 0xDEDB, 0xD659, 0xC5F7, 0xDEBA, 0xE6FB, 0xD699, 0xDEBA, 0xDEBA, 0xD699,
  0x20A2, 0x1882, 0x1882, 0x1882, 0x20C3, 0x3124, 0x20C3, 0x20E3, 0x20E3, 0x20C3, 0x20E3, 0x18A2, 0x18A2, 0x18A2, 0x1882, 0x20C2,
  0x1882, 0x20E3, 0x4A28, 0xFFFF, 0xFFFF, 0xFFFF, 0xCE58, 0x840F, 0x9450, 0x8C2F, 0x8C2F, 0x9450, 0xDEBA, 0xEF3C, 0xEF1C, 0xF77D,
  0xFF9E, 0xE6FB, 0x9451, 0xDEBA, 0x5289, 0x5269, 0xCE58, 0xF77D, 0xE71B, 0x9CB2, 0xA4D2, 0xC5F7, 0xBDB6, 0xB554, 0xAD33, 0xB595,
  0xC617, 0xD699, 0xCE58, 0xD658, 0xD679, 0xD679, 0xFFDF, 0xFFBE, 0xDE99, 0xBD95, 0x840F, 0xBDD6, 0x83CE, 0xCE17, 0xEF3C, 0xC5F7,
  0xB595, 0xD659, 0xD699, 0xE6FB, 0xE6DB, 0xE6FB, 0xE6FB, 0xEF3C, 0xEF3C, 0xEF1C, 0xE71C, 0xEF1C, 0xEF1C, 0xE6FB, 0xE6DB, 0xDEBA,
  0xDEDB, 0xEF1C, 0xC618, 0xC5F7, 0xE6FB, 0xD699, 0xDE9A, 0xDEDA, 0xD699, 0xD659, 0x1882, 0x18A2, 0x18A2, 0x1882, 0x20A2, 0x28E3,
  0x20C3, 0x20C3, 0x20C2, 0x20A2, 0x18A2, 0x1061, 0x1881, 0x20C3, 0x18A2, 0x20C3, 0x20C3, 0x20E3, 0x5AAA, 0xFFDE, 0xFFFF, 0xFFFE,
  0xEF5C, 0xA513, 0x83EE, 0x8C0F, 0x83CE, 0x9CD2, 0xE6FB, 0xE6FB, 0xE6DB, 0xE6DB, 0xE6DA, 0xD679, 0xC5F7, 0xDE99, 0xCE58, 0xEF5C,
  0xEF5C, 0xC5F7, 0x736D, 0x734C, 0x9C91, 0xAD54, 0xAD34, 0xB574, 0xAD54, 0xD698, 0xCE37, 0xDEB9, 0xCE58, 0xD678, 0xC617, 0xBDB6,
  0xDEBA, 0xE6FB, 0xCE38, 0xBDB6, 0x9CB2, 0x83CE, 0x736C, 0xC617, 0xE6FB, 0xBDB6, 0xA4F3, 0xAD34, 0xC617, 0xE6DB, 0xDEBA, 0xE6FB,
  0xE6FB, 0xE6FB, 0xE71C, 0xE71C, 0xE71C, 0xE6FB, 0xE6FB, 0xE6DB, 0xDEBA, 0xDE9A, 0xDEDB, 0xD69A, 0xAD55, 0xD659, 0xD679, 0xD679,
  0xE6DB, 0xDEBA, 0xDEBA, 0xDEBA, 0x1882, 0x1861, 0x20A2, 0x1882, 0x20C3, 0x20C3, 0x20C3, 0x20C2, 0x20C3, 0x20A2, 0x1882, 0x1881,
  0x18A2, 0x1081, 0x1061, 0x20C2, 0x2924, 0x20C2, 0x6B2C, 0xFFFF, 0xFFDE, 0xFFDE, 0xE6FB, 0xE6FB, 0xB554, 0x7BAE, 0x9CB2, 0xDEBA,
  0xE6DB, 0xDEDA, 0xDEDA, 0xE6FB, 0xE6DB, 0xF75D, 0xFF9D, 0xE6FB, 0xDEDA, 0xB554, 0x8C50, 0x734C, 0x7BAE, 0x9470, 0xA4D2, 0x9C91,
  0x9CB2, 0x7BAE, 0xA4D2, 0xDEBA, 0xCE37, 0xD679, 0xDE99, 0xDEBA, 0xCE38, 0xC617, 0xC617, 0xCE38, 0xCE38, 0xCE17, 0xB595, 0x9CD2,
  0x840F, 0xC5F7, 0xD699, 0xB595, 0xA514, 0xB575, 0xC617, 0xE6FB, 0xE6FB, 0xEF3C, 0xEF1C, 0xEF1C, 0xEF1C, 0xEF3C, 0xEF3C, 0xE6FB,
  0xE6FB, 0xDEDA, 0xDEBA, 0xDEBA, 0xE6FB, 0xC5F7, 0xBDB6, 0xCE38, 0xCE18, 0xDEDA, 0xDEDA, 0xDEBA, 0xDEDA, 0xE6FB, 0x20A2, 0x20C2,
  0x20C3, 0x20A2, 0x20C3, 0x20E3, 0x1882, 0x1882, 0x20C3, 0x20A2, 0x1882, 0x20A2, 0x20C2, 0x1881, 0x1061, 0x18A2, 0x20C2, 0x18A2,
  0x7BAE, 0xFFFF, 0xFFBE, 0xFFFF, 0xAD54, 0xCE58, 0xA4F2, 0x736D, 0xC5D6, 0xD699, 0xE6DB, 0xE71B, 0xE71B, 0xEF1C, 0xDEBA, 0xDE99,
  0xBDB6, 0xAD34, 0x736D, 0x738D, 0x736D, 0x7BAD, 0x9450, 0x5AAA, 0x8C2F, 0x83EF, 0x8C2F, 0x5AAA, 0xA4D2, 0xDE99, 0xC5F7, 0xC5F6,
  0xDEB9, 0xDEBA, 0xD679, 0xD659, 0xD679, 0xD679, 0xCE38, 0xD679, 0xCE18, 0xD659, 0xC618, 0xD679, 0xDEDA, 0xDEBA, 0xCE38, 0xAD54,
  0xB575, 0xDEBA, 0xE6FB, 0xEF3C, 0xEF1C, 0xEF1C, 0xE71C, 0xEF1C, 0xE71C, 0xDEDA, 0xDE9A, 0xDEDA, 0xDEBA, 0xE6FB, 0xCE18, 0xBDB6,
  0xD659, 0xC617, 0xD699, 0xDEBA, 0xDEBA, 0xDEBA, 0xDEBA, 0xDEBA, 0x20C3, 0x20C3, 0x20E3, 0x20C3, 0x28E3, 0x20A2, 0x1882, 0x20A2,
  0x18A2, 0x18A2, 0x20A2, 0x1882, 0x1882, 0x1061, 0x1882, 0x20E3, 0x20C2, 0x1882, 0x7B8E, 0xFFFF, 0xFFDE, 0xFFFF, 0x7BAD, 0x630B,
  0x83EF, 0xCE37, 0xE6DA, 0xE6FB, 0xE71B, 0xEF3C, 0xEF3C, 0xE6FB, 0xEF1C, 0xD679, 0x83EF, 0x9CB1, 0xA4D2, 0xD658, 0xA4D2, 0x9470,
  0x6B4C, 0x41C6, 0x5ACA, 0x5A89, 0x5AA9, 0x41E6, 0x9CB1, 0xDE99, 0xC5F7, 0xC5F6, 0xCE58, 0xDEBA, 0xDE9A, 0xCE58, 0xD679, 0xCE38,
  0xC617, 0xDE9A, 0xD679, 0xD699, 0xDEDA, 0xDEDA, 0xDEBA, 0xDEDA, 0xE6FB, 0xD699, 0xB575, 0xD679, 0xE6FB, 0xE71B, 0xEF3C, 0xEF3C,
  0xEF3C, 0xE6FB, 0xDEDB, 0xDEBA, 0xDE9A, 0xDEBA, 0xE6DB, 0xDEBA, 0xB595, 0xC5F7, 0xC5D7, 0xD679, 0xD699, 0xDEBA, 0xDEBA, 0xDEBA,
  0xDEDA, 0xD679, 0x20C3, 0x1882, 0x20A2, 0x20A2, 0x20C3, 0x20C3, 0x20C3, 0x20A2, 0x20C3, 0x20C3, 0x1882, 0x1882, 0x1061, 0x18A2,
  0x1882, 0x20E3, 0x20E3, 0x18A2, 0x630B, 0xFFFF, 0xDEFB, 0xBDD6, 0x9470, 0x9CD2, 0xC5D6, 0xE6DA, 0xE6DA, 0xE6FB, 0xE71B, 0xE71B,
  0xE71B, 0xE6FB, 0xEF1C, 0xD659, 0xC5D6, 0xD679, 0xC5F7, 0x9471, 0x8C30, 0x736D, 0x7B8D, 0x7BAE, 0x5248, 0x4207, 0x41E6, 0x3165,
  0x840F, 0xD679, 0xC5F6, 0xC5F7, 0xC5D6, 0xCE58, 0xD699, 0xCE58, 0xDE9A, 0xD679, 0xCE38, 0xD699, 0xDEBA, 0xE6DB, 0xE6FB, 0xE71B,
  0xDEBA, 0xE6FB, 0xE6FB, 0xE6FB, 0xCE38, 0xD679, 0xE6DB, 0xE6FB, 0xEF3C, 0xEF3C, 0xE71C, 0xDEBA, 0xDE9A, 0xDEBA, 0xDEBA, 0xDEBA,
  0xDEDA, 0xBDD6, 0xC5F7, 0xBDD6, 0xD699, 0xE6DB, 0xDEBA, 0xDEBA, 0xDEBA, 0xDEDA, 0xDEBA, 0xCE58, 0x18A2, 0x20C3, 0x20C3, 0x20A2,
  0x20C3, 0x20C3, 0x20C3, 0x20A2, 0x18A2, 0x18A2, 0x18A2, 0x20C3, 0x20E3, 0x20C2, 0x18A2, 0x18A2, 0x18A2, 0x20C3, 0x2924, 0x4A48,
  0xB575, 0xC617, 0xD699, 0xD679, 0xD658, 0xDE99, 0xE6DA, 0xE71B, 0xE71B, 0xEF1C, 0xE6FB, 0xE6FB, 0xE6FB, 0xEF3C, 0xEF1B, 0xD658,
  0x83EF, 0x5A89, 0x62EB, 0x840F, 0x9450, 0x62EB, 0x5AAA, 0x41C6, 0x3985, 0x39A5, 0xA4D2, 0xDE99, 0xC5F6, 0xC617, 0xBDB5, 0xC617,
  0xD679, 0xCE38, 0xDEBA, 0xCE58, 0xCE58, 0xD679, 0xDEBA, 0xDEDA, 0xE6FB, 0xE6FB, 0xDEDA, 0xE71B, 0xEF3C, 0xE71B, 0xDE9A, 0xD679,
  0xE6FB, 0xEF3C, 0xEF3C, 0xE6FB, 0xDEDB, 0xDE9A, 0xD69A, 0xDEBA, 0xDEBA, 0xE6FB, 0xC617, 0xBDB6, 0xC5D7, 0xD679, 0xDEBA, 0xDEBA,
  0xDEBA, 0xDEBA, 0xDEDA, 0xDEBA, 0xD679, 0xD658, 0x20A2, 0x2904, 0x20E3, 0x20E3, 0x20C3, 0x20A2, 0x18A2, 0x20C3, 0x1882, 0x1882,
  0x20C3, 0x20C3, 0x20C3, 0x1881, 0x18A2, 0x20C2, 0x20C2, 0x2903, 0x3165, 0x20C3, 0xA4F3, 0xF79D, 0xDEBA, 0xDEDA, 0xDEDA, 0xD699,
  0xDE9A, 0xE71B, 0xE6FB, 0xDEDA, 0xD699, 0xCE58, 0xDEBA, 0xE6FB, 0xB554, 0xB575, 0x9CB2, 0x62EA, 0x62CA, 0x734C, 0x5268, 0x62CA,
  0x5269, 0x6B2B, 0x8C0F, 0xA4D2, 0xB554, 0xD678, 0xCE17, 0xCE17, 0xB554, 0xBDB6, 0xD678, 0xC5D6, 0xD679, 0xD699, 0xDEBA, 0xBDD6,
  0xD679, 0xD679, 0xD659, 0xEF1C, 0xDEDB, 0xE71C, 0xEF1C, 0xDE9A, 0xDEBA, 0xDEBA, 0xDEDA, 0xE6FB, 0xE6DB, 0xDEBA, 0xDEBA, 0xDE9A,
  0xDEBA, 0xDEBA, 0xE6FB, 0xBDD6, 0xA513, 0xBDB6, 0xDEBA, 0xE6DB, 0xDEBA, 0xDEBA, 0xDEBA, 0xDE9A, 0xD679, 0xD679, 0xD679, 0xCE58,
  0x20E3, 0x28E3, 0x20E3, 0x20C3, 0x20A2, 0x1882, 0x18A2, 0x18A2, 0x1881, 0x1061, 0x20C2, 0x18A2, 0x1061, 0x1061, 0x20C3, 0x20C2,
  0x20C2, 0x20E3, 0x3144, 0x3165, 0x5AAA, 0xF75D, 0xE71B, 0xE6FB, 0xDEDA, 0xB595, 0xD659, 0xC5D7, 0xA513, 0x8C50, 0xAD14, 0xCE58,
  0xDEBA, 0xE6FB, 0x9CB2, 0x4A08, 0x736C, 0x9CB1, 0x8C2F, 0x5AA9, 0x5AA9, 0x3164, 0x62CA, 0xCE58, 0xD658, 0xB554, 0xAD54, 0xCE37,
  0xCE17, 0xCE38, 0xB575, 0x9CD2, 0xCE38, 0xBDB6, 0xAD54, 0xEF1B, 0xE6FB, 0xCE38, 0xC5D7, 0xD699, 0xB575, 0xD69A, 0xE71C, 0xEF3C,
  0xE71C, 0xDEDA, 0xD699, 0xD679, 0xD699, 0xDEBA, 0xDEBA, 0xDEBA, 0xD699, 0xDE9A, 0xDEDA, 0xE6FB, 0xCE58, 0x9CD2, 0xB595, 0xDEDA,
  0xE6FB, 0xDEDA, 0xDEBA, 0xDEBA, 0xDEBA, 0xD679, 0xD679, 0xD699, 0xDE9A, 0xD679, 0x20C2, 0x20C2, 0x20E3, 0x20C3, 0x18A2, 0x18A2,
  0x20A3, 0x1881, 0x1881, 0x1881, 0x18A2, 0x1882, 0x1882, 0x1881, 0x18A2, 0x18A2, 0x20C3, 0x3144, 0x3145, 0x3165, 0x3165, 0xCE38,
  0xEF1C, 0xCE18, 0xA4F3, 0x9491, 0x9CB2, 0x840F, 0xA4D3, 0xAD54, 0x840F, 0xB555, 0xBD96, 0xAD14, 0x41C7, 0x6B0B, 0xA4F3, 0x8C0F,
  0xC5F7, 0x6B2C, 0x4A07, 0x2924, 0xAD34, 0xC5F6, 0xCE17, 0xBDB6, 0xBD95, 0xCE17, 0xC5F7, 0xCE58, 0xCE37, 0xAD34, 0xB595, 0xCE37,
  0xAD34, 0xAD34, 0xEF3C, 0xEF1C, 0xC617, 0xD679, 0xCE59, 0xC5D7, 0xD679, 0xE6DB, 0xE6DB, 0xE6DB, 0xDEDA, 0xDE9A, 0xDEBA, 0xDEBA,
  0xDE9A, 0xD699, 0xD679, 0xD679, 0xDEDA, 0xD679, 0x8C50, 0xB575, 0xE6DB, 0xE71B, 0xDEDA, 0xDEDA, 0xDEBA, 0xDEDA, 0xDEDA, 0xD699,
  0xDEBA, 0xDEDA, 0xD699, 0xCE18, 0x18A2, 0x20A2, 0x1861, 0x28E4, 0x20C3, 0x20A2, 0x1882, 0x1861, 0x18A2, 0x1882, 0x18A2, 0x20C2,
  0x18A2, 0x18A2, 0x20E3, 0x20C2, 0x20E3, 0x20E3, 0x3144, 0x3985, 0x20C3, 0xAD34, 0xD679, 0x630B, 0x4A28, 0x62EB, 0x630B, 0x8C30,
  0xBDD6, 0xAD54, 0x5269, 0x20E3, 0x20E3, 0x1061, 0x2103, 0xC5D6, 0x4A07, 0x2903, 0x5269, 0x3145, 0x3165, 0x39A6, 0xBDB5, 0xBD95,
  0xCE17, 0xC5F7, 0xB575, 0xC5F6, 0xC5D6, 0xD678, 0xCE37, 0xBDB6, 0xA513, 0xBD95, 0xC5F7, 0x9471, 0xB575, 0xF79D, 0xE71B, 0xDEDA,
  0xE71C, 0xD69A, 0xB555, 0xCE18, 0xD69A, 0xE6DB, 0xDEBA, 0xDEDA, 0xDEDA, 0xDEBA, 0xD699, 0xCE58, 0xD679, 0xDEBA, 0xD699, 0xA4D3,
  0xAD54, 0xDEDA, 0xDEDA, 0xDEDA, 0xDEDA, 0xDEBA, 0xDEBA, 0xDEDA, 0xDEDA, 0xDEBA, 0xDEBA, 0xDEDA, 0xD679, 0xC5F7, 0x2903, 0x18A2,
  0x1882, 0x18A2, 0x18A2, 0x1882, 0x20A3, 0x1061, 0x1881, 0x20E3, 0x20C3, 0x20A2, 0x20C3, 0x18A2, 0x20C2, 0x20C3, 0x20E3, 0x20C3,
  0x3144, 0x3986, 0x20C2, 0x9CB2, 0xA4F3, 0x2944, 0x3185, 0x62EB, 0x6B4C, 0xB595, 0x41E7, 0x1061, 0x20C3, 0x18A2, 0x18A2, 0x20E3,
  0x20C2, 0x20E3, 0x20C2, 0x2903, 0x3145, 0x5A8A, 0x9CB2, 0x3985, 0xA4D2, 0xBDB6, 0xD679, 0xBDB6, 0xB574, 0xAD34, 0xA4F3, 0xCE17,
  0xD658, 0xC5F6, 0xAD54, 0xA4F2, 0xAD34, 0xBD95, 0x9471, 0xA513, 0xDEDA, 0xEF3C, 0xDEBA, 0xE6DB, 0xC5F7, 0xB575, 0xCE58, 0xE6FB,
  0xE6FB, 0xDEBA, 0xDEBA, 0xDEBA, 0xD679, 0xD659, 0xDEBA, 0xDEDA, 0x9CB2, 0xA513, 0xDEDA, 0xDEBA, 0xDEDB, 0xDEDA, 0xDEBA, 0xD69A,
  0xDE9A, 0xDEDA, 0xDEDA, 0xDEBA, 0xDEBA, 0xD699, 0xD679, 0xBDD6, 0x18A2, 0x1882, 0x1882, 0x18A2, 0x1882, 0x1882, 0x1061, 0x1882,
  0x1882, 0x18A2, 0x20C3, 0x1882, 0x20A3, 0x18A2, 0x1882, 0x18A2, 0x20C3, 0x1882, 0x28E4, 0x2904, 0x1061, 0x8C30, 0x83EF, 0x1061,
  0x2924, 0x20E3, 0xAD54, 0xFFFF, 0x4207, 0x20E3, 0x28E3, 0x20E3, 0x18A2, 0x1061, 0x20C3, 0x2903, 0x2904, 0x2904, 0x5AAA, 0xC5F7,
  0xEF3C, 0x3985, 0x41E7, 0x41E7, 0x62EB, 0x62CA, 0x734C, 0x840F, 0x736C, 0x9450, 0x7BAD, 0xAD54, 0xBDD5, 0xB595, 0xA4F2, 0xA513,
  0xBD96, 0x9491, 0x736D, 0xAD54, 0xD699, 0xE6FB, 0xEF3C, 0xCE58, 0xCE58, 0xDEBA, 0xDEDA, 0xDEBA, 0xD679, 0xCE58, 0xCE38, 0xDE9A,
  0xC617, 0x9451, 0xBDB6, 0xE6FB, 0xDEBA, 0xDEBA, 0xDE9A, 0xDEBA, 0xDEBA, 0xD69A, 0xDEBA, 0xDEBA, 0xDEBA, 0xDEDA, 0xDEBA, 0xDE9A,
  0xD679, 0xBDD6, 0x1882, 0x1061, 0x1041, 0x1882, 0x18A2, 0x20C3, 0x18A2, 0x1061, 0x1882, 0x20A3, 0x18A2, 0x18A2, 0x20E3, 0x18A2,
  0x20C3, 0x20E3, 0x20C3, 0x18A2, 0x20C3, 0x2904, 0x1041, 0x6B0C, 0x8C30, 0x1041, 0x1881, 0x62CB, 0xFFFF, 0xEF5C, 0x39C6, 0x20C2,
  0x2904, 0x28E3, 0x5269, 0x41E7, 0x20E3, 0x5A89, 0x3165, 0x5248, 0xC5F7, 0xEF3C, 0xCE17, 0x2924, 0x3165, 0x3145, 0x3144, 0x2924,
  0x3144, 0x41C6, 0x41C6, 0x5248, 0x4A07, 0x83EE, 0xA4F2, 0x9CD2, 0x9491, 0xA4F3, 0xB595, 0xB595, 0xAD34, 0x6B2C, 0x738D, 0xA513,
  0xC617, 0xDEDA, 0xDEBA, 0xDEBA, 0xDE9A, 0xCE58, 0xCE58, 0xDEBA, 0xDEBA, 0xC5F7, 0x9471, 0xC5F7, 0xEF1C, 0xE6DB, 0xE6DB, 0xDEDB,
  0xDE9A, 0xDEBA, 0xDEDB, 0xDEDB, 0xDE9A, 0xDE9A, 0xDE9A, 0xDEBA, 0xDEBA, 0xDEBA, 0xD659, 0xCE38, 0x1882, 0x1061, 0x18A2, 0x20E3,
  0x20A3, 0x18A2, 0x18A2, 0x20C3, 0x20A2, 0x20C3, 0x18A2, 0x20A2, 0x18A2, 0x20C3, 0x20E3, 0x2924, 0x20C3, 0x20C3, 0x2924, 0x2904,
  0x1041, 0x4A08, 0x5AAA, 0x20E3, 0x2903, 0x2924, 0xA4F3, 0xFFFF, 0x6B4C, 0x18A2, 0x41C7, 0x20E3, 0x7B8E, 0x7B8D, 0x5248, 0xD679,
  0x6B2C, 0x62EB, 0xD658, 0xEF3C, 0xC5F7, 0x2904, 0x3144, 0x3145, 0x39A6, 0x3985, 0x3144, 0x2903, 0x2903, 0x2903, 0x2944, 0x2924,
  0x3185, 0x41E7, 0x62CA, 0x736D, 0x9471, 0x9CB2, 0xAD54, 0xB575, 0x840F, 0x736D, 0x6B2C, 0x9471, 0xBDD6, 0xCE58, 0xCE38, 0xCE38,
  0xCE38, 0xCE38, 0xA4F3, 0x9471, 0xDE9A, 0xE71B, 0xE6FB, 0xE6FB, 0xE6FB, 0xE6FB, 0xDEBA, 0xDEDB, 0xE6DB, 0xDEBA, 0xDEBA, 0xDEBA,
  0xDE9A, 0xDEBA, 0xDEDA, 0xDEBA, 0xD699, 0xD679, 0x1882, 0x1041, 0x1061, 0x1882, 0x1041, 0x1041, 0x1041, 0x18A2, 0x1041, 0x1041,
  0x20A3, 0x20C3, 0x18A2, 0x20E3, 0x18A2, 0x18A2, 0x18A2, 0x1882, 0x1862, 0x1061, 0x28E3, 0x2904, 0x2924, 0x3165, 0x3144, 0x2904,
  0x2903, 0x630B, 0x41E7, 0x20E3, 0x5249, 0x41A6, 0x3144, 0x18A2, 0x7BAE, 0xD679, 0x6B2C, 0x62EB, 0xCDF7, 0xE6FB, 0xE71B, 0x734C,
  0x41E7, 0x3144, 0x3144, 0x2924, 0x2924, 0x20C2, 0x20C3, 0x2903, 0x39A6, 0x4207, 0x3165, 0x39A6, 0x2944, 0x2944, 0x3986, 0x39A6,
  0x4A28, 0x5AAA, 0x5289, 0x736D, 0x7BCE, 0x62EB, 0x738D, 0x7BAE, 0x8C30, 0x9CB2, 0xA4F3, 0x9471, 0xAD34, 0xDEDA, 0xE71B, 0xDE9A,
  0xE6DB, 0xE6DB, 0xE6DB, 0xE6FB, 0xE6DB, 0xE6DB, 0xE6DB, 0xDEDB, 0xDEBA, 0xDEBA, 0xDEBA, 0xDEBA, 0xDEBA, 0xDEBA, 0xDEBA, 0xCE58,
  0x1061, 0x1041, 0x1061, 0x1041, 0x1061, 0x1862, 0x1041, 0x1061, 0x1882, 0x1061, 0x1882, 0x1041, 0x1882, 0x18A2, 0x1882, 0x20C3,
  0x18A2, 0x1882, 0x20A2, 0x18A2, 0x20C3, 0x1882, 0x20E3, 0x20E3, 0x3165, 0x3145, 0x20E3, 0x18A2, 0x18A2, 0x4A28, 0x5228, 0x5228,
  0x3985, 0x20C3, 0x734D, 0xC5D6, 0x62CB, 0x5AAA, 0xC5D6, 0xD679, 0xF79D, 0xCE38, 0x9471, 0x3165, 0x39A6, 0x3985, 0x20E3, 0x20E3,
  0x2903, 0x20C2, 0x62EB, 0xB575, 0xC5F7, 0xEF3C, 0xCE59, 0x5AAA, 0x3165, 0x4A28, 0x83EF, 0x83EF, 0x9491, 0x9CD2, 0xBDB6, 0xA513,
  0x83EF, 0x7BAE, 0x83EF, 0x9451, 0xBD96, 0xD699, 0xE6FB, 0xE6FB, 0xDEDB, 0xDEDA, 0xDEDB, 0xDEDA, 0xDEDB, 0xE6FB, 0xE6FB, 0xDEDB,
  0xE6FB, 0xE6DB, 0xDEBA, 0xDEDB, 0xDEDA, 0xD699, 0xDE9A, 0xDE9A, 0xD699, 0xD659, 0x1882, 0x1061, 0x1041, 0x1061, 0x1041, 0x1061,
  0x1041, 0x1882, 0x1061, 0x1041, 0x1061, 0x1882, 0x20C3, 0x20E3, 0x20C3, 0x28E4, 0x20C3, 0x20C3, 0x20C3, 0x20A2, 0x1882, 0x18A2,
  0x2924, 0x3145, 0x2924, 0x2904, 0x20C3, 0x20A2, 0x20C3, 0x41E7, 0x39A6, 0x3165, 0x41A6, 0x20E3, 0x6B0C, 0xB554, 0x39A5, 0x6B2B,
  0xB595, 0xD699, 0xEF5C, 0xB574, 0x9C91, 0x3165, 0x9C91, 0xA4D3, 0x6B0B, 0x3145, 0x20E3, 0x1061, 0x4A48, 0xA534, 0xCE59, 0xFFDE,
  0xFFFF, 0xE6FB, 0xA4F3, 0x62EB, 0xC5F7, 0xBDD6, 0xCE38, 0xCE38, 0xCE38, 0xDE9A, 0xE6FB, 0xE6FB, 0xE71B, 0xE6FB, 0xD679, 0xD679,
  0xDEBA, 0xDEFB, 0xDEDB, 0xDEFB, 0xDEDB, 0xDEDA, 0xDEDB, 0xDEFB, 0xDEDB, 0xDEFB, 0xE71B, 0xDEDB, 0xDEDA, 0xDEFB, 0xDEBA, 0xDEBA,
  0xDEBA, 0xDEBA, 0xDEBA, 0xD679, 0x1061, 0x1041, 0x1041, 0x1041, 0x1041, 0x0820, 0x0820, 0x1021, 0x1061, 0x1882, 0x1061, 0x1882,
  0x20A3, 0x20C3, 0x20A3, 0x20C3, 0x20C3, 0x2924, 0x20A3, 0x20A2, 0x18A2, 0x20C3, 0x2924, 0x2924, 0x2903, 0x3985, 0x3124, 0x20C3,
  0x20A2, 0x3144, 0x3124, 0x28E4, 0x3986, 0x2904, 0x5A8A, 0xA4D2, 0x41C6, 0x8C50, 0xBDB6, 0xE6FB, 0xE71C, 0xBDD6, 0x9CB2, 0x20E3,
  0x9C92, 0xEF1C, 0xDE99, 0xB575, 0x41E7, 0x0020, 0x3165, 0xAD75, 0xC638, 0xF77D, 0xF79E, 0xD699, 0xBDD6, 0x6B2C, 0xB595, 0xB595,
  0xC617, 0xCE38, 0xCE18, 0xCE18, 0xCE38, 0xD679, 0xD679, 0xD699, 0xD679, 0xD699, 0xDEBA, 0xDEDB, 0xDEDB, 0xDEDA, 0xD6BA, 0xD6BA,
  0xDEDB, 0xDEDB, 0xDEDB, 0xDEFB, 0xDEFB, 0xDEDA, 0xDEDA, 0xDEDA, 0xDEBA, 0xDEBA, 0xDEBA, 0xDEBA, 0xDE9A, 0xD679, 0x1041, 0x1061,
  0x1041, 0x1862, 0x1041, 0x1041, 0x1041, 0x1021, 0x1882, 0x1882, 0x18A2, 0x28E4, 0x18A2, 0x1882, 0x20C3, 0x20E3, 0x20C3, 0x2904,
  0x1882, 0x1882, 0x28E4, 0x3986, 0x49E7, 0x5249, 0x41E7, 0x5228, 0x41C6, 0x3145, 0x3965, 0x3145, 0x2904, 0x2904, 0x3986, 0x3144,
  0x5A69, 0x9471, 0x5269, 0x9CB2, 0xAD54, 0xE71B, 0xE71B, 0xC5D6, 0x8C30, 0x1881, 0x9471, 0xEEFC, 0xD659, 0xD699, 0x5A8A, 0x0000,
  0x18E3, 0xB596, 0xD699, 0xEF5D, 0xF77D, 0xCE59, 0xB575, 0x83EF, 0xBDD6, 0xC5D7, 0xC617, 0xCE38, 0xCE38, 0xCE38, 0xCE38, 0xD679,
  0xD679, 0xD699, 0xD699, 0xD679, 0xDEBA, 0xDEDA, 0xDEDA, 0xD6BA, 0xD6BA, 0xD6BA, 0xDEBA, 0xDEBA, 0xDEDB, 0xDEFB, 0xDEDB, 0xDEDB,
  0xD6BA, 0xD6BA, 0xDEBA, 0xDEBA, 0xDE9A, 0xD69A, 0xD679, 0xD679, 0x1061, 0x1041, 0x1021, 0x0820, 0x0820, 0x1041, 0x0820, 0x1061,
  0x1061, 0x1041, 0x18A2, 0x20E3, 0x1882, 0x18A2, 0x20C3, 0x20C3, 0x20E3, 0x20E3, 0x20E3, 0x20C3, 0x3966, 0x62CB, 0x6B0C, 0x62CB,
  0x7B8D, 0x736D, 0x5AAA, 0x49E7, 0x39A6, 0x3145, 0x28E3, 0x20C3, 0x2904, 0x3145, 0x6AEB, 0x9430, 0x41E7, 0xA4F2, 0xBDD6, 0xE6FB,
  0xE71C, 0xC5D6, 0x9470, 0x2903, 0x9450, 0xE6FB, 0xCE18, 0xC5F7, 0x5269, 0x0841, 0x2103, 0xB5B6, 0xD6BA, 0xEF5D, 0xF79E, 0xD679,
  0x9CB2, 0x8C30, 0xC5F7, 0xBDB6, 0xBDB6, 0xC5F7, 0xC5F7, 0xC617, 0xCE18, 0xCE38, 0xCE58, 0xD679, 0xCE38, 0xCE38, 0xD69A, 0xDEBA,
  0xDEDA, 0xDEDA, 0xDEDA, 0xDEBA, 0xD6BA, 0xD69A, 0xD69A, 0xDEDB, 0xDEDA, 0xDEDB, 0xD6BA, 0xD6BA, 0xD6BA, 0xD679, 0xD69A, 0xD679,
  0xD659, 0xD679, 0x1882, 0x1041, 0x1061, 0x1041, 0x1021, 0x0800, 0x1041, 0x0820, 0x1041, 0x1882, 0x1882, 0x1882, 0x1861, 0x20C3,
  0x18A2, 0x20C3, 0x2924, 0x2904, 0x2904, 0x3124, 0x41C7, 0x62CB, 0x5AAA, 0x732C, 0x6AEB, 0x5AAA, 0x5A69, 0x3986, 0x2924, 0x2924,
  0x20E3, 0x20C3, 0x2904, 0x3965, 0x5AAA, 0x6B0C, 0x41C6, 0x9491, 0xAD54, 0xDEFB, 0xE73C, 0xC5F7, 0x9C91, 0x3986, 0xAD14, 0xEF1C,
  0xD658, 0xCE38, 0x5269, 0x0840, 0x20E3, 0xB575, 0xD6BA, 0xEF5D, 0xF77D, 0xCE59, 0x83EF, 0x9471, 0xBDD6, 0xBDB6, 0xBDD6, 0xBDD6,
  0xC617, 0xC617, 0xC617, 0xC617, 0xCE38, 0xCE38, 0xCE38, 0xCE58, 0xD69A, 0xD6BA, 0xDEDA, 0xDEDA, 0xDEBA, 0xD6BA, 0xD6BA, 0xD6BA,
  0xCE79, 0xDEBA, 0xDEDB, 0xDEDB, 0xD6BA, 0xD6BA, 0xD69A, 0xD69A, 0xDE9A, 0xDE9A, 0xD69A, 0xD69A, 0x1062, 0x1882, 0x1061, 0x1041,
  0x1041, 0x1041, 0x0820, 0x0820, 0x1041, 0x1061, 0x1882, 0x18A2, 0x1882, 0x20C3, 0x20E3, 0x28E3, 0x28E3, 0x3124, 0x3145, 0x20E3,
  0x41E7, 0x62CB, 0x5AAA, 0x6B0C, 0x62AB, 0x5249, 0x5249, 0x41C7, 0x3985, 0x20E3, 0x20C2, 0x28E3, 0x20C3, 0x3145, 0x736D, 0x9451,
  0x4A08, 0x9450, 0xB575, 0xE71B, 0xDEDA, 0xBDD6, 0x9C91, 0x3165, 0xB555, 0xE6FB, 0xCE18, 0xC5F7, 0x4A48, 0x1061, 0x2924, 0xB595,
  0xDEDA, 0xEF5D, 0xF79D, 0xCE59, 0x8C30, 0x9CB2, 0xB595, 0xBDD6, 0xC5F7, 0xC5F7, 0xC5F7, 0xC5F7, 0xC5F7, 0xC5F7, 0xC617, 0xCE18,
  0xCE18, 0xD679, 0xD699, 0xD6BA, 0xD6BA, 0xD69A, 0xDEDA, 0xDEDB, 0xD6BA, 0xD69A, 0xCE79, 0xD6BA, 0xDEFB, 0xDEFB, 0xD6BA, 0xD69A,
  0xD69A, 0xD69A, 0xD679, 0xD69A, 0xD69A, 0xDE9A, 0x1041, 0x1062, 0x1061, 0x1041, 0x1021, 0x1041, 0x0800, 0x0820, 0x1041, 0x1021,
  0x1882, 0x18A2, 0x1882, 0x18A2, 0x20C3, 0x18A2, 0x20C3, 0x20A3, 0x20C3, 0x28E4, 0x4A08, 0x62CB, 0x5A8A, 0x5AAA, 0x5A8A, 0x62CB,
  0x5249, 0x49E7, 0x3144, 0x28E3, 0x18A2, 0x20C3, 0x20E3, 0x2903, 0x83CF, 0xB534, 0x4A28, 0x9C91, 0xBDD6, 0xEF3C, 0xD6BA, 0xB574,
  0x8C30, 0x3165, 0xB554, 0xE6FB, 0xC617, 0xBDD6, 0x4207, 0x18C2, 0x41C7, 0xCE58, 0xD6BA, 0xEF5D, 0xEF7D, 0xCE38, 0x738D, 0x9CB2,
  0xB575, 0xB575, 0xB595, 0xBDD6, 0xC5D7, 0xC5D7, 0xBDD6, 0xC5F7, 0xC5F7, 0xCE18, 0xC617, 0xCE38, 0xD699, 0xD6BA, 0xD699, 0xD6BA,
  0xDEDA, 0xD6BA, 0xD69A, 0xCE59, 0xCE79, 0xD6BA, 0xDEFB, 0xDEDB, 0xD6BA, 0xD69A, 0xD69A, 0xD659, 0xCE59, 0xD679, 0xCE59, 0xD659,
  0x1882, 0x1062, 0x1882, 0x1882, 0x1061, 0x1041, 0x0820, 0x1061, 0x1061, 0x1061, 0x20C3, 0x20C3, 0x1882, 0x18A2, 0x20A2, 0x20E3,
  0x20C3, 0x20C3, 0x28E4, 0x2904, 0x4A08, 0x5A8A, 0x5229, 0x5AAA, 0x62AB, 0x62CB, 0x5249, 0x41A6, 0x28E3, 0x2903, 0x20E3, 0x28E3,
  0x2924, 0x20E3, 0x83EF, 0xBDB6, 0x41E7, 0x9491, 0xB595, 0xE71B, 0xCE58, 0xBDB6, 0x8C30, 0x3986, 0xB554, 0xEF1C, 0xCE38, 0xB595,
  0x4207, 0x20C3, 0x5AAA, 0xDEDB, 0xD6BA, 0xEF5D, 0xEF5C, 0xC618, 0x736D, 0xA513, 0xC5F7, 0xBDB6, 0xBDB6, 0xBDD6, 0xC617, 0xC617,
  0xC5F7, 0xC5F7, 0xC5F7, 0xC617, 0xC617, 0xCE38, 0xD679, 0xD679, 0xD699, 0xDEDA, 0xD69A, 0xCE79, 0xCE59, 0xCE58, 0xCE59, 0xD679,
  0xDEBA, 0xDEFB, 0xDEBA, 0xCE79, 0xCE79, 0xCE59, 0xCE38, 0xCE38, 0xCE38, 0xCE58, 0x18A3, 0x1882, 0x1882, 0x1882, 0x1041, 0x1041,
  0x1061, 0x1041, 0x1882, 0x1061, 0x1882, 0x1882, 0x18A2, 0x20C3, 0x20A2, 0x28E3, 0x3124, 0x3124, 0x3986, 0x3986, 0x41E7, 0x5A69,
  0x5249, 0x5A8A, 0x6B0C, 0x5A8A, 0x5249, 0x41C7, 0x2904, 0x2903, 0x20C3, 0x2904, 0x3145, 0x28E3, 0xAD13, 0xCE18, 0x4A07, 0x9471,
  0xB595, 0xE71B, 0xCE58, 0xB595, 0x83EF, 0x2924, 0xA4F3, 0xE6DB, 0xC5F7, 0xB595, 0x39C6, 0x3165, 0x9491, 0xE6FB, 0xDEFB, 0xEF5D,
  0xEF5D, 0xCE38, 0x6B4C, 0xB575, 0xC617, 0xC5F7, 0xC5F7, 0xC5F7, 0xC5F7, 0xC5F7, 0xC5F7, 0xC5F7, 0xC5D7, 0xC5F7, 0xC5F7, 0xC617,
  0xCE59, 0xCE59, 0xCE59, 0xCE58, 0xCE59, 0xCE38, 0xC618, 0xCE58, 0xCE59, 0xCE59, 0xD679, 0xD6BA, 0xD699, 0xCE79, 0xD699, 0xD679,
  0xD679, 0xCE59, 0xD659, 0xD699, 0x1062, 0x18A2, 0x1882, 0x1882, 0x1882, 0x18A2, 0x1041, 0x1041, 0x1061, 0x1061, 0x1061, 0x1882,
  0x20C3, 0x28E3, 0x20A3, 0x20C3, 0x20C3, 0x20E3, 0x3145, 0x3165, 0x41E7, 0x62AA, 0x5249, 0x62CB, 0x5249, 0x5A6A, 0x5249, 0x3986,
  0x3145, 0x20C3, 0x20A2, 0x2924, 0x3144, 0x20E3, 0xAD13, 0xA4F3, 0x41E7, 0x9491, 0xAD54, 0xDEBA, 0xCE58, 0xB575, 0x7BAE, 0x3144,
  0xA4F3, 0xDE9A, 0xB575, 0xB555, 0x4A48, 0x3145, 0xA4D2, 0xE73C, 0xE71B, 0xF79D, 0xEF7D, 0xBDD7, 0x738D, 0xC5F7, 0xBDD6, 0xBDB6,
  0xBDB6, 0xBDB6, 0xC5D7, 0xC5D7, 0xC5F7, 0xC5F7, 0xC5F7, 0xC617, 0xC5F7, 0xC617, 0xCE38, 0xCE38, 0xCE38, 0xCE38, 0xCE59, 0xCE38,
  0xC5F7, 0xC618, 0xCE38, 0xCE38, 0xD679, 0xD69A, 0xD69A, 0xDEBA, 0xDEBA, 0xDEBA, 0xD69A, 0xD679, 0xD679, 0xD659, 0x1882, 0x18A2,
  0x1882, 0x18A2, 0x20E3, 0x20E3, 0x1061, 0x1882, 0x18A2, 0x1061, 0x1041, 0x18A2, 0x2904, 0x28E3, 0x20C3, 0x20C3, 0x20C3, 0x20C3,
  0x3145, 0x2904, 0x49E8, 0x6AEB, 0x5249, 0x5A8A, 0x5249, 0x5228, 0x5249, 0x41C6, 0x2924, 0x20C2, 0x20A2, 0x3165, 0x39A6, 0x18A2,
  0xAD13, 0x9450, 0x4A28, 0x840F, 0x83CF, 0xCE38, 0xCE18, 0xB575, 0x83CE, 0x3985, 0xAD13, 0xD679, 0xB555, 0xB575, 0x39A6, 0x3985,
  0xB575, 0xE73C, 0xDEFB, 0xF79D, 0xEF7D, 0xBDD6, 0x7BAE, 0xCE38, 0xBDD6, 0xBDD6, 0xBDD6, 0xC5D7, 0xC5F7, 0xC617, 0xC5F7, 0xBDD6,
  0xC5F7, 0xCE38, 0xC5F7, 0xC617, 0xCE38, 0xCE58, 0xCE38, 0xC617, 0xCE38, 0xC5F7, 0xC617, 0xC617, 0xC617, 0xCE18, 0xCE59, 0xD679,
  0xDE9A, 0xDEBA, 0xDEBA, 0xD69A, 0xD699, 0xD699, 0xCE79, 0xD699, 0x20A3, 0x1882, 0x1882, 0x1061, 0x1882, 0x1041, 0x1041, 0x18A2,
  0x20E3, 0x1882, 0x1862, 0x1882, 0x1882, 0x18A2, 0x18A2, 0x20C3, 0x28E3, 0x20C3, 0x28E3, 0x2904, 0x41C7, 0x6B0C, 0x5A6A, 0x5A8A,
  0x5AAA, 0x5269, 0x5229, 0x39A6, 0x2924, 0x20E3, 0x1882, 0x20C3, 0x2904, 0x18A2, 0xBD96, 0x9450, 0x4207, 0x7BAE, 0x7BAE, 0xC5F7,
  0xC617, 0xBD95, 0x7BAD, 0x3165, 0xAD13, 0xD679, 0xBD95, 0xA4F3, 0x2924, 0x41E7, 0xA513, 0xE6FB, 0xDEFB, 0xEF5D, 0xEF7D, 0x9CB2,
  0x840F, 0xCE38, 0xC5F7, 0xC5F7, 0xBDD6, 0xC5F7, 0xC5F7, 0xC617, 0xC617, 0xC5F7, 0xC5D7, 0xC5F7, 0xC5F7, 0xCE18, 0xCE38, 0xC617,
  0xC617, 0xC5F7, 0xC5F7, 0xC5F7, 0xC5F7, 0xCE38, 0xC617, 0xCE38, 0xD659, 0xD679, 0xD679, 0xDE9A, 0xDEBA, 0xD699, 0xCE58, 0xCE58,
  0xCE59, 0xCE59, 0x2904, 0x20C3, 0x20C3, 0x1882, 0x1061, 0x1041, 0x1041, 0x1882, 0x20A3, 0x18A2, 0x20C3, 0x20A3, 0x20C3, 0x20C3,
  0x1862, 0x1862, 0x1882, 0x20E3, 0x20A3, 0x20E3, 0x4A08, 0x6B0C, 0x5A8A, 0x5AAA, 0x62EB, 0x5A69, 0x5A69, 0x39A6, 0x28E3, 0x28E3,
  0x1861, 0x28E3, 0x20E3, 0x18A2, 0xAD34, 0x8C30, 0x39A6, 0x7BAE, 0x8C50, 0xCE58, 0xBDB6, 0xB554, 0x7BAE, 0x3145, 0xAD14, 0xD659,
  0xBDB6, 0x9450, 0x20E3, 0x3985, 0xA4F3, 0xDEFB, 0xDEDB, 0xEF7D, 0xEF7D, 0x5AEB, 0x83EF, 0xCE58, 0xC5D7, 0xC5F7, 0xBDB6, 0xC5F7,
  0xC5F7, 0xC5F7, 0xC5F7, 0xC5D7, 0xBDD6, 0xC617, 0xCE18, 0xC617, 0xC617, 0xC5F7, 0xC5F7, 0xC617, 0xC5F7, 0xC5F7, 0xC617, 0xCE38,
  0xCE38, 0xCE38, 0xD679, 0xD679, 0xD679, 0xD659, 0xDE9A, 0xCE59, 0xC638, 0xCE38, 0xCE38, 0xC638, 0x20A3, 0x18A3, 0x1882, 0x20C3,
  0x18A2, 0x1882, 0x20A3, 0x20A3, 0x1041, 0x1882, 0x20C3, 0x20E3, 0x1882, 0x2904, 0x20C3, 0x18A2, 0x1882, 0x20A2, 0x3966, 0x3145,
  0x4A08, 0x62CB, 0x6B0C, 0x5A8A, 0x62AB, 0x6AEB, 0x5A8A, 0x39A6, 0x28E3, 0x20C3, 0x1882, 0x2903, 0x2924, 0x2904, 0xAD14, 0x83EF,
  0x41E7, 0x738D, 0x8C30, 0xD679, 0xB575, 0xAD34, 0x83CE, 0x3985, 0xB575, 0xC5D7, 0xB575, 0x8C0F, 0x2903, 0x5249, 0xB555, 0xDEDB,
  0xE6FB, 0xF79D, 0xE73C, 0x528A, 0x9451, 0xCE38, 0xC5F7, 0xBDD6, 0xBDD6, 0xC5F7, 0xC5F7, 0xBDD6, 0xBDD6, 0xC5F7, 0xC5F7, 0xC617,
  0xC5F7, 0xC5F7, 0xC617, 0xC617, 0xC617, 0xCE38, 0xC5F7, 0xC5D7, 0xC617, 0xCE38, 0xC617, 0xCE38, 0xD679, 0xCE59, 0xD679, 0xCE39,
  0xDE9A, 0xD69A, 0xCE79, 0xCE58, 0xC638, 0xCE79, 0x18A2, 0x1882, 0x20C3, 0x1862, 0x1862, 0x1061, 0x1062, 0x1882, 0x18A2, 0x1041,
  0x18A2, 0x18A2, 0x1041, 0x1862, 0x20C3, 0x1882, 0x1882, 0x20C3, 0x2924, 0x3145, 0x4A08, 0x5A8A, 0x62AA, 0x5A8A, 0x5A6A, 0x5A8A,
  0x5228, 0x39A6, 0x2904, 0x2924, 0x2903, 0x20C2, 0x3165, 0x3145, 0xBDB6, 0x8C30, 0x41C7, 0x736D, 0x8C50, 0xCE18, 0xB554, 0xAD34,
  0x83CE, 0x3986, 0xAD34, 0xCE18, 0xB575, 0x83EF, 0x2904, 0x39A6, 0xA4F3, 0xDEDB, 0xE73C, 0xF79D, 0xE73C, 0x5AEB, 0x9C92, 0xD659,
  0xBD96, 0xBD96, 0xBD96, 0xBDB6, 0xBDB6, 0xBDB6, 0xBDB6, 0xBDB6, 0xC5D7, 0xC5D7, 0xC5F7, 0xCE18, 0xC5F7, 0xC5F7, 0xC5F7, 0xC617,
  0xC617, 0xC5F7, 0xC5F7, 0xC617, 0xC5F7, 0xCE38, 0xCE38, 0xD679, 0xD679, 0xD659, 0xD659, 0xD699, 0xD679, 0xCE58, 0xCE58, 0xD679,
  0x1882, 0x18A3, 0x20C3, 0x1882, 0x1061, 0x1882, 0x1882, 0x18A2, 0x1882, 0x1061, 0x18A2, 0x1882, 0x1882, 0x1882, 0x20C3, 0x20A3,
  0x20C3, 0x20C3, 0x18A2, 0x20C3, 0x5229, 0x62EB, 0x5A8A, 0x5A8A, 0x5A8A, 0x62AB, 0x5249, 0x3165, 0x2903, 0x2904, 0x1882, 0x18A2,
  0x2924, 0x2904, 0xBDB6, 0x9450, 0x4A28, 0x736D, 0x83EF, 0xD679, 0xBDB6, 0xB575, 0x738D, 0x2924, 0xAD34, 0xC5F7, 0xAD34, 0x7BAE,
  0x3165, 0x39A6, 0x9C92, 0xE71B, 0xE71B, 0xF79D, 0xE71C, 0x630C, 0x9C92, 0xC5F7, 0xBD96, 0xB555, 0xB575, 0xBD96, 0xBDB6, 0xBD96,
  0xBDB6, 0xBDB6, 0xC5B6, 0xC5F7, 0xC5F7, 0xCDF7, 0xC5F7, 0xC617, 0xC5F7, 0xCE38, 0xCE18, 0xC5F7, 0xC5F7, 0xC5F7, 0xC5F7, 0xCE38,
  0xCE58, 0xCE38, 0xCE38, 0xD679, 0xD679, 0xCE38, 0xCE38, 0xCE17, 0xCE58, 0xCE58, 0x1862, 0x1882, 0x1041, 0x18A2, 0x1041, 0x1061,
  0x1882, 0x20A3, 0x1061, 0x1041, 0x1882, 0x1882, 0x1882, 0x1882, 0x18A2, 0x1882, 0x20C3, 0x20C3, 0x20C3, 0x20C3, 0x4A28, 0x62AB,
  0x62CB, 0x62CB, 0x62CB, 0x62CB, 0x5249, 0x41C6, 0x3165, 0x20E3, 0x1881, 0x1882, 0x20E3, 0x2924, 0xBDB6, 0x83CF, 0x4A28, 0x6B0B,
  0x734D, 0xD679, 0xB575, 0xAD13, 0x7BAE, 0x3165, 0xB554, 0xC5D7, 0x9471, 0x6B2C, 0x3165, 0x4A08, 0x83EF, 0xB595, 0xDEBA, 0xF79D,
  0xDE9A, 0x9492, 0xA4F3, 0xBDB6, 0xB575, 0xAD34, 0xB554, 0xB575, 0xB575, 0xB575, 0xBDB6, 0xBDB6, 0xBDB6, 0xC5D6, 0xBDB6, 0xC5D6,
  0xC617, 0xC617, 0xCE38, 0xC617, 0xBDD6, 0xBDB6, 0xC5D7, 0xC5F7, 0xC617, 0xCE38, 0xCE38, 0xCE18, 0xCE38, 0xD679, 0xCE58, 0xC617,
  0xC617, 0xCE18, 0xCE38, 0xCE18, 0x18A2, 0x18A2, 0x1882, 0x1882, 0x0820, 0x0820, 0x1061, 0x1041, 0x1041, 0x0820, 0x0820, 0x1041,
  0x1862, 0x1882, 0x1882, 0x1882, 0x1882, 0x1882, 0x20C3, 0x18A2, 0x39A6, 0x5A69, 0x5A69, 0x5A8A, 0x5249, 0x5228, 0x49E7, 0x39A6,
  0x3985, 0x20E3, 0x18A2, 0x18A2, 0x20E3, 0x3145, 0xBD96, 0x734C, 0x41C7, 0x62EB, 0x6B2C, 0xEF1B, 0xAD34, 0x8C30, 0x734C, 0x41E7,
  0xB554, 0xCE18, 0x9451, 0x62EB, 0x2903, 0x3165, 0x3145, 0x7B8E, 0xBD96, 0xF79E, 0xD679, 0x9CB2, 0x9451, 0xB575, 0xB554, 0xB555,
  0xB575, 0xAD34, 0xAD13, 0xAD34, 0xB575, 0xBD95, 0xBD95, 0xBDB6, 0xBDB6, 0xC5B6, 0xC5F7, 0xC617, 0xC5F7, 0xC5F7, 0xC5F7, 0xC5F7,
  0xC617, 0xC5F7, 0xC617, 0xC617, 0xC5F7, 0xCE58, 0xCE58, 0xCE38, 0xC5F7, 0xC5F7, 0xC617, 0xCE38, 0xC617, 0xCE58, 0x1062, 0x1041,
  0x1882, 0x1882, 0x1041, 0x1061, 0x1021, 0x1061, 0x1061, 0x1041, 0x1061, 0x1041, 0x20A3, 0x1882, 0x1882, 0x1061, 0x1882, 0x20A3,
  0x20C3, 0x28E4, 0x41C7, 0x5229, 0x5269, 0x6B0C, 0x5A8A, 0x5249, 0x49E7, 0x3165, 0x20C2, 0x1882, 0x18A2, 0x1881, 0x20C2, 0x3165,
  0xA4D2, 0x5249, 0x4A28, 0x62EB, 0x62EB, 0xE6FB, 0x9C91, 0x83CE, 0x6B2B, 0x4A07, 0x8BEF, 0xCE38, 0x9471, 0x5AAA, 0x18A2, 0x2904,
  0x3165, 0x7B8E, 0xB555, 0xFF9E, 0xCDF8, 0x8C10, 0x8C2F, 0xB574, 0xB554, 0xAD33, 0xB575, 0xAD13, 0xA4D2, 0xAD34, 0xB554, 0xB595,
  0xBD95, 0xBD95, 0xBD95, 0xBDB6, 0xBDD6, 0xBDD6, 0xC5F7, 0xC5F7, 0xC617, 0xC617, 0xC5F7, 0xC5D7, 0xBDB6, 0xBDD6, 0xC617, 0xCE18,
  0xC617, 0xC5F7, 0xC5D7, 0xC617, 0xCE18, 0xC617, 0xCE18, 0xCE18, 0x1041, 0x1061, 0x0820, 0x1021, 0x1062, 0x1041, 0x0821, 0x0820,
  0x0820, 0x1041, 0x18A2, 0x18A2, 0x1882, 0x1882, 0x1061, 0x1041, 0x1061, 0x18A2, 0x18A2, 0x20C3, 0x3165, 0x4A28, 0x5A69, 0x5269,
  0x5249, 0x5249, 0x4A28, 0x3165, 0x20A2, 0x1061, 0x1061, 0x1881, 0x18A2, 0x39A6, 0xA4D2, 0x5A89, 0x5AAA, 0x6B0C, 0x83CF, 0xAD34,
  0x8C0F, 0x8C0F, 0x6B2C, 0x4A08, 0x6B2C, 0xD659, 0x9471, 0x62CB, 0x20C2, 0x3985, 0x4A28, 0x83EF, 0xDE9A, 0xF77D, 0x9C92, 0x62EB,
  0x8C0F, 0xAD54, 0xAD13, 0xAD13, 0xAD33, 0x9CB1, 0x9491, 0xA4D2, 0xAD13, 0xAD54, 0xB575, 0xB554, 0xBD95, 0xBDB5, 0xBDB6, 0xBDB6,
  0xC5F7, 0xCE18, 0xCE17, 0xC5F7, 0xBDD6, 0xBDB6, 0xBDD6, 0xC5F7, 0xC5F7, 0xC5F7, 0xC5F7, 0xC5F7, 0xC5F7, 0xC617, 0xCE38, 0xCE18,
  0xCE18, 0xC5F7, 0x1062, 0x1882, 0x1041, 0x0821, 0x1041, 0x1061, 0x1061, 0x0820, 0x0821, 0x0820, 0x0821, 0x0841, 0x0820, 0x1061,
  0x1882, 0x1882, 0x1882, 0x1881, 0x1881, 0x20C2, 0x3165, 0x4A28, 0x5228, 0x5248, 0x5249, 0x4A28, 0x4A08, 0x3144, 0x20C2, 0x18C2,
  0x0841, 0x1061, 0x18A2, 0x3145, 0x6B0B, 0x4A28, 0x5249, 0x4A08, 0x734C, 0xCE38, 0xA513, 0x8C0F, 0x62CA, 0x41E7, 0x5A89, 0xA4F3,
  0x7BAE, 0x6B0B, 0x20E3, 0x3145, 0x6B0C, 0x83EF, 0xCE17, 0xE6FB, 0x7B8E, 0x5249, 0x734C, 0xA4D2, 0x9C91, 0x9CD2, 0xA4D2, 0x9C91,
  0x9471, 0x9CB1, 0xA4F3, 0xAD34, 0xAD34, 0xB554, 0xBD95, 0xB574, 0xBD95, 0xBD96, 0xC5D6, 0xC5D6, 0xBDB6, 0xBDB6, 0xBDD6, 0xB595,
  0xBDB6, 0xBDD6, 0xBDB6, 0xBDB6, 0xC617, 0xC617, 0xC617, 0xCE38, 0xCE38, 0xCE38, 0xCE18, 0xC617, 0x1041, 0x1041, 0x1041, 0x0820,
  0x0841, 0x0820, 0x0821, 0x1061, 0x0821, 0x0821, 0x0841, 0x1061, 0x0800, 0x0820, 0x1061, 0x1041, 0x1041, 0x18A2, 0x18A2, 0x20C2,
  0x3165, 0x39A6, 0x4A08, 0x5248, 0x5A8A, 0x5249, 0x49E7, 0x2904, 0x18A2, 0x18A2, 0x1061, 0x1040, 0x1882, 0x20E3, 0x3165, 0x4A28,
  0x4A08, 0x62AA, 0x83CE, 0xE6DA, 0x9CD2, 0x736C, 0x62EB, 0x5A89, 0x62CA, 0x734D, 0x734D, 0x5269, 0x3144, 0x39A6, 0x5A8A, 0xA4F3,
  0xDEBA, 0xB575, 0x62CB, 0x4A48, 0x62EB, 0x9CB2, 0x9451, 0x9CB2, 0x9CB2, 0x9470, 0x9C91, 0xA4D2, 0xA4D2, 0xB554, 0xB574, 0xB554,
  0xB554, 0xB595, 0xB555, 0xB575, 0xC5D6, 0xC5D6, 0xBD96, 0xBDD6, 0xBDD6, 0xBDB6, 0xB595, 0xBDB6, 0xC5F7, 0xCE18, 0xCE58, 0xCE58,
  0xD679, 0xD679, 0xC617, 0xC617, 0xCE38, 0xCE18, 0x1041, 0x1062, 0x0800, 0x0000, 0x0841, 0x0000, 0x0000, 0x0820, 0x0000, 0x0000,
  0x0000, 0x0020, 0x0820, 0x0800, 0x0800, 0x1021, 0x0820, 0x1881, 0x20C3, 0x20E3, 0x20E3, 0x41C6, 0x41C6, 0x4A08, 0x4A08, 0x41E7,
  0x41C7, 0x2904, 0x1881, 0x1061, 0x0820, 0x0820, 0x1861, 0x20C3, 0x20E3, 0x5248, 0x7BAE, 0x9C92, 0xA4F3, 0x9C91, 0xA4D2, 0x9C91,
  0x9471, 0x83CE, 0x7BAE, 0x8C10, 0x7B8D, 0x39A6, 0x2903, 0x3165, 0x734C, 0xE6DB, 0xF77D, 0xB555, 0x5A89, 0x39A6, 0x5AAA, 0x8C30,
  0x9450, 0x9C91, 0x9450, 0x8C0F, 0x9450, 0x9CB1, 0x9CB1, 0xA4D2, 0xAD33, 0xAD54, 0xB554, 0xB574, 0xB554, 0xB575, 0xBDB6, 0xBDB6,
  0xBDB6, 0xC5F7, 0xC617, 0xCE38, 0xCE38, 0xCE38, 0xCE38, 0xD699, 0xCE58, 0xD659, 0xDEBA, 0xD679, 0xC5F7, 0xC5F7, 0xC617, 0xCE38,
  0x1882, 0x1062, 0x0820, 0x0000, 0x0841, 0x0020, 0x0000, 0x0000, 0x0000, 0x0000, 0x0000, 0x0000, 0x0800, 0x0800, 0x0800, 0x0820,
  0x1041, 0x0820, 0x20E3, 0x2924, 0x20E3, 0x3165, 0x3145, 0x3145, 0x41A6, 0x39A6, 0x3965, 0x2903, 0x1882, 0x18A2, 0x1081, 0x1041,
  0x1041, 0x20C2, 0x2903, 0x41C6, 0x62EB, 0x5A8A, 0x5249, 0x4A28, 0x6B0B, 0x62EB, 0x5248, 0x41E7, 0x41E7, 0x526A, 0x3986, 0x2944,
  0x3145, 0x3144, 0x4A08, 0xA4F3, 0xCE17, 0x734D, 0x41C7, 0x20E3, 0x5249, 0x83EF, 0x8C30, 0x9451, 0x8C30, 0x840F, 0x8C30, 0x9CB2,
  0xA4F2, 0xA4F3, 0xAD13, 0xAD13, 0xAD13, 0xAD34, 0xB554, 0xB554, 0xBD95, 0xBDB6, 0xC5D6, 0xC5D6, 0xCE38, 0xCE58, 0xCE58, 0xCE58,
  0xCE38, 0xCE58, 0xD679, 0xD679, 0xD679, 0xD679, 0xC617, 0xC5F7, 0xC5F7, 0xCE38, 0x1061, 0x1082, 0x0821, 0x0000, 0x0020, 0x0020,
  0x0020, 0x0000, 0x0000, 0x0000, 0x0000, 0x0020, 0x0820, 0x0820, 0x0820, 0x0841, 0x1882, 0x1881, 0x20C2, 0x2903, 0x2924, 0x39A6,
  0x49E7, 0x49E7, 0x5269, 0x5A8A, 0x4A07, 0x2924, 0x18A2, 0x18A2, 0x1041, 0x0820, 0x1040, 0x18A2, 0x2924, 0x20C3, 0x18A2, 0x20C3,
  0x2944, 0x3165, 0x2924, 0x2924, 0x18C2, 0x18A2, 0x18A2, 0x18A2, 0x20E3, 0x20C3, 0x18A2, 0x18C3, 0x18C3, 0x736D, 0x6B2C, 0x3165,
  0x4A28, 0x3165, 0x41E7, 0x738D, 0x840F, 0x8C50, 0x8C0F, 0x83EF, 0x8C30, 0x9471, 0xA4F3, 0xAD13, 0xA4F3, 0xA4F3, 0xA4D3, 0xA4F3,
  0xAD34, 0xB595, 0xB575, 0xBD95, 0xBD95, 0xBDB6, 0xCE17, 0xCE37, 0xD658, 0xD658, 0xCE38, 0xCE59, 0xCE79, 0xCE79, 0xD679, 0xC617,
  0xBDD6, 0xC5F7, 0xC617, 0xCE38, 0x0841, 0x1062, 0x0020, 0x0020, 0x0020, 0x0000, 0x0000, 0x0000, 0x0000, 0x0000, 0x0000, 0x0821,
  0x0841, 0x0820, 0x1061, 0x18A2, 0x2924, 0x28E3, 0x3144, 0x3986, 0x3985, 0x3986, 0x4A08, 0x5249, 0x5A69, 0x5A89, 0x4A28, 0x39A6,
  0x20E3, 0x20A2, 0x1882, 0x1881, 0x2903, 0x2904, 0x1882, 0x1061, 0x18C2, 0x1082, 0x1081, 0x18A2, 0x20E3, 0x20E3, 0x18A2, 0x18A2,
  0x18A2, 0x18A2, 0x18A2, 0x1882, 0x1882, 0x1061, 0x18C3, 0x4A48, 0x39A6, 0x39C6, 0x3165, 0x2924, 0x2924, 0x5ACA, 0x7BCE, 0x83EF,
  0x840F, 0x83EF, 0x83EF, 0x8C30, 0x9450, 0x9C92, 0xA4D2, 0x9CB2, 0x9C91, 0xA4D2, 0xAD13, 0xAD13, 0xAD13, 0xAD34, 0xB574, 0xBDB5,
  0xC5F7, 0xCE17, 0xC5F6, 0xC5F6, 0xCE58, 0xCE38, 0xC5F7, 0xC638, 0xCE58, 0xBDD6, 0xC5F7, 0xC5D7, 0xC5F7, 0xC617, 0x0841, 0x0841,
  0x0820, 0x0000, 0x0820, 0x0020, 0x0820, 0x0000, 0x0000, 0x0000, 0x0000, 0x0020, 0x1061, 0x1041, 0x2104, 0x3165, 0x39A6, 0x41E7,
  0x41E7, 0x4207, 0x4207, 0x3986, 0x41C7, 0x4A48, 0x5249, 0x4A28, 0x4A28, 0x39A6, 0x41C7, 0x9CB2, 0xBD95, 0x9CB2, 0xC5D6, 0x5269,
  0x18A2, 0x2903, 0x18A2, 0x20E3, 0x18A2, 0x1081, 0x1081, 0x18A2, 0x18C3, 0x20C3, 0x18A2, 0x18A2, 0x1061, 0x1061, 0x18A2, 0x18A2,
  0x18C3, 0x18A2, 0x20E3, 0x18C2, 0x20E3, 0x2924, 0x20E3, 0x2103, 0x62EB, 0x736D, 0x7B8E, 0x83CF, 0x8C0F, 0x9450, 0x9471, 0x9471,
  0x9451, 0x9471, 0x9471, 0x9471, 0x9471, 0x9C91, 0x9C91, 0xA4D2, 0xAD33, 0xAD34, 0xB554, 0xBDB5, 0xBDB6, 0xBDB6, 0xBDD6, 0xBDD6,
  0xC5D6, 0xC617, 0xCE38, 0xBDD6, 0xBDB6, 0xBDB6, 0xBDB6, 0xBDB6, 0x1062, 0x1061, 0x0841, 0x0821, 0x0841, 0x1061, 0x0820, 0x0841,
  0x0020, 0x0000, 0x0000, 0x0020, 0x1041, 0x20C3, 0x18C3, 0x4A49, 0x7BAE, 0x8C30, 0x9CD2, 0x9CB2, 0x9471, 0x736D, 0x738D, 0x840F,
  0x736D, 0x6B2C, 0x62EB, 0x5AAA, 0x5269, 0xBD95, 0xBD96, 0xC5D7, 0x8C30, 0x20C3, 0x2924, 0x2924, 0x20C3, 0x18C2, 0x18A2, 0x18C2,
  0x2103, 0x20E3, 0x18C3, 0x18A2, 0x18A2, 0x1041, 0x1061, 0x1061, 0x1882, 0x18A2, 0x20C3, 0x20E3, 0x2924, 0x20E3, 0x2103, 0x20E3,
  0x2944, 0x2103, 0x41C7, 0x39C6, 0x4A48, 0x62EB, 0x62CA, 0x83EF, 0x7BAE, 0x7BAE, 0x83EF, 0x8C30, 0x9450, 0x9451, 0x8C30, 0x9450,
  0x9CB1, 0x9C91, 0xA4D2, 0xA4F3, 0xAD33, 0xB574, 0xC5D6, 0xB575, 0xB554, 0xBDB6, 0xC5F7, 0xC5F7, 0xBDB6, 0xB595, 0xBDB6, 0xBD96,
  0xBD96, 0xB575, 0x1882, 0x0841, 0x0000, 0x1061, 0x0820, 0x0841, 0x2924, 0x0820, 0x0000, 0x0861, 0x0841, 0x0861, 0x20E3, 0x39A6,
  0x18A2, 0xB575, 0xFFFF, 0xF79D, 0xFFFF, 0xFFFF, 0xFFFF, 0xFFDF, 0xF77D, 0xFFBE, 0xFFBE, 0xFFDE, 0xFFBE, 0xFFDE, 0xCE18, 0xB575,
  0xCE17, 0xBD95, 0x4A07, 0x2903, 0x3165, 0x2903, 0x20E3, 0x2103, 0x2103, 0x2944, 0x20E3, 0x2924, 0x2924, 0x2924, 0x2103, 0x20E3,
  0x20C3, 0x18A2, 0x18C2, 0x18A2, 0x2103, 0x41C7, 0x41C7, 0x41C7, 0x39A6, 0x3185, 0x3185, 0x4A28, 0x9CD3, 0x83EF, 0x9451, 0x9471,
  0x9491, 0x9C92, 0x4207, 0x5AAA, 0x9450, 0x8C0F, 0x8C0F, 0x8C0F, 0x83EF, 0x83EF, 0x8C30, 0x8C2F, 0x9450, 0xA4F3, 0xB554, 0xB575,
  0xBD95, 0xAD34, 0xAD54, 0xB574, 0xB575, 0xB554, 0xB554, 0xB595, 0xBDB6, 0xBDB6, 0xBDB6, 0xB555, 0x1061, 0x5AAA, 0xA4F3, 0xB575,
  0xA4F3, 0xA4F3, 0xE6FB, 0xAD34, 0x2124, 0x0020, 0x1061, 0x0861, 0x2924, 0x4A49, 0x41E7, 0xC5D7, 0xDEBA, 0xFFDF, 0xF7BE, 0xF7BE,
  0xF7BE, 0xF79E, 0xEF5D, 0xF77E, 0xF77D, 0xF79E, 0xEF5D, 0xEF5D, 0xC5F7, 0xC617, 0xC5F7, 0x5ACA, 0x2903, 0x2923, 0x2923, 0x2903,
  0x2924, 0x2103, 0x18C2, 0x20E3, 0x2924, 0x3144, 0x2924, 0x3144, 0x20E3, 0x2924, 0x2103, 0x2923, 0x2923, 0x2924, 0x3164, 0x4A28,
  0x41E7, 0x41E7, 0x39C6, 0x39C6, 0x41C7, 0xA514, 0xFFFF, 0xFFFF, 0xFFFF, 0xFFFF, 0xFFFF, 0xFFFF, 0xA4F3, 0x41E7, 0x83EF, 0x83EF,
  0x83EF, 0x7BAE, 0x7BAE, 0x7B8E, 0x83CE, 0x8C10, 0x9450, 0x9C72, 0xA4B2, 0xA4D2, 0xAD34, 0xB554, 0xAD13, 0x9CB1, 0xA4D2, 0x9CB1,
  0xA4F3, 0xB555, 0xBD96, 0xC5D7, 0xBDB6, 0xB575, 0x8C10, 0xFFBE, 0xFFDF, 0xF77D, 0xF79E, 0xF79E, 0xEF3C, 0xFFFF, 0xD6BA, 0x2945,
  0x18A2, 0x0841, 0x18C3, 0x41C7, 0x62EB, 0xAD34, 0x8C10, 0xFFDE, 0xEF7D, 0xE73C, 0xDEDB, 0xD6BA, 0xCE59, 0xCE38, 0xC5F8, 0xC618,
  0xC5F7, 0xCE58, 0x6B0C, 0xB595, 0xB575, 0x5249, 0x62EB, 0x732C, 0x6B0B, 0x62CA, 0x6B2C, 0x736D, 0x6B2C, 0x6B2C, 0x5AAA, 0x5ACA,
  0x6B2C, 0x62EB, 0x5269, 0x5289, 0x5269, 0x5ACA, 0x62EB, 0x738E, 0x7BAE, 0x7BCE, 0x738D, 0x736D, 0x9C92, 0xB5B6, 0x734D, 0xC5D7,
  0xE71C, 0xEF5D, 0xFFFF, 0xFFFF, 0xFFFF, 0xF7BE, 0x840F, 0x3186, 0x83CF, 0x7BAE, 0x83CE, 0x7BAE, 0x7BAE, 0x7B8D, 0x7BAE, 0x7B8D,
  0x83EF, 0x9430, 0x9C92, 0xA4F3, 0x9CB2, 0xA4D2, 0xA4D2, 0x8C2F, 0x8C30, 0x8C2F, 0x9CB1, 0xB554, 0xBDB6, 0xC5D7, 0xC5D7, 0xBD95,
  0xFFBE, 0xE71C, 0xE6FB, 0xE6DB, 0xDEBA, 0xE6DB, 0xE71C, 0xE6FB, 0xFFFF, 0xB5B6, 0x0861, 0x0861, 0x18C2, 0x3165, 0x4A28, 0x62EB,
  0x3165, 0x7BCF, 0xC618, 0xCE58, 0xB5B6, 0xBDD6, 0xCE18, 0xCE38, 0xCE38, 0xDEBA, 0xD699, 0xD679, 0x738D, 0xAD34, 0xF77D, 0xF77D,
  0xFFDF, 0xFFDE, 0xFFFF, 0xFFFF, 0xFFFF, 0xFFFF, 0xFFFF, 0xFFFF, 0xFFFF, 0xFFFF, 0xFFFF, 0xFFFF, 0xFFBE, 0xFFDF, 0xFFFF, 0xFFDF,
  0xFFBF, 0xFFFF, 0xFFFF, 0xFFFF, 0xFFFF, 0xFFFF, 0xFFFF, 0xDEDB, 0x736E, 0x738E, 0x5AAA, 0xA4D3, 0xB596, 0xA534, 0xEF7D, 0xD699,
  0x4208, 0x3165, 0x6B0C, 0x736D, 0x7BAE, 0x7B8E, 0x7B8E, 0x736D, 0x736D, 0x6B2C, 0x738D, 0x83EF, 0x8C30, 0x9CB2, 0x9CB2, 0x9491,
  0x9450, 0x8C0F, 0x3985, 0x62EB, 0xA513, 0xAD34, 0xBD96, 0xBDB6, 0xB575, 0xAD13, 0xF77D, 0xDEDB, 0xDEDB, 0xDEBA, 0xD69A, 0xDEDB,
  0xDEDB, 0xE6FB, 0xEF3C, 0xFFFF, 0x52AA, 0x0840, 0x1882, 0x2924, 0x5ACB, 0x528A, 0x5ACB, 0x5ACA, 0x5AAA, 0x630B, 0x7BAE, 0x738D,
  0x736D, 0x7BAE, 0x6B4C, 0x734C, 0x736D, 0x736D, 0x8C30, 0x9C92, 0xAD54, 0x9471, 0x9CD2, 0x9471, 0x8C30, 0x8C30, 0x9CD2, 0xAD54,
  0xBDB6, 0xAD54, 0xBDD6, 0xC617, 0xC617, 0xC617, 0xCE58, 0xCE58, 0xD679, 0xE71B, 0xEF5C, 0xE71B, 0xE6FB, 0xEF3C, 0xE6FB, 0xD679,
  0x83EF, 0x5AAA, 0x5ACB, 0x39C7, 0x3166, 0x4208, 0x5289, 0x3186, 0x4228, 0x5269, 0x3165, 0x2944, 0x62CB, 0x6B0B, 0x7B8E, 0x734D,
  0x7B8D, 0x6B2C, 0x736D, 0x7B8D, 0x7B8D, 0x7BAE, 0x83CF, 0x9471, 0x9C91, 0x9CB1, 0x9C91, 0x734C, 0x20E2, 0x2103, 0x736D, 0x9C91,
  0xAD14, 0xBD95, 0xAD14, 0xA4D3, 0xEF5D, 0xEF3C, 0xC5F7, 0xCE38, 0xE71C, 0xDEDB, 0xDEDA, 0xE6FB, 0xE71C, 0xFFBE, 0xAD54, 0x0020,
  0x1061, 0x2904, 0x4A08, 0x5249, 0x5289, 0x62CA, 0x5289, 0x4A28, 0x5ACA, 0x630B, 0x5269, 0x62CA, 0x5AAA, 0x41E7, 0x41E7, 0x62EB,
  0x734D, 0x7B8E, 0x734C, 0x62EB, 0x5ACB, 0x62EB, 0x5269, 0x4A28, 0x5ACA, 0x5289, 0x62CA, 0x62EB, 0x6B4C, 0x736D, 0x632C, 0x6B2C,
  0x6B6D, 0x632C, 0x7B8D, 0x8C50, 0x83EE, 0x83EE, 0x9450, 0x8C30, 0x83CF, 0x7BAE, 0x736D, 0x840F, 0x8C51, 0x8C30, 0x738D, 0x7BAE,
  0x6B4C, 0x6B4C, 0x4A69, 0x39A6, 0x2124, 0x3145, 0x5269, 0x4A08, 0x5AAA, 0x6B2C, 0x7B8E, 0x7B8D, 0x83CF, 0x83EF, 0x83EF, 0x83CF,
  0x83EF, 0x8C30, 0x9471, 0x9C91, 0xA4D3, 0x4A07, 0x1061, 0x1881, 0x4A28, 0x9CB2, 0xAD13, 0xB554, 0xAD34, 0xA4D2, 0xC618, 0x8C51,
  0xDEDB, 0xDEDB, 0x9492, 0xDEBA, 0xDEFB, 0xDEFB, 0xE6FC, 0xF79E, 0xCE59, 0x1061, 0x1882, 0x18A2, 0x3144, 0x41C6, 0x3986, 0x4A08,
  0x4A07, 0x5249, 0x5269, 0x5A89, 0x5269, 0x6B0B, 0x5AAA, 0x5AAA, 0x5A89, 0x736D, 0x736D, 0x62EB, 0x736D, 0x62EB, 0x5269, 0x62EB,
  0x6B2C, 0x62CB, 0x6B2C, 0x736D, 0x6B2C, 0x83CE, 0x83CE, 0x7B8D, 0x83CE, 0x9C91, 0x9450, 0x9470, 0x9490, 0x9470, 0x9491, 0x9CD2,
  0x9CD2, 0x9471, 0x9C92, 0x9451, 0x8C10, 0x9471, 0x9CD2, 0x9CD2, 0x9491, 0x8C30, 0x736D, 0x83EF, 0x736D, 0x5AAA, 0x4A07, 0x39A6,
  0x41A7, 0x39A6, 0x41C7, 0x4A08, 0x62AA, 0x62EB, 0x734C, 0x7B8D, 0x7BAE, 0x83CF, 0x8C30, 0x9451, 0x9471, 0x9C92, 0xAD14, 0x5A6A,
  0x1041, 0x1062, 0x4A08, 0xB554, 0xA4F3, 0xA4F2, 0xA4F2, 0xA4F3, 0xBDB7, 0xC5F8, 0xB5B6, 0x7BEF, 0x4A69, 0xE73C, 0xDEDA, 0xDEFB,
  0xE6FC, 0xF77D, 0xD67A, 0x18C3, 0x1061, 0x1881, 0x41C6, 0x5A8A, 0x5249, 0x4A08, 0x41E7, 0x5269, 0x62EB, 0x62CA, 0x6B0C, 0x734D,
  0x6B2C, 0x734D, 0x6B2C, 0x7B8D, 0x736D, 0x734C, 0x736D, 0x6B2C, 0x734C, 0x734C, 0x736D, 0x6B2C, 0x736D, 0x738D, 0x6B0B, 0x734C,
  0x7B8D, 0x7BAD, 0x8C0F, 0x9471, 0x9C91, 0xA4D2, 0xA4F2, 0xA513, 0xB595, 0xBDB5, 0xB574, 0xB596, 0xB555, 0xAD34, 0xAD34, 0x9492,
  0x9CD2, 0xAD54, 0xB575, 0x9CD2, 0x9471, 0x9471, 0x734D, 0x6B4C, 0x5ACA, 0x3986, 0x41C7, 0x3145, 0x2904, 0x20E3, 0x2924, 0x3165,
  0x41C6, 0x41E7, 0x41C7, 0x41E7, 0x5249, 0x6AEC, 0x7B8E, 0x9451, 0x9471, 0x3165, 0x1041, 0x3986, 0x20C3, 0x83EF, 0x9CB2, 0x83CE,
  0x83EF, 0x83EF, 0xF79E, 0xE6FB, 0xCE79, 0xAD75, 0xBDD6, 0xEF3C, 0xDEDB, 0xDEDB, 0xE71C, 0xEF7D, 0xD6BA, 0x20E4, 0x1882, 0x20C3,
  0x4A28, 0x6B0C, 0x5289, 0x62CA, 0x62CA, 0x5A89, 0x62EB, 0x6B0B, 0x734D, 0x8C0F, 0x7BAE, 0x7B8D, 0x83CF, 0x9450, 0x9471, 0x8C30,
  0x83CF, 0x83EF, 0x83EF, 0x83CE, 0x7B8D, 0x7BAE, 0x7B8D, 0x736C, 0x738D, 0x738D, 0x8C0F, 0x9C91, 0xA4D2, 0xA4D2, 0xA513, 0xA4F2,
  0xAD34, 0xAD13, 0xBDB6, 0xC5F7, 0xBDB6, 0xBDD6, 0xB575, 0xB596, 0xBD96, 0xB575, 0xA534, 0xAD34, 0xB575, 0xAD34, 0x9491, 0x9451,
  0x83EF, 0x8C30, 0x5AAA, 0x2103, 0x20E4, 0x20E3, 0x2104, 0x20E3, 0x20E4, 0x20E3, 0x2924, 0x18A2, 0x1061, 0x2904, 0x3145, 0x3125,
  0x3165, 0x41E7, 0x41E7, 0x20E3, 0x1061, 0x2904, 0x18A2, 0x41E7, 0x6B0B, 0x4A07, 0x5249, 0x5248, 0xEF5D, 0xD69A, 0xDEFB, 0xE71C,
  0xDEDA, 0xDEDA, 0xDEFB, 0xDEDB, 0xE71C, 0xF79E, 0xCE59, 0x0841, 0x18A2, 0x2903, 0x4A28, 0x734D, 0x734C, 0x736D, 0x734D, 0x6B2C,
  0x6B0C, 0x736D, 0x7B8D, 0x8C30, 0x83EF, 0x83CF, 0x8C0F, 0x8C30, 0x8C10, 0x8C0F, 0x7BAE, 0x83CE, 0x736D, 0x7BAE, 0x6B2B, 0x6B4C,
  0x738D, 0x7B8D, 0x7BAE, 0x7BAE, 0x9450, 0xA513, 0xAD13, 0xAD33, 0xBD95, 0xB595, 0xB575, 0xAD54, 0xBD96, 0xD659, 0xD659, 0xD699,
  0xCE79, 0xD6BA, 0xD679, 0xCE59, 0xCE58, 0xC5F7, 0xC617, 0xCE17, 0xB554, 0xB555, 0x9CD2, 0x9471, 0x41E7, 0x20C3, 0x18C2, 0x18C2,
  0x20E3, 0x20C3, 0x20C3, 0x20C3, 0x28E4, 0x20C3, 0x18A3, 0x20E3, 0x2904, 0x3986, 0x3165, 0x3145, 0x41C7, 0x2904, 0x0800, 0x39A6,
  0x20E3, 0x20E3, 0x5269, 0x5249, 0x5A8A, 0x6AEB, 0xDEDB, 0xDEBB, 0xDEDB, 0xDEDB, 0xD6BA, 0xDEFB, 0xDEFB, 0xDEFB, 0xDEFB, 0xFFDF,
  0x8410, 0x0000, 0x1882, 0x20C3, 0x39C6, 0x83EF, 0x8C10, 0x7BAE, 0x736D, 0x7BAE, 0x734D, 0x62EB, 0x7B8D, 0x83EF, 0x7B8E, 0x734C,
  0x7B8D, 0x83CE, 0x8C0F, 0x8C0F, 0x83EF, 0x8C0F, 0x7B8D, 0x83CE, 0x6B2B, 0x6B0B, 0x6B2B, 0x734C, 0x840F, 0x8C2F, 0x83EF, 0x9C91,
  0x9CB1, 0xAD34, 0xAD34, 0xBDB6, 0xBDD6, 0xB575, 0xB596, 0xC617, 0xCE59, 0xD699, 0xDEDA, 0xE71B, 0xDEDB, 0xDEDB, 0xDEFB, 0xDEDB,
  0xE71C, 0xE71B, 0xD699, 0xCE58, 0xCE38, 0xB595, 0x20E3, 0x1061, 0x1082, 0x0841, 0x1061, 0x18C3, 0x18C3, 0x18A3, 0x1882, 0x1862,
  0x20E4, 0x20A3, 0x28E4, 0x3145, 0x41E7, 0x41E7, 0x2904, 0x49E7, 0x8C10, 0xDEDB, 0x9CB3, 0x1061, 0x2904, 0x41C7, 0x5249, 0x5A8A,
  0x630C, 0xEF7D, 0xDEDB, 0xDEDB, 0xDEDB, 0xDEFB, 0xE6FB, 0xDEFB, 0xE71C, 0xCE59, 0x2104, 0x0861, 0x1041, 0x20C3, 0x2924, 0x9451,
  0xA4F3, 0x9471, 0x9C91, 0x9471, 0x9451, 0x8C10, 0x9471, 0x9CB2, 0x9471, 0x9451, 0x9471, 0x9C92, 0xAD14, 0xA4F3, 0xAD13, 0xA4D2,
  0x9470, 0x8C2F, 0x8C0F, 0x9470, 0x9450, 0x8C50, 0x9491, 0x9CB1, 0x9470, 0xA4D2, 0xBDD6, 0xD679, 0xD679, 0xD69A, 0xD699, 0xC638,
  0xCE79, 0xD679, 0xD69A, 0xE71C, 0xE6FB, 0xE6FB, 0xDEFB, 0xE71C, 0xE71C, 0xE73C, 0xEF5D, 0xE73C, 0xE71C, 0xDEFB, 0xE6FB, 0xBDF7,
  0x0841, 0x0820, 0x0841, 0x0841, 0x0020, 0x0861, 0x18C3, 0x1082, 0x1882, 0x20E3, 0x20C3, 0x3125, 0x3986, 0x41C7, 0x4A08, 0x49E7,
  0x3986, 0x5228, 0xD659, 0xF79E, 0xCE38, 0x2904, 0x3125, 0x3165, 0x3165, 0x4A08, 0x9471, 0xEF3D, 0xDEFB, 0xDEDB, 0xDEDB, 0xDEFB,
  0xDEFB, 0xE71C, 0xE73C, 0x2965, 0x0020, 0x18C3, 0x1061, 0x20E3, 0x18C3, 0x8C10, 0xDEBA, 0xC5D7, 0xC5D7, 0xB554, 0xAD34, 0xAD34,
  0xA4F3, 0x9CB2, 0xAD13, 0xAD34, 0xB575, 0xAD13, 0xAD13, 0xA4D3, 0x9CB2, 0x9CB2, 0x9471, 0x8C30, 0x840F, 0x9470, 0x9C91, 0x8C50,
  0x83EF, 0x8C2F, 0x840F, 0x9470, 0xB595, 0xC5F7, 0xCE58, 0xCE38, 0xC638, 0xC5F7, 0xCE59, 0xC617, 0xBDD6, 0xCE59, 0xD699, 0xCE79,
  0xD699, 0xD6BA, 0xDEDA, 0xD6BA, 0xDEFB, 0xDEDB, 0xDEBA, 0xC638, 0xCE38, 0x9472, 0x0000, 0x0020, 0x0000, 0x0000, 0x0000, 0x0000,
  0x0841, 0x1082, 0x1882, 0x20E3, 0x2904, 0x3124, 0x3125, 0x3165, 0x39A6, 0x41A6, 0x49E8, 0x2904, 0x1882, 0x6B2C, 0x5269, 0x1882,
  0x2924, 0x2904, 0x2904, 0x3165, 0xF7BE, 0xDEFB, 0xE6FC, 0xE71C, 0xE71C, 0xE71C, 0xE71C, 0xEF3D, 0xF79E, 0xAD55, 0x39A7, 0x20E3,
  0x18A2, 0x18A2, 0x18C3, 0x528A, 0x9CD3, 0x9C91, 0xA4D2, 0x8C30, 0x9CB2, 0xA4D2, 0x83EF, 0x7BAE, 0x7BAE, 0x9CB2, 0xA4D3, 0xA4D2,
  0x9450, 0x736D, 0x7BAE, 0x8C30, 0x7BAE, 0x7BAE, 0x83CE, 0x83EF, 0x6B4C, 0x83EF, 0x7BCE, 0x738D, 0x9491, 0xAD33, 0xBDD6, 0xC617,
  0xC5D7, 0xC618, 0xCE79, 0xDEBA, 0xE73C, 0xDEDA, 0xCE58, 0xCE58, 0xD6BA, 0xD6BA, 0xD69A, 0xCE79, 0xC638, 0xD6BA, 0xDEFB, 0xDEFB,
  0xDEDA, 0xBDB6, 0xD67A, 0x73AE, 0x0000, 0x0020, 0x0000, 0x0000, 0x0000, 0x0000, 0x0841, 0x1061, 0x1061, 0x2904, 0x2904, 0x2904,
  0x2904, 0x3165, 0x3986, 0x3165, 0x41C7, 0x39A6, 0x8C10, 0xFFBE, 0x9CB2, 0x1041, 0x2924, 0x3145, 0x3145, 0x39A6, 0x4A69, 0xA514,
  0xB596, 0xC618, 0xD6BA, 0xE6FC, 0xE73C, 0xEF5D, 0xF79E, 0xFFFF, 0xE6FC, 0x3165, 0x1082, 0x20C3, 0x18A2, 0x2104, 0x5269, 0x3985,
  0x4A07, 0x3986, 0x3165, 0x39A6, 0x2924, 0x20C3, 0x20C2, 0x3986, 0x39A6, 0x3165, 0x3144, 0x20E3, 0x2904, 0x20E3, 0x20E3, 0x2903,
  0x3144, 0x3165, 0x2924, 0x2965, 0x3185, 0x2944, 0x31A6, 0x5AAA, 0x5289, 0x62EB, 0x5A8A, 0x630B, 0x6B4D, 0x840F, 0x840F, 0x6B6D,
  0x8C50, 0xAD54, 0xB5B6, 0xA513, 0xAD75, 0xAD55, 0xA513, 0xBDD7, 0xC638, 0xBDD7, 0xBDF7, 0xAD55, 0xBDD7, 0x4A49, 0x0000, 0x0020,
  0x0000, 0x0000, 0x0000, 0x0000, 0x0020, 0x1061, 0x18A2, 0x18A2, 0x18A2, 0x2904, 0x2904, 0x20E3, 0x3165, 0x3125, 0x3145, 0x3125,
  0x3986, 0xA4D3, 0x62EB, 0x1882, 0x3145, 0x3986, 0x3145, 0x3986, 0x0000, 0x4A49, 0x7BAE, 0x8C51, 0xA513, 0xB596, 0xCE58, 0xD69A,
  0xBD96, 0x528A, 0x3186, 0x1061, 0x1882, 0x1061, 0x1041, 0x3165, 0x5AAA, 0x41C6, 0x5269, 0x4A07, 0x3986, 0x41C7, 0x3165, 0x3165,
  0x3985, 0x41C6, 0x3144, 0x2903, 0x20E3, 0x18A2, 0x1862, 0x1061, 0x0820, 0x0820, 0x1061, 0x0840, 0x20E3, 0x2965, 0x3165, 0x3165,
  0x2944, 0x4A48, 0x5ACA, 0x5AA9, 0x5ACA, 0x6B2C, 0x736D, 0x7BAE, 0x9470, 0x62EB, 0x5ACA, 0x738D, 0x8C30, 0x8410, 0x738E, 0x6B4C,
  0x630B, 0x9CD2, 0x8C71, 0x630C, 0x7BAE, 0x7BCF, 0x6B4D, 0x10A2, 0x0000, 0x0000, 0x0000, 0x0000, 0x0020, 0x0020, 0x0841, 0x1061,
  0x20C3, 0x20C3, 0x2903, 0x3145, 0x3145, 0x2903, 0x3145, 0x3145, 0x28E3, 0x2904, 0x20E3, 0x20C2, 0x18A2, 0x3145, 0x3124, 0x3165,
  0x39A6, 0x39A6, 0x39C6, 0x2103, 0x1081, 0x2924, 0x20E3, 0x3165, 0x4A28, 0x5269, 0x6B4C, 0x39A6, 0x20E3, 0x2945, 0x3145, 0x20C2,
  0x1881, 0x3985, 0x41C6, 0x39A6, 0x3986, 0x3144, 0x3165, 0x2903, 0x2903, 0x2904, 0x3185, 0x3164, 0x3144, 0x2903, 0x20E3, 0x1041,
  0x1041, 0x1061, 0x0840, 0x0841, 0x1082, 0x0861, 0x1081, 0x18A2, 0x18A2, 0x20E3, 0x2944, 0x4A28, 0x4A48, 0x4A48, 0x7BAD, 0x9CD2,
  0xB575, 0xBDD6, 0xCE17, 0x9CD2, 0x9450, 0xC5F7, 0xDEDA, 0xDEDA, 0xCE58, 0xCE38, 0xC638, 0xD6BA, 0xDEBA, 0xDEDB, 0xD659, 0xA4D3,
  0x9471, 0x2945, 0x0000, 0x0000, 0x0000, 0x0020, 0x0020, 0x0861, 0x1081, 0x18A2, 0x20E3, 0x2924, 0x3185, 0x3165, 0x3185, 0x2944,
  0x3165, 0x3145, 0x2924, 0x2924, 0x2924, 0x2903, 0x2903, 0x2904, 0x20A2, 0x3965, 0x3965, 0x3165, 0x7B8D, 0x6B4C, 0x62EB, 0x6B4C,
  0x6B2C, 0x62EB, 0x840F, 0x7B8D, 0x7BCE, 0x6B2C, 0x5AAA, 0x62EB, 0x62EB, 0x5A8A, 0x41E7, 0x4A08, 0x5269, 0x5AAA, 0x5269, 0x4A08,
  0x39A6, 0x3165, 0x3144, 0x2924, 0x41C6, 0x2903, 0x18A2, 0x18A2, 0x20A2, 0x20E3, 0x20A2, 0x20C3, 0x0820, 0x0820, 0x1041, 0x0841,
  0x0841, 0x0840, 0x0820, 0x0840, 0x0820, 0x18C2, 0x2924, 0x3144, 0x5ACA, 0x738D, 0x734C, 0x736D, 0x9C91, 0x9471, 0x840F, 0xA4F3,
  0xB595, 0xBDD6, 0xB595, 0xBDD7, 0xBDD6, 0xBDF7, 0xCE58, 0xD69A, 0xCE38, 0xB575, 0xBDD7, 0x630C, 0x0841, 0x1082, 0x0861, 0x0861,
  0x0840, 0x1081, 0x1882, 0x20C2, 0x20E3, 0x3165, 0x41E7, 0x2945, 0x39A6, 0x3986, 0x3985, 0x3986, 0x3986, 0x3165, 0x3165, 0x2924,
  0x2924, 0x3965, 0x3165, 0x3986, 0x3145, 0x39A6, 0x7B8D, 0x736C, 0x736D, 0x8C30, 0x8C50, 0x7BCE, 0x9C92, 0x738D, 0x6B4C, 0x7BAE,
  0x7B8D, 0x8C30, 0x83CE, 0x7B8E, 0x62CB, 0x62CA, 0x736D, 0x6B2C, 0x62EB, 0x5AAA, 0x5248, 0x4A28, 0x41E7, 0x41E7, 0x6B4C, 0x62EA,
  0x734C, 0x6B0B, 0x5228, 0x5A89, 0x5269, 0x5269, 0x2924, 0x0841, 0x3145, 0x3165, 0x3145, 0x5AAA, 0x630B, 0x39C6, 0x3165, 0x20E3,
  0x2903, 0x39C6, 0x5268, 0x4A48, 0x5A89, 0x5AA9, 0x7BAE, 0x9470, 0x840F, 0xAD14, 0xC5F7, 0xC5D7, 0xCE17, 0xC617, 0xBDD7, 0xC638,
  0xD679, 0xDE9A, 0xC5F7, 0xB596, 0xB596, 0x736D, 0x10A2, 0x2104, 0x2104, 0x20E3, 0x18C3, 0x18E3, 0x20C3, 0x20E3, 0x3986, 0x39A6,
  0x41E7, 0x41E7, 0x3186, 0x3145, 0x3965, 0x3145, 0x3165, 0x3165, 0x39A6, 0x2904, 0x2904, 0x28E3, 0x3145, 0x3124, 0x2924, 0x3145
};

const uint16_t life_05[10800] = {
  0xEF9F, 0xEF9F, 0xEF9F, 0xEF9F, 0xEF9F, 0xEF9F, 0xEF9F, 0xEF9F, 0xEF9F, 0xEF9F, 0xEF9F, 0xEF9F, 0xEF9F, 0xEF9F, 0xEF9F, 0xEF9F,
  0xEF9F, 0xEF9F, 0xEF7F, 0xE77F, 0xE77F, 0xE77F, 0xE77F, 0xE77F, 0xE77F, 0xE77F, 0xE77F, 0xE77F, 0xE77F, 0xE77F, 0xE77F, 0xE77F,
  0xE77F, 0xE77F, 0xE77F, 0xE77F, 0xE75F, 0xE75F, 0xE75F, 0xE75F, 0xE75F, 0xE75F, 0xE75F, 0xE75F, 0xE75F, 0xE75F, 0xDF5F, 0xDF5F,
  0xDF7F, 0xDF7F, 0xDF7F, 0xDF7F, 0xDF5F, 0xDF5F, 0xD75F, 0xD75F, 0xD75F, 0xD73F, 0xD73F, 0xD73F, 0xD73F, 0xD73F, 0xD73F, 0xD73F,
  0xD73F, 0xD73F, 0xD73F, 0xD73F, 0xD73F, 0xD73F, 0xD73F, 0xD73F, 0xD73F, 0xD73F, 0xD73F, 0xD73F, 0xD73F, 0xD73F, 0xD73F, 0xD73F,
  0xD73F, 0xD71F, 0xCF1F, 0xD71F, 0xCEFE, 0xD71E, 0xCEDC, 0x9D55, 0xADB5, 0x9D52, 0xEF9F, 0xEF9F, 0xEF9F, 0xEF9F, 0xEF9F, 0xEF9F,
  0xEF9F, 0xEF9F, 0xEF9F, 0xEF9F, 0xEF9F, 0xEF9F, 0xEF9F, 0xEF9F, 0xEF9F, 0xEF9F, 0xEF9F, 0xEF9F, 0xEF7F, 0xE77F, 0xE77F, 0xE77F,
  0xE77F, 0xE77F, 0xE77F, 0xE77F, 0xE77F, 0xE77F, 0xE77F, 0xE77F, 0xE77F, 0xE77F, 0xE77F, 0xE77F, 0xE77F, 0xE77F, 0xE75F, 0xE75F,
  0xE75F, 0xE77F, 0xE77F, 0xE77F, 0xE77F, 0xE77F, 0xE75F, 0xE75F, 0xDF5F, 0xDF7F, 0xDF7F, 0xDF7F, 0xDF7F, 0xDF7F, 0xDF5F, 0xDF5F,
  0xD75F, 0xD75F, 0xD75F, 0xD73F, 0xD73F, 0xD73F, 0xD73F, 0xD73F, 0xD73F, 0xD73F, 0xD73F, 0xD73F, 0xD73F, 0xD73F, 0xD73F, 0xD73F,
  0xD73F, 0xD73F, 0xD73F, 0xD73F, 0xD73F, 0xD73F, 0xD73F, 0xD73F, 0xD73F, 0xD71F, 0xCF1F, 0xCF1E, 0xD71F, 0xD71F, 0xD73F, 0xDF5F,
  0xBE5B, 0xADB8, 0xBE18, 0xC658, 0xEF9F, 0xEF9F, 0xEF9F, 0xEF9F, 0xEF9F, 0xEF9F, 0xEF9F, 0xEF9F, 0xEF9F, 0xEF9F, 0xEF9F, 0xEF9F,
  0xEF9F, 0xEF9F, 0xEF9F, 0xEF9F, 0xEF9F, 0xEF9F, 0xEF7F, 0xE77F, 0xE77F, 0xE77F, 0xE77F, 0xE77F, 0xE77F, 0xE77F, 0xE77F, 0xE77F,
  0xE77F, 0xE77F, 0xE77F, 0xE77F, 0xE77F, 0xE77F, 0xE77F, 0xE77F, 0xE75F, 0xE75F, 0xE75F, 0xE77F, 0xE77F, 0xDF7F, 0xDF5F, 0xDF5F,
  0xDF5F, 0xDF5F, 0xDF5F, 0xDF7F, 0xDF7F, 0xDF7F, 0xDF7F, 0xDF7F, 0xDF5F, 0xDF5F, 0xD75F, 0xD75F, 0xD75F, 0xD73F, 0xD73F, 0xD73F,
  0xD73F, 0xD73F, 0xD73F, 0xD73F, 0xD73F, 0xD73F, 0xD73F, 0xD73F, 0xD73F, 0xD73F, 0xD73F, 0xD73F, 0xD73F, 0xD73F, 0xD73F, 0xD73F,
  0xD73F, 0xD71F, 0xCF1E, 0xD71F, 0xD73F, 0xD73F, 0xD73F, 0xD73F, 0xCEDD, 0xC69C, 0xD6FD, 0xD71D, 0xC67A, 0xADB6, 0xEF9F, 0xEF9F,
  0xEF9F, 0xEF9F, 0xEF9F, 0xEF9F, 0xEF9F, 0xEF9F, 0xEF9F, 0xEF9F, 0xEF9F, 0xEF9F, 0xEF9F, 0xEF9F, 0xEF9F, 0xEF9F, 0xEF9F, 0xEF9F,
  0xEF7F, 0xEF7F, 0xE77F, 0xE77F, 0xE77F, 0xE77F, 0xE77F, 0xE77F, 0xE77F, 0xE77F, 0xE77F, 0xE77F, 0xE77F, 0xE77F, 0xE77F, 0xE77F,
  0xE75F, 0xE75F, 0xE75F, 0xE75F, 0xE75F, 0xDF7F, 0xDF7F, 0xDF5F, 0xDF5F, 0xDF5F, 0xDF5F, 0xDF5F, 0xDF5F, 0xDF7F, 0xDF7F, 0xDF7F,
  0xDF5F, 0xDF5F, 0xDF5F, 0xDF5F, 0xDF5F, 0xD75F, 0xD75F, 0xD75F, 0xD75F, 0xD75F, 0xD73F, 0xD73F, 0xD73F, 0xD73F, 0xD73F, 0xD73F,
  0xD73F, 0xD73F, 0xD73F, 0xD73F, 0xD73F, 0xD73F, 0xD73F, 0xD73F, 0xCF1F, 0xCF1E, 0xCF1E, 0xCF1E, 0xD73F, 0xD73F, 0xD73F, 0xD73F,
  0xD73F, 0xD75F, 0xCEDD, 0xBE5B, 0xB618, 0xA5D7, 0xA576, 0xADB5, 0xEF9F, 0xEF9F, 0xEF9F, 0xEF9F, 0xEF9F, 0xEF9F, 0xEF9F, 0xEF9F,
  0xEF9F, 0xEF9F, 0xEF9F, 0xEF9F, 0xEF9F, 0xEF9F, 0xEF9F, 0xEF9F, 0xEF9F, 0xEF9F, 0xEF7F, 0xEF7F, 0xE77F, 0xE77F, 0xE77F, 0xE77F,
  0xE77F, 0xE77F, 0xE77F, 0xE77F, 0xE77F, 0xE77F, 0xE77F, 0xE77F, 0xE77F, 0xE77F, 0xE75F, 0xE75F, 0xE75F, 0xE75F, 0xE75F, 0xDF7F,
  0xDF7F, 0xDF7F, 0xDF5F, 0xDF5F, 0xDF5F, 0xDF5F, 0xDF5F, 0xDF7F, 0xDF7F, 0xDF7F, 0xDF5F, 0xDF5F, 0xDF5F, 0xDF5F, 0xDF5F, 0xD75F,
  0xD75F, 0xD75F, 0xD75F, 0xD75F, 0xD73F, 0xD73F, 0xD73F, 0xD73F, 0xD73F, 0xD73F, 0xD73F, 0xD73F, 0xD73F, 0xD73F, 0xD73F, 0xD71F,
  0xCF1E, 0xCF1E, 0xD71F, 0xD73F, 0xD73F, 0xD73E, 0xD73E, 0xD73E, 0xD71E, 0xD73E, 0xD71E, 0xCF1D, 0xD71D, 0xD71D, 0xBE5A, 0xB63A,
  0xD71E, 0xDF3D, 0xEFBF, 0xEFBF, 0xEF9F, 0xEF9F, 0xEF9F, 0xEF9F, 0xEF9F, 0xEF9F, 0xEF9F, 0xEF9F, 0xE79F, 0xE79F, 0xE79F, 0xE79F,
  0xE79F, 0xE79F, 0xE79F, 0xE79F, 0xEF7F, 0xEF7F, 0xE77F, 0xE77F, 0xE77F, 0xE77F, 0xE77F, 0xE77F, 0xE77F, 0xE77F, 0xE77F, 0xE77F,
  0xE77F, 0xE77F, 0xE77F, 0xE77F, 0xE77F, 0xE77F, 0xE77F, 0xE75F, 0xE77F, 0xDF7F, 0xDF7F, 0xDF7F, 0xDF7F, 0xDF7F, 0xDF5F, 0xDF5F,
  0xDF5F, 0xDF5F, 0xDF7F, 0xDF5F, 0xDF5F, 0xDF5F, 0xDF5F, 0xDF5F, 0xDF5F, 0xD73F, 0xD73F, 0xD73F, 0xD73F, 0xD73F, 0xD73F, 0xD73F,
  0xD73F, 0xD73F, 0xD73F, 0xD73F, 0xD73F, 0xD73F, 0xD71F, 0xD71E, 0xD71E, 0xD71E, 0xD73F, 0xD73F, 0xD73F, 0xD73F, 0xD71E, 0xD71E,
  0xD71E, 0xD71E, 0xD71E, 0xD71E, 0xD73E, 0xD73E, 0xD71E, 0xDF5F, 0xC6BC, 0xD6FD, 0xD6FD, 0xCE9A, 0xEFBF, 0xEFBF, 0xEFBF, 0xEFBF,
  0xEFBF, 0xEFBF, 0xEFBF, 0xEF9F, 0xEF9F, 0xEF9F, 0xE79F, 0xE79F, 0xE79F, 0xE79F, 0xE79F, 0xE79F, 0xE79F, 0xE79F, 0xEF7F, 0xEF7F,
  0xE77F, 0xE77F, 0xE77F, 0xE77F, 0xE77F, 0xE77F, 0xE77F, 0xE77F, 0xE77F, 0xE77F, 0xE77F, 0xE77F, 0xE77F, 0xE77F, 0xE77F, 0xE77F,
  0xE77F, 0xE77F, 0xE77F, 0xDF7F, 0xDF7F, 0xDF7F, 0xDF7F, 0xDF7F, 0xDF7E, 0xDF5F, 0xDF5F, 0xDF5F, 0xDF5F, 0xDF5F, 0xDF5F, 0xDF5F,
  0xDF5F, 0xDF7F, 0xDF5F, 0xDF5F, 0xDF5F, 0xD75F, 0xD73F, 0xD73F, 0xD75F, 0xD75F, 0xD73F, 0xD73F, 0xD73F, 0xD73F, 0xD73F, 0xD73F,
  0xD71E, 0xD73E, 0xD73E, 0xD71E, 0xD71E, 0xD71E, 0xD71E, 0xCF1E, 0xD71F, 0xD71F, 0xD71F, 0xD71F, 0xD73F, 0xD73E, 0xD73E, 0xD73E,
  0xD73E, 0xD73E, 0xCEDD, 0xBE5A, 0xBE39, 0x9D13, 0xEFBF, 0xEFBF, 0xEF9F, 0xEF9F, 0xEF9F, 0xEF9F, 0xEF9F, 0xEF9F, 0xEF9F, 0xEF9F,
  0xE79F, 0xE79F, 0xE79F, 0xE79F, 0xE79F, 0xE79F, 0xE79F, 0xE77F, 0xE77F, 0xE77F, 0xE77F, 0xE77F, 0xE77F, 0xE77F, 0xE77F, 0xE77F,
  0xE77F, 0xE77F, 0xE77F, 0xE77F, 0xE77F, 0xE77F, 0xE77F, 0xE77F, 0xE77F, 0xE77F, 0xDF7F, 0xE77F, 0xE77F, 0xDF7F, 0xDF7F, 0xDF7F,
  0xDF5F, 0xDF5F, 0xDF5E, 0xDF5F, 0xDF5F, 0xDF5F, 0xDF5F, 0xDF5F, 0xDF5F, 0xDF7F, 0xDF7F, 0xDF7F, 0xDF7F, 0xDF5F, 0xDF5F, 0xDF5F,
  0xD75F, 0xD75F, 0xDF5F, 0xDF5F, 0xDF5F, 0xD71E, 0xCEFE, 0xCF1E, 0xCEFE, 0xD71E, 0xD73F, 0xD71E, 0xD71E, 0xD73F, 0xD73F, 0xD73F,
  0xD73F, 0xD73F, 0xD73F, 0xD73F, 0xD73F, 0xD71F, 0xD71F, 0xD73E, 0xD73E, 0xD73E, 0xD73E, 0xD73E, 0xCEBC, 0xBE19, 0xBE39, 0xAD75,
  0xEF9F, 0xEF9F, 0xEF9F, 0xEF9F, 0xEF9F, 0xEF9F, 0xEF9F, 0xEF9F, 0xEF9F, 0xEF9F, 0xE79F, 0xE79F, 0xE79F, 0xE79F, 0xE79F, 0xE79F,
  0xE79F, 0xE77F, 0xE77F, 0xE77F, 0xE77F, 0xE77F, 0xE77F, 0xE77F, 0xE77F, 0xE77F, 0xE77F, 0xE77F, 0xE77F, 0xE77F, 0xE75F, 0xE77F,
  0xE77F, 0xE77F, 0xE77F, 0xE77F, 0xE77F, 0xE77F, 0xE77F, 0xDF5F, 0xDF5F, 0xDF5F, 0xDF5F, 0xDF5F, 0xDF7F, 0xDF7F, 0xDF7F, 0xDF7F,
  0xDF7F, 0xDF5F, 0xDF5F, 0xDF5F, 0xDF7F, 0xDF7F, 0xDF5F, 0xDF5F, 0xDF5F, 0xD75F, 0xD73F, 0xD73E, 0xD73E, 0xD71E, 0xCEFE, 0xCF1E,
  0xD71F, 0xD73F, 0xD73F, 0xD73F, 0xD73F, 0xD75F, 0xD73F, 0xD73F, 0xD73F, 0xD73F, 0xD73F, 0xD73F, 0xD73F, 0xD73F, 0xD73F, 0xD73F,
  0xD73F, 0xD73E, 0xD73E, 0xD73E, 0xD73E, 0xCEFD, 0xBE3A, 0xBE39, 0xB5F8, 0xAD96, 0xE79F, 0xE79F, 0xE79F, 0xE79F, 0xE79F, 0xEF9F,
  0xEF9F, 0xEF9F, 0xE79F, 0xE79F, 0xE79F, 0xE79F, 0xE79F, 0xE79F, 0xE79F, 0xE79F, 0xE79F, 0xE77F, 0xE77F, 0xE77F, 0xE77F, 0xE77F,
  0xE77F, 0xE77F, 0xE77F, 0xE77F, 0xE77F, 0xE77F, 0xE77F, 0xE77F, 0xE75F, 0xE77F, 0xE77F, 0xE77F, 0xE77F, 0xE77F, 0xE77F, 0xE77F,
  0xE77F, 0xE77F, 0xE77F, 0xE77F, 0xDF5F, 0xDF5F, 0xDF7F, 0xDF7F, 0xDF7F, 0xDF7F, 0xDF7F, 0xDF7F, 0xDF7F, 0xDF5F, 0xDF5F, 0xDF5F,
  0xDF5F, 0xD73E, 0xD73E, 0xD73E, 0xCEFE, 0xCEFD, 0xD71E, 0xD73F, 0xD73F, 0xDF5F, 0xD75F, 0xD75F, 0xD73F, 0xD73F, 0xD73F, 0xD73F,
  0xD73F, 0xD73F, 0xD73F, 0xD73F, 0xD73F, 0xD73F, 0xD73F, 0xD73F, 0xD73F, 0xD73F, 0xD73F, 0xD73E, 0xD73E, 0xD73E, 0xD73E, 0xCF1E,
  0xD71D, 0xCEFC, 0xCEDC, 0xDF5D, 0xE77F, 0xE77F, 0xE77F, 0xE77F, 0xE77F, 0xEF9F, 0xEF9F, 0xE79F, 0xE79F, 0xE79F, 0xE79F, 0xE79F,
  0xE79F, 0xE79F, 0xE79F, 0xE79F, 0xE79F, 0xE77F, 0xE77F, 0xE77F, 0xE77F, 0xE77F, 0xE77F, 0xE77F, 0xE77F, 0xE77F, 0xE77F, 0xE77F,
  0xE77F, 0xE77F, 0xE77F, 0xE77F, 0xE77F, 0xE77F, 0xE77F, 0xE77F, 0xE77F, 0xE77F, 0xE77F, 0xDF5F, 0xE77F, 0xDF7F, 0xDF7F, 0xDF7F,
  0xDF5F, 0xDF7F, 0xDF5F, 0xDF5F, 0xDF5F, 0xDF5F, 0xD73E, 0xD73E, 0xD75E, 0xD75E, 0xD73E, 0xD73E, 0xD73E, 0xD73E, 0xDF5F, 0xDF5F,
  0xD75F, 0xDF5F, 0xD75F, 0xD75F, 0xD75F, 0xD73F, 0xD73F, 0xD73F, 0xD73F, 0xD73F, 0xD73F, 0xD73F, 0xD73F, 0xD73F, 0xD73F, 0xD73F,
  0xD73F, 0xD73F, 0xD73F, 0xD73F, 0xD73F, 0xD73F, 0xD73F, 0xD73E, 0xD73F, 0xD73F, 0xCF1D, 0xD73E, 0xD73F, 0xCEFD, 0xEF7F, 0xEF7F,
  0xEF7F, 0xEF7F, 0xEF7F, 0xEF9F, 0xEF9F, 0xEF9F, 0xE79F, 0xE79F, 0xE79F, 0xE79F, 0xE79F, 0xE79F, 0xE79F, 0xE77F, 0xE77F, 0xE77F,
  0xE77F, 0xE77F, 0xE77F, 0xE77F, 0xE77F, 0xE77F, 0xE77F, 0xE77F, 0xE77F, 0xE77F, 0xE77F, 0xE77F, 0xE77F, 0xE77F, 0xE77F, 0xE77F,
  0xE77F, 0xE77F, 0xE77E, 0xE77F, 0xE77F, 0xDF5F, 0xE77F, 0xDF7F, 0xDF5F, 0xDF5F, 0xDF5F, 0xDF5F, 0xDF5F, 0xDF5F, 0xDF5F, 0xDF5F,
  0xDF5F, 0xDF5F, 0xDF3E, 0xDF3E, 0xD73E, 0xDF5F, 0xDF7F, 0xDF5F, 0xDF5F, 0xD75F, 0xD73F, 0xD73F, 0xD73F, 0xD73F, 0xD73F, 0xD73F,
  0xD73F, 0xD73F, 0xD73F, 0xD73F, 0xD73F, 0xD73F, 0xD73F, 0xD73F, 0xD73F, 0xD73F, 0xD73F, 0xD73F, 0xD73F, 0xD73F, 0xD73F, 0xD73F,
  0xD73F, 0xD73F, 0xD73F, 0xD73F, 0xD73F, 0xD75F, 0xD75F, 0xD73E, 0xEF9F, 0xEF9F, 0xEF9F, 0xEF9F, 0xEF9F, 0xEF9F, 0xEF9F, 0xEF9F,
  0xE79F, 0xE79F, 0xEF9F, 0xEF9F, 0xEF9F, 0xEF9F, 0xEF9F, 0xE77F, 0xE77F, 0xE77F, 0xE77F, 0xE77F, 0xE77F, 0xE77F, 0xE77F, 0xE77F,
  0xE77F, 0xE77F, 0xE77F, 0xE77F, 0xE77F, 0xE77F, 0xE77F, 0xE77F, 0xE77F, 0xE77F, 0xE77F, 0xE77F, 0xE75F, 0xE75E, 0xE75F, 0xDF5F,
  0xDF5E, 0xDF5F, 0xE77F, 0xDF5F, 0xE77F, 0xE77F, 0xE77F, 0xE77F, 0xDF5F, 0xDF5F, 0xDF3E, 0xDF5F, 0xDF5F, 0xDF5F, 0xDF5F, 0xDF7F,
  0xDF7F, 0xDF5F, 0xDF5F, 0xD75F, 0xD75F, 0xD75F, 0xD75F, 0xD75F, 0xD75F, 0xD73F, 0xD73F, 0xD73F, 0xD73F, 0xD73F, 0xD73F, 0xD73F,
  0xD73F, 0xD73F, 0xD73F, 0xD73F, 0xD73F, 0xD73F, 0xD73E, 0xD73E, 0xD73E, 0xD73F, 0xD73F, 0xD73F, 0xD73F, 0xD73F, 0xDF3E, 0xD73E,
  0xD73F, 0xD71D, 0xEF9F, 0xEF9F, 0xEF9F, 0xEF9F, 0xEF9F, 0xEF9F, 0xEF9F, 0xEF9F, 0xEF9F, 0xEF9F, 0xEF9F, 0xEF9F, 0xEF9F, 0xEF9F,
  0xEF7F, 0xEF7F, 0xEF7F, 0xEF9F, 0xEF9F, 0xE77F, 0xE77F, 0xE77F, 0xE77F, 0xE77F, 0xE77F, 0xE77F, 0xE77F, 0xE77F, 0xE75F, 0xE75F,
  0xE75F, 0xE75F, 0xE75F, 0xE75E, 0xE75E, 0xE75E, 0xE75E, 0xE75E, 0xE77F, 0xE77F, 0xE77F, 0xE75F, 0xE77F, 0xE77F, 0xE77F, 0xE75F,
  0xDF3F, 0xDF3E, 0xDF5F, 0xDF5F, 0xE77F, 0xE77F, 0xDF7F, 0xDF5F, 0xDF5F, 0xDF5F, 0xDF5F, 0xDF5F, 0xDF5F, 0xDF5F, 0xDF5F, 0xD75F,
  0xDF5F, 0xD75F, 0xD75F, 0xD73F, 0xD73F, 0xD73F, 0xD73F, 0xD73F, 0xD73F, 0xD73F, 0xD73F, 0xD73F, 0xD73F, 0xD73F, 0xD73E, 0xD73E,
  0xD73E, 0xD73E, 0xD73E, 0xDF3F, 0xDF3F, 0xDF3F, 0xDF3F, 0xDF3F, 0xDF5E, 0xDF5E, 0xDF5F, 0xD71C, 0xEF9F, 0xEF9F, 0xEF9F, 0xEF9F,
  0xEF9F, 0xEF9F, 0xEF9F, 0xEF9F, 0xEF9F, 0xEF9F, 0xEF7F, 0xEF7F, 0xEF7F, 0xEF7F, 0xEF9F, 0xEF9F, 0xEF9F, 0xEF9F, 0xEF9F, 0xEF9F,
  0xE77F, 0xE77F, 0xE77F, 0xE77F, 0xE77E, 0xE77F, 0xE77F, 0xE77E, 0xE75F, 0xE75F, 0xE75F, 0xE77F, 0xE77F, 0xE77F, 0xE77F, 0xE77F,
  0xE77F, 0xE77F, 0xE77F, 0xE77F, 0xE77F, 0xE77F, 0xE75E, 0xDF3E, 0xE73F, 0xE73F, 0xE75F, 0xE75F, 0xE75F, 0xE75F, 0xE75F, 0xE75F,
  0xE77F, 0xDF5F, 0xDF5F, 0xDF5F, 0xDF5F, 0xDF5F, 0xDF5F, 0xDF5F, 0xDF5F, 0xD75F, 0xDF5F, 0xD75F, 0xD75F, 0xD73F, 0xD73F, 0xD73F,
  0xD75F, 0xD73E, 0xD73E, 0xD73F, 0xD73F, 0xD73E, 0xD73E, 0xD73E, 0xD73E, 0xD73E, 0xD73E, 0xD73E, 0xDF5F, 0xDF5F, 0xDF3F, 0xDF3F,
  0xDF3F, 0xDF3F, 0xE73E, 0xE73E, 0xDF3D, 0xD6FA, 0xEF9F, 0xEF9F, 0xEF9F, 0xEF9F, 0xEF9F, 0xEF9F, 0xEF9F, 0xEF9F, 0xEF9F, 0xEF9F,
  0xEF7F, 0xEF7F, 0xEF7F, 0xEF9F, 0xEF9F, 0xEF9F, 0xEF9F, 0xEF9F, 0xEF7F, 0xEF7F, 0xE77F, 0xE75E, 0xE77E, 0xEF7E, 0xEF5E, 0xEF7E,
  0xEF9F, 0xEF7F, 0xEF7F, 0xEF7F, 0xEF7F, 0xEF7F, 0xEF7F, 0xEF7F, 0xEF7F, 0xEF7F, 0xEF7F, 0xEF9F, 0xEF7F, 0xE77E, 0xE75E, 0xE75E,
  0xE75E, 0xE77F, 0xE77F, 0xE77F, 0xE77F, 0xE75F, 0xE75F, 0xE75F, 0xE75F, 0xE75F, 0xE75F, 0xE75F, 0xE75F, 0xE75F, 0xE75F, 0xDF5F,
  0xDF5F, 0xDF5F, 0xDF5F, 0xDF5F, 0xDF5F, 0xDF5F, 0xDF5F, 0xD73E, 0xD75E, 0xD75E, 0xD75E, 0xD75F, 0xDF5F, 0xDF5F, 0xDF5F, 0xD73E,
  0xD73E, 0xD73E, 0xDF3E, 0xDF3E, 0xDF3E, 0xDF3E, 0xDF5E, 0xDF3E, 0xE73E, 0xE73F, 0xE73F, 0xE73F, 0xE73F, 0xE75E, 0xD6FB, 0xB5D4,
  0xEF9F, 0xEF9F, 0xEF9F, 0xEF9F, 0xEF9F, 0xEF9F, 0xEF9F, 0xF79F, 0xF79F, 0xF79F, 0xEF7F, 0xEF7F, 0xEF7F, 0xEF7E, 0xEF7E, 0xEF7E,
  0xF77E, 0xF79F, 0xEF7F, 0xEF7F, 0xEF7F, 0xF79F, 0xF79F, 0xEF9F, 0xF79F, 0xF79F, 0xEF7E, 0xEF7E, 0xEF7F, 0xEF7F, 0xF77F, 0xF77F,
  0xF77F, 0xEF7F, 0xEF7F, 0xEF7F, 0xEF5E, 0xEF5E, 0xEF5E, 0xEF7E, 0xEF5E, 0xEF5E, 0xEF7F, 0xEF7F, 0xE77F, 0xE77F, 0xE77F, 0xE77F,
  0xE77F, 0xE77F, 0xE77F, 0xE77F, 0xE75F, 0xE75F, 0xE75F, 0xE75F, 0xE75F, 0xE75F, 0xE75F, 0xE75F, 0xE75F, 0xE75F, 0xDF5F, 0xDF5F,
  0xDF5F, 0xDF5F, 0xDF5E, 0xDF5E, 0xDF5E, 0xDF5F, 0xDF5F, 0xDF3E, 0xDF3E, 0xDF3E, 0xDF3E, 0xDF3E, 0xDF5F, 0xDF5F, 0xDF5E, 0xDF5E,
  0xDF5E, 0xE73E, 0xE73F, 0xE73F, 0xE73F, 0xE73E, 0xE73F, 0xEF7F, 0xD6BA, 0x94AF, 0xEF9F, 0xEF9F, 0xEF9F, 0xEF9F, 0xEF9F, 0xEF9F,
  0xEF9F, 0xEF9F, 0xEF7F, 0xEF7F, 0xEF7F, 0xF79F, 0xF79F, 0xF79F, 0xF79F, 0xF7BF, 0xF7BF, 0xF7BF, 0xF79F, 0xF79F, 0xF79F, 0xF79F,
  0xF79F, 0xF79F, 0xF79F, 0xF79F, 0xF79F, 0xF79E, 0xEF7F, 0xEF7F, 0xEF7F, 0xF79F, 0xF79F, 0xF79F, 0xEF7E, 0xEF7E, 0xEF7E, 0xEF7E,
  0xEF7E, 0xEF7F, 0xEF7F, 0xEF5E, 0xEF7F, 0xEF7F, 0xE77F, 0xE77F, 0xE77F, 0xE77F, 0xE77F, 0xE77F, 0xE77F, 0xE77F, 0xE75F, 0xE75F,
  0xE75F, 0xE75F, 0xE75F, 0xE75F, 0xE75F, 0xE75F, 0xE75F, 0xE75F, 0xE75F, 0xE75F, 0xE75F, 0xE75F, 0xE75F, 0xE75F, 0xE75F, 0xDF3F,
  0xDF3E, 0xDF3E, 0xDF3E, 0xDF3E, 0xDF3E, 0xDF3E, 0xDF3F, 0xDF3F, 0xDF5E, 0xDF5E, 0xDF5E, 0xE73E, 0xE73E, 0xE75E, 0xE75F, 0xEF3F,
  0xE73E, 0xE75E, 0xDEFC, 0xCE58, 0xEF7F, 0xEF7F, 0xEF7F, 0xEF7F, 0xEF9F, 0xF79F, 0xF7BF, 0xF7BF, 0xF7BF, 0xF7BF, 0xF79F, 0xF7BF,
  0xF7BF, 0xF7BF, 0xF79F, 0xF7BF, 0xF7BF, 0xF79F, 0xF7BF, 0xF7BF, 0xF79F, 0xF79F, 0xF79F, 0xF79F, 0xF79F, 0xF79F, 0xF79F, 0xF79F,
  0xEF7F, 0xEF7F, 0xEF7E, 0xEF7E, 0xEF7E, 0xEF7E, 0xEF7F, 0xEF7F, 0xF79F, 0xF79F, 0xEF7F, 0xEF9F, 0xEF7F, 0xEF7F, 0xEF7F, 0xEF7F,
  0xE77F, 0xE77F, 0xE77F, 0xE77F, 0xE77F, 0xE77F, 0xE77F, 0xE77F, 0xE75F, 0xE75F, 0xE75F, 0xE75F, 0xE75F, 0xE75F, 0xE75F, 0xE75F,
  0xE75F, 0xE75F, 0xE75F, 0xE75F, 0xE75F, 0xE75F, 0xE75F, 0xE75F, 0xE75F, 0xE73F, 0xE73F, 0xE73F, 0xE73F, 0xDF3F, 0xDF3E, 0xDF3F,
  0xE73F, 0xE73F, 0xE75E, 0xE75E, 0xE75E, 0xE75E, 0xE75E, 0xE75E, 0xE75E, 0xEF3E, 0xE75E, 0xE75E, 0xEF5E, 0xEF7E, 0xF79F, 0xF79F,
  0xF79F, 0xF79F, 0xF7BF, 0xF79F, 0xF79F, 0xF7BF, 0xF7BF, 0xF7BF, 0xF7BF, 0xF7BF, 0xF7BF, 0xF7BF, 0xF7BF, 0xF7BF, 0xF7BF, 0xF7BF,
  0xF7BF, 0xF7BF, 0xF7BF, 0xF79F, 0xF7BF, 0xF79F, 0xF79F, 0xF79F, 0xF79F, 0xEF7E, 0xEF7E, 0xEF5E, 0xEF7E, 0xF79F, 0xF79F, 0xF79F,
  0xF79F, 0xF79F, 0xF79F, 0xF79F, 0xF79F, 0xEF9F, 0xEF7F, 0xEF7F, 0xEF7F, 0xEF7F, 0xE77F, 0xE77F, 0xE77F, 0xE77F, 0xE77F, 0xE77F,
  0xE77F, 0xE77F, 0xE75F, 0xE75F, 0xE75F, 0xE75F, 0xE75F, 0xE75F, 0xE75F, 0xE75F, 0xE75F, 0xE75F, 0xE75F, 0xE75F, 0xE75F, 0xE75F,
  0xE75F, 0xE75F, 0xE75F, 0xE75F, 0xE75F, 0xE75F, 0xE75F, 0xE73F, 0xE73F, 0xE73F, 0xE73F, 0xE73F, 0xE75E, 0xE75E, 0xE75E, 0xE75E,
  0xE75E, 0xE75E, 0xE75E, 0xEF3E, 0xEF5E, 0xE75E, 0xE73E, 0xE75E, 0xF79F, 0xF79F, 0xF79F, 0xF79F, 0xF79F, 0xF79F, 0xF79F, 0xF7BF,
  0xF7BF, 0xF7BF, 0xF7BF, 0xF7BF, 0xF7BF, 0xF7BF, 0xF7BF, 0xF7BF, 0xF7BF, 0xF7BF, 0xF79E, 0xF79E, 0xF79E, 0xF79E, 0xF79E, 0xF79F,
  0xEF7E, 0xEF7E, 0xEF7E, 0xF79F, 0xF79E, 0xF79F, 0xF79F, 0xF79E, 0xF79E, 0xF79F, 0xF79F, 0xF79F, 0xF79F, 0xF79F, 0xF79F, 0xEF9F,
  0xEF7F, 0xEF7F, 0xEF7F, 0xEF5F, 0xE77F, 0xE77F, 0xE77F, 0xE77F, 0xE77F, 0xE77F, 0xE77F, 0xE77F, 0xE75F, 0xE75F, 0xE75F, 0xE75F,
  0xE75F, 0xE75F, 0xE75F, 0xE75F, 0xE75F, 0xE75F, 0xE75F, 0xE75F, 0xE75F, 0xE75F, 0xE75F, 0xE75F, 0xE75F, 0xE75F, 0xE75F, 0xE75F,
  0xE75F, 0xE73F, 0xE73F, 0xE75F, 0xE75F, 0xE75F, 0xE75F, 0xE75E, 0xE75E, 0xE75E, 0xE75E, 0xE75E, 0xE75E, 0xEF5E, 0xE73E, 0xE73E,
  0xE75E, 0xE75E, 0xF79F, 0xF79F, 0xF79F, 0xF79F, 0xF79F, 0xF79F, 0xF79F, 0xF7BF, 0xF7BF, 0xF7BF, 0xF7BF, 0xF7BF, 0xF79F, 0xF79F,
  0xF79F, 0xF79F, 0xF79F, 0xF79F, 0xF79E, 0xF79E, 0xF79E, 0xEF7E, 0xEF7E, 0xEF7E, 0xF79E, 0xF79E, 0xF79E, 0xF79E, 0xF79E, 0xF79E,
  0xF79E, 0xF79E, 0xF79E, 0xF79F, 0xF79F, 0xF79F, 0xEF7F, 0xEF7F, 0xEF7F, 0xEF7F, 0xEF7F, 0xEF7F, 0xEF5F, 0xEF5F, 0xE77F, 0xE77F,
  0xE77F, 0xE77F, 0xE77F, 0xE77F, 0xE75F, 0xE75F, 0xE75F, 0xE75F, 0xE75F, 0xE75F, 0xE75F, 0xE75F, 0xE75F, 0xE75F, 0xE75F, 0xE75F,
  0xE75F, 0xE75F, 0xE75F, 0xE75F, 0xE75F, 0xE75F, 0xE75F, 0xE75F, 0xE75F, 0xE73F, 0xDF3F, 0xDF3F, 0xDF3F, 0xE73F, 0xE73F, 0xE73F,
  0xE75E, 0xE75E, 0xE75E, 0xE75E, 0xE75E, 0xE75E, 0xE75E, 0xE75E, 0xE75E, 0xE75E, 0xE75E, 0xE75E, 0xF79F, 0xF7BF, 0xF79F, 0xF79F,
  0xF79F, 0xF7BF, 0xF7BF, 0xF79F, 0xF79F, 0xF79F, 0xF7BF, 0xF79F, 0xF79F, 0xF79F, 0xF79F, 0xF79F, 0xEF7F, 0xEF7E, 0xEF5E, 0xEF7E,
  0xEF5E, 0xF77E, 0xF79E, 0xF79E, 0xF79E, 0xF79E, 0xF79E, 0xF79E, 0xF79F, 0xF79F, 0xF79F, 0xF79F, 0xF79F, 0xF79F, 0xF79F, 0xEF7F,
  0xEF7E, 0xEF7E, 0xEF7F, 0xEF7F, 0xEF7F, 0xEF7F, 0xEF5F, 0xEF5F, 0xE77F, 0xE77F, 0xE77F, 0xE77F, 0xE77F, 0xE77F, 0xE75F, 0xE75F,
  0xE75F, 0xE75F, 0xE75F, 0xE75F, 0xE75F, 0xE75F, 0xE75F, 0xE75F, 0xE75F, 0xE75F, 0xE75F, 0xE75F, 0xE75F, 0xE75F, 0xE75F, 0xE75F,
  0xE75F, 0xE75F, 0xE75F, 0xE73F, 0xDF3E, 0xDF3E, 0xDF3E, 0xDF3E, 0xE73F, 0xE73F, 0xE75E, 0xE75E, 0xE75E, 0xE75E, 0xE75E, 0xE75E,
  0xE75E, 0xE75E, 0xE75E, 0xE75E, 0xE75E, 0xEF5E, 0xF79F, 0xF79F, 0xF79F, 0xF79F, 0xF79F, 0xF79F, 0xF79F, 0xF79F, 0xF79F, 0xF79F,
  0xF79F, 0xF79F, 0xF79F, 0xF79F, 0xEF7E, 0xEF7E, 0xEF7E, 0xEF7F, 0xEF9E, 0xEF9E, 0xF79E, 0xEF7E, 0xEF7E, 0xF79E, 0xF79E, 0xF79E,
  0xF79F, 0xF79F, 0xF79F, 0xF79F, 0xF79F, 0xF79F, 0xF79F, 0xF79F, 0xEF7F, 0xEF7F, 0xEF7F, 0xEF7F, 0xEF7F, 0xEF5F, 0xEF5F, 0xEF5F,
  0xEF5F, 0xEF5F, 0xE77F, 0xE77F, 0xE77F, 0xE77F, 0xE77F, 0xE77F, 0xE75F, 0xE75F, 0xE75F, 0xE75F, 0xE75F, 0xE75F, 0xE75F, 0xE75F,
  0xE75F, 0xE75F, 0xE75F, 0xE75F, 0xE75F, 0xE75F, 0xE75F, 0xE75F, 0xE75F, 0xE75F, 0xE75F, 0xE75F, 0xE75F, 0xE73F, 0xDF3E, 0xDF3E,
  0xDF3E, 0xDF3E, 0xDF3E, 0xDF3E, 0xE73E, 0xE73E, 0xE75E, 0xE75E, 0xE75E, 0xE75E, 0xE75E, 0xE75E, 0xE75E, 0xE75E, 0xEF5E, 0xDEFC,
  0xEF9F, 0xEF9F, 0xF79F, 0xF79F, 0xF79F, 0xF79F, 0xF79F, 0xF79F, 0xF7BF, 0xF79F, 0xEF7E, 0xEF7E, 0xEF7E, 0xEF7F, 0xF79F, 0xEF7F,
  0xF79F, 0xF79F, 0xEF9F, 0xEF9F, 0xEF7F, 0xEF7E, 0xEF9F, 0xF79F, 0xF79F, 0xF79F, 0xF79F, 0xF79F, 0xF79F, 0xEF7F, 0xEF7F, 0xF79F,
  0xF79F, 0xF79F, 0xF77F, 0xEF7F, 0xEF5F, 0xEF5F, 0xEF5F, 0xEF5F, 0xEF5F, 0xEF5F, 0xEF5F, 0xEF5F, 0xE77F, 0xE77F, 0xE77F, 0xE77F,
  0xE77F, 0xE77F, 0xE75F, 0xE75F, 0xE75F, 0xE75F, 0xE75F, 0xE75F, 0xE75F, 0xE75F, 0xE75F, 0xE75F, 0xE75F, 0xE75F, 0xE75F, 0xE75F,
  0xE75F, 0xE75F, 0xE75F, 0xE75F, 0xE75F, 0xE75F, 0xE75F, 0xDF3F, 0xDF3E, 0xDF3E, 0xDF3E, 0xDF3E, 0xDF3E, 0xDF3E, 0xDF3E, 0xE73E,
  0xE75E, 0xE73E, 0xE73E, 0xE73E, 0xE75E, 0xE75E, 0xE75E, 0xE73D, 0xE73C, 0xCE77, 0xEF9F, 0xEF9F, 0xF79F, 0xF79F, 0xF79F, 0xF79F,
  0xEF7E, 0xF79F, 0xEF7E, 0xF79F, 0xEF7E, 0xF79F, 0xF79F, 0xF79F, 0xF79F, 0xF79F, 0xF79F, 0xEF7F, 0xEF9F, 0xEF9F, 0xEF7F, 0xEF7F,
  0xEF9F, 0xEF7F, 0xEF7F, 0xEF7F, 0xEF7F, 0xEF7F, 0xEF7F, 0xEF7F, 0xEF7F, 0xF77F, 0xF77F, 0xEF7F, 0xEF7F, 0xEF7F, 0xEF5F, 0xEF5F,
  0xEF5F, 0xEF5F, 0xEF5F, 0xEF5F, 0xEF5F, 0xEF5F, 0xE77F, 0xE77F, 0xE77F, 0xE77F, 0xE77F, 0xE77F, 0xE75F, 0xE75F, 0xE75F, 0xE75F,
  0xE75F, 0xE75F, 0xE75F, 0xE75F, 0xE75F, 0xE75F, 0xE75F, 0xE75F, 0xE75F, 0xE75F, 0xE75F, 0xE75F, 0xE75F, 0xE75F, 0xE75F, 0xE75F,
  0xE73F, 0xDF3E, 0xDF3E, 0xDF3E, 0xDF3E, 0xDF3E, 0xDF3E, 0xDF3E, 0xDF3E, 0xDF3E, 0xE73E, 0xE73E, 0xE73E, 0xE73E, 0xE75E, 0xE75E,
  0xE75D, 0xE75D, 0xB5B4, 0x9D10, 0xEF9F, 0xEF9F, 0xEF7F, 0xEF7E, 0xEF5E, 0xEF7E, 0xEF7E, 0xEF7E, 0xEF7E, 0xF79F, 0xF79F, 0xF79F,
  0xEF7F, 0xEF7F, 0xEF7F, 0xEF7F, 0xEF7F, 0xEF7F, 0xEF7F, 0xEF7F, 0xEF7F, 0xEF7F, 0xEF7F, 0xEF7F, 0xEF7F, 0xEF7F, 0xEF7F, 0xEF7F,
  0xEF7F, 0xEF7F, 0xEF7F, 0xEF7F, 0xEF7F, 0xEF7F, 0xEF7F, 0xEF7F, 0xEF7F, 0xEF7F, 0xEF7F, 0xEF7F, 0xEF5F, 0xEF5F, 0xEF5F, 0xEF5F,
  0xE77F, 0xE77F, 0xE75F, 0xE75F, 0xE75F, 0xE75F, 0xE75F, 0xE75F, 0xE75F, 0xE75F, 0xE75F, 0xE75F, 0xE75F, 0xE75F, 0xE75F, 0xE75F,
  0xE75F, 0xE75F, 0xE75F, 0xE75F, 0xE75F, 0xE75F, 0xE75F, 0xE75F, 0xE75F, 0xE73F, 0xDF3F, 0xE73E, 0xDF3E, 0xDF3E, 0xDF3E, 0xDF3E,
  0xDF3E, 0xDF3E, 0xDF3E, 0xDF3E, 0xDF3E, 0xE73E, 0xE73E, 0xE73E, 0xE75E, 0xE75E, 0xE73D, 0xE77C, 0xCE76, 0x94AC, 0xE77F, 0xE77F,
  0xEF7E, 0xEF7E, 0xEF7E, 0xEF7F, 0xEF9F, 0xEF9F, 0xEF7F, 0xEF7E, 0xEF7F, 0xEF7F, 0xEF7F, 0xEF7F, 0xEF7F, 0xEF7F, 0xEF7F, 0xEF7F,
  0xEF7F, 0xEF7F, 0xEF7F, 0xEF7F, 0xEF7F, 0xEF7F, 0xEF7F, 0xEF7F, 0xEF7F, 0xEF7F, 0xEF7F, 0xEF7E, 0xEF7F, 0xEF7F, 0xEF7F, 0xEF7F,
  0xEF7F, 0xEF7F, 0xEF7F, 0xE77F, 0xE77F, 0xEF7F, 0xEF5F, 0xEF5F, 0xEF5F, 0xEF5F, 0xE77F, 0xE75F, 0xE75F, 0xE75F, 0xE75F, 0xE75F,
  0xE75F, 0xE75F, 0xE75F, 0xE75E, 0xE75F, 0xE75F, 0xE75F, 0xE75F, 0xE75F, 0xE75F, 0xE75F, 0xE75F, 0xE75F, 0xE73F, 0xE73F, 0xE75F,
  0xE75F, 0xE73F, 0xE73F, 0xDF3F, 0xE73F, 0xE75F, 0xE75F, 0xDF3E, 0xDF3E, 0xDF3E, 0xDF3E, 0xDF3E, 0xDF3E, 0xDF3E, 0xDF3E, 0xE73E,
  0xE73F, 0xE73E, 0xE75E, 0xE75E, 0xE75E, 0xDEFB, 0xAD92, 0x9CED, 0xEF9F, 0xEF9F, 0xEF9F, 0xEF7F, 0xEF9F, 0xEF7F, 0xEF7F, 0xEF7F,
  0xEF9F, 0xEF9F, 0xEF7E, 0xEF7E, 0xEF7E, 0xEF7F, 0xEF7F, 0xEF7F, 0xEF7F, 0xEF7F, 0xEF7F, 0xEF7F, 0xEF7F, 0xEF7F, 0xEF7F, 0xEF7F,
  0xEF7F, 0xEF7F, 0xEF7F, 0xEF7F, 0xEF7F, 0xEF7E, 0xEF7F, 0xEF5F, 0xEF5F, 0xEF5F, 0xEF5F, 0xEF7F, 0xE77F, 0xE77F, 0xE77F, 0xEF7F,
  0xE75F, 0xE75F, 0xEF5F, 0xEF5F, 0xE77F, 0xE75F, 0xE75F, 0xE75F, 0xE75F, 0xE75F, 0xE75F, 0xE75F, 0xE75F, 0xE75F, 0xE75F, 0xE75F,
  0xE75F, 0xE75F, 0xE75F, 0xE75F, 0xE75F, 0xE75F, 0xE75F, 0xDF3F, 0xDF3F, 0xE75F, 0xE73F, 0xDF3E, 0xDF3E, 0xDF3F, 0xE73F, 0xE75F,
  0xE73E, 0xDF3E, 0xDF3E, 0xDF3E, 0xDF3E, 0xDF3E, 0xDF3E, 0xDF3E, 0xDF3E, 0xE73E, 0xE75E, 0xE75E, 0xE75E, 0xE75E, 0xE73E, 0xD6DB,
  0xBDF4, 0x8C8C, 0xEF9F, 0xEF9F, 0xEF7F, 0xEF7F, 0xEF7F, 0xEF7F, 0xEF7F, 0xEF7F, 0xEF7F, 0xEF7F, 0xEF7F, 0xEF7F, 0xEF7F, 0xEF7F,
  0xEF7F, 0xEF7F, 0xEF7F, 0xEF7F, 0xEF7F, 0xEF7F, 0xEF7F, 0xEF7F, 0xEF7F, 0xEF7F, 0xEF7F, 0xEF7F, 0xEF7F, 0xEF7F, 0xEF7F, 0xEF7E,
  0xEF7F, 0xEF7F, 0xEF7F, 0xEF7F, 0xEF5F, 0xEF5F, 0xE77F, 0xE77F, 0xE77F, 0xE77F, 0xE77F, 0xE75F, 0xE75F, 0xE75F, 0xE75F, 0xE75F,
  0xE75F, 0xE75F, 0xE75F, 0xE75F, 0xE75F, 0xE75F, 0xE75E, 0xE75E, 0xE75E, 0xE75E, 0xE75E, 0xE75E, 0xE75E, 0xE75E, 0xE75F, 0xE75F,
  0xE75F, 0xDF3E, 0xDF3E, 0xDF3F, 0xDF3F, 0xDF3F, 0xDF3F, 0xDF3F, 0xDF3E, 0xDF3E, 0xDF3E, 0xDF3E, 0xDF3E, 0xDF3E, 0xDF3E, 0xDF3E,
  0xDF3E, 0xDF3E, 0xDF3E, 0xE73E, 0xE73E, 0xE73E, 0xE75E, 0xE75D, 0xE75E, 0xDF1C, 0xDED9, 0xA550, 0xEF9F, 0xEF9F, 0xEF9F, 0xEF9F,
  0xEF9F, 0xEF9F, 0xEF9F, 0xEF9F, 0xEF9F, 0xEF9F, 0xEF9F, 0xEF9F, 0xEF7F, 0xEF7F, 0xEF7F, 0xEF7F, 0xEF7F, 0xEF7F, 0xEF7F, 0xEF7F,
  0xEF7F, 0xF79F, 0xF79F, 0xF79F, 0xF79F, 0xF79F, 0xEF7F, 0xEF7F, 0xEF7F, 0xEF7E, 0xEF7F, 0xEF5F, 0xEF5F, 0xEF5F, 0xEF5F, 0xEF5F,
  0xE77F, 0xE77F, 0xE77F, 0xE77F, 0xE77F, 0xE77F, 0xE77F, 0xE77F, 0xE75F, 0xE75F, 0xE75F, 0xE75F, 0xE75F, 0xE75F, 0xE75F, 0xE75E,
  0xE77F, 0xE77F, 0xE75E, 0xDF3E, 0xDF3E, 0xE75E, 0xE75E, 0xE75E, 0xE75F, 0xE75F, 0xE75F, 0xDF3E, 0xDF3E, 0xDF3F, 0xDF3F, 0xDF3F,
  0xDF3F, 0xDF3F, 0xDF3E, 0xDF3E, 0xDF3E, 0xDF3E, 0xDF3E, 0xDF3E, 0xDF3E, 0xDF3E, 0xDF3E, 0xDF3E, 0xDF3E, 0xE73E, 0xE73E, 0xE73E,
  0xE75D, 0xE75E, 0xD6DB, 0xB5D6, 0xAD73, 0xA531, 0xEF9F, 0xEF9F, 0xEF9F, 0xEF9F, 0xEF9F, 0xEF9F, 0xEF9F, 0xEF9F, 0xEF7F, 0xEF7F,
  0xEF9F, 0xEF7E, 0xEF7F, 0xEF7F, 0xEF7F, 0xEF7F, 0xEF7F, 0xEF7F, 0xEF7F, 0xEF7F, 0xEF7E, 0xEF7E, 0xEF7E, 0xEF7F, 0xEF7F, 0xEF7F,
  0xEF7F, 0xEF7F, 0xEF7E, 0xEF7E, 0xEF7E, 0xEF5E, 0xEF5F, 0xE75F, 0xE75F, 0xE75F, 0xE77F, 0xE77F, 0xE77F, 0xE77F, 0xE77F, 0xE77F,
  0xE77F, 0xE77F, 0xE75F, 0xE75F, 0xE75F, 0xE75F, 0xE75F, 0xE75F, 0xE75E, 0xEF9F, 0xCE5A, 0xCE7A, 0xE71D, 0x8C72, 0x9CF4, 0xE73D,
  0xE75E, 0xE75E, 0xE75F, 0xE75F, 0xE75F, 0xDF3E, 0xDF3E, 0xDF3F, 0xDF3F, 0xDF3F, 0xDF3F, 0xDF3F, 0xDF3E, 0xDF3E, 0xDF3E, 0xDF3E,
  0xDF3E, 0xDF3E, 0xDF3E, 0xDF3E, 0xDF3E, 0xDF3E, 0xDF3E, 0xE73E, 0xE73E, 0xE73E, 0xE75D, 0xE75E, 0xDF1B, 0xCEB9, 0xB5D5, 0xBDD5,
  0xE79F, 0xE79F, 0xE79F, 0xE79F, 0xE79F, 0xE79F, 0xE79F, 0xEF7F, 0xEF7F, 0xEF7F, 0xEF7E, 0xEF7E, 0xEF7E, 0xEF7F, 0xEF7F, 0xEF7E,
  0xEF7E, 0xEF7E, 0xEF7E, 0xEF7E, 0xEF7E, 0xEF7E, 0xEF7E, 0xEF7E, 0xEF7E, 0xEF7E, 0xEF7E, 0xEF7E, 0xEF7E, 0xEF5E, 0xEF5E, 0xEF5E,
  0xEF5F, 0xE75F, 0xE77F, 0xE77F, 0xE77F, 0xE77F, 0xE77F, 0xE77F, 0xE77F, 0xE77F, 0xE75F, 0xE75F, 0xE75F, 0xE75F, 0xE75F, 0xE75F,
  0xE75F, 0xE75F, 0xE77F, 0xCE5A, 0x7BAF, 0x7B8F, 0xA4D3, 0x62AB, 0x6AEC, 0x83D0, 0xBDD8, 0xE77F, 0xDF5E, 0xE75F, 0xE75F, 0xDF3F,
  0xDF3F, 0xDF3F, 0xDF3F, 0xDF3F, 0xDF3F, 0xDF3F, 0xDF3F, 0xDF3E, 0xDF3E, 0xDF3E, 0xDF3E, 0xDF3E, 0xDF3E, 0xDF3E, 0xDF3E, 0xDF3E,
  0xDF3E, 0xDF3E, 0xDF3E, 0xE73E, 0xE75E, 0xE75E, 0xDF1C, 0xD6BA, 0xB5D7, 0xCE59, 0xE79F, 0xE79F, 0xE79F, 0xE79F, 0xE79F, 0xE79F,
  0xE79F, 0xEF7F, 0xEF7F, 0xEF7F, 0xEF7E, 0xEF7E, 0xEF7E, 0xEF7F, 0xEF7F, 0xEF7E, 0xEF7E, 0xEF7E, 0xEF7E, 0xEF7E, 0xEF7E, 0xEF7E,
  0xEF7E, 0xEF7E, 0xEF7E, 0xEF7E, 0xEF7E, 0xEF7E, 0xEF7E, 0xE75E, 0xEF7E, 0xE75E, 0xE75F, 0xE75F, 0xE77F, 0xE77F, 0xE75F, 0xE75F,
  0xE75F, 0xE77F, 0xE77F, 0xE77F, 0xE75F, 0xE75F, 0xE75F, 0xE75F, 0xE75F, 0xE75F, 0xE75F, 0xE73F, 0xEF9F, 0xB597, 0x5AAB, 0x62EC,
  0x5AAB, 0x5A8B, 0x5A6A, 0x526B, 0x632E, 0xDF3D, 0xE75E, 0xE75F, 0xE75F, 0xDF3F, 0xDF3F, 0xDF3F, 0xDF3F, 0xDF3F, 0xDF3F, 0xDF3F,
  0xDF3F, 0xDF3E, 0xDF3E, 0xDF3E, 0xDF3E, 0xDF3E, 0xDF3E, 0xDF3E, 0xDF3E, 0xDF3E, 0xDF3E, 0xDF3E, 0xDF3E, 0xE73E, 0xDF3E, 0xDF3D,
  0xE73D, 0xDEFC, 0xD6DC, 0xEF5D, 0xE79F, 0xE79F, 0xE79F, 0xE79F, 0xE79F, 0xE79F, 0xE79F, 0xEF7F, 0xEF7F, 0xEF7F, 0xEF7E, 0xEF7E,
  0xEF7E, 0xEF7E, 0xEF7F, 0xEF7E, 0xEF7E, 0xEF7E, 0xEF7E, 0xEF7E, 0xEF7E, 0xEF7E, 0xEF7E, 0xEF7E, 0xEF7E, 0xEF7E, 0xEF7E, 0xEF7E,
  0xEF7E, 0xE77E, 0xE77E, 0xE75E, 0xE75F, 0xE75F, 0xE77F, 0xE77F, 0xE75F, 0xE75F, 0xE75F, 0xE75F, 0xE75F, 0xE75F, 0xE75F, 0xE75F,
  0xE75F, 0xE75F, 0xE75F, 0xE75F, 0xE75F, 0xE75F, 0xE75F, 0xEF5E, 0xA535, 0x6B0C, 0x734D, 0x734D, 0x6B2D, 0x62CC, 0x94B4, 0xE77E,
  0xDF5E, 0xDF3E, 0xDF3F, 0xDF3F, 0xDF3F, 0xDF3F, 0xDF3E, 0xDF3E, 0xDF3E, 0xDF3E, 0xDF3E, 0xDF3E, 0xDF3E, 0xDF3E, 0xDF3E, 0xDF3E,
  0xDF3E, 0xDF3E, 0xDF3E, 0xDF3E, 0xDF3F, 0xDF3E, 0xDF3E, 0xDF3E, 0xDF3E, 0xDF3E, 0xE73E, 0xE73E, 0xE73E, 0xE71D, 0xE79F, 0xE79F,
  0xE77F, 0xE77F, 0xE77F, 0xE79F, 0xE79F, 0xEF7F, 0xEF7F, 0xEF7F, 0xEF7E, 0xEF7E, 0xEF7E, 0xEF7F, 0xEF7F, 0xEF7F, 0xEF7E, 0xEF7E,
  0xEF7E, 0xEF7E, 0xEF7E, 0xEF7E, 0xEF7E, 0xEF7E, 0xEF7E, 0xEF7E, 0xEF7E, 0xEF7E, 0xEF7E, 0xE77E, 0xE77E, 0xE77E, 0xE77F, 0xE77F,
  0xE77F, 0xE77F, 0xE75F, 0xE75F, 0xE75F, 0xE75F, 0xE75F, 0xE75F, 0xE75F, 0xE75F, 0xE75F, 0xE75F, 0xE75F, 0xE75F, 0xE75F, 0xE75F,
  0xE75F, 0xEF5E, 0x9CD4, 0x6B0C, 0x6B0C, 0x732D, 0x6B0D, 0x736F, 0xDEFD, 0xE77E, 0xDF5E, 0xDF3E, 0xDF3E, 0xDF3F, 0xDF3F, 0xDF3F,
  0xDF3E, 0xDF3E, 0xDF3E, 0xDF3E, 0xDF3E, 0xDF3E, 0xDF3E, 0xDF3E, 0xDF3E, 0xDF3E, 0xDF3E, 0xDF3E, 0xDF1E, 0xDF3E, 0xDF3E, 0xDF3F,
  0xDF3E, 0xDF3E, 0xDF3E, 0xDF3E, 0xE73E, 0xE73E, 0xE73E, 0xE71D, 0xE79F, 0xE79F, 0xE77E, 0xE77E, 0xE77F, 0xE79F, 0xE79F, 0xEF7F,
  0xEF7F, 0xEF7F, 0xEF7E, 0xEF7E, 0xEF7E, 0xEF7E, 0xEF7F, 0xEF7E, 0xEF7E, 0xEF7E, 0xEF5E, 0xEF5E, 0xEF7E, 0xEF7E, 0xEF7E, 0xEF7E,
  0xEF7E, 0xEF7E, 0xEF7E, 0xEF7E, 0xE77E, 0xE77E, 0xE77E, 0xE77E, 0xE77E, 0xE77F, 0xE77F, 0xE77F, 0xE75F, 0xE75F, 0xE75F, 0xE75F,
  0xE75F, 0xE75F, 0xE75F, 0xE75F, 0xE75F, 0xE75F, 0xE75F, 0xE75F, 0xE75F, 0xE75F, 0xE73E, 0xE75E, 0x83F0, 0x5A8A, 0x6AEC, 0x5249,
  0x524A, 0x62CC, 0xC65A, 0xE77F, 0xDF3E, 0xDF3E, 0xDF3E, 0xDF3F, 0xDF3F, 0xDF3E, 0xDF3E, 0xDF3E, 0xDF3E, 0xDF3E, 0xDF3E, 0xDF3E,
  0xDF3E, 0xDF3E, 0xDF3E, 0xDF3E, 0xDF3E, 0xDF3E, 0xDF1E, 0xDF1E, 0xDF3E, 0xDF3E, 0xDF3E, 0xDF3E, 0xDF3E, 0xDF3E, 0xDF3E, 0xE73E,
  0xE73D, 0xE73D, 0xE77E, 0xE77E, 0xE77E, 0xE77E, 0xE77E, 0xE77E, 0xE79E, 0xEF7F, 0xEF7F, 0xEF7F, 0xEF7F, 0xE77F, 0xE77E, 0xE77E,
  0xEF7E, 0xEF5E, 0xEF5E, 0xEF5E, 0xEF5E, 0xEF5E, 0xEF7F, 0xEF7F, 0xEF7F, 0xEF5E, 0xEF5E, 0xEF5E, 0xEF5E, 0xEF5E, 0xE77E, 0xE77E,
  0xE77E, 0xE77E, 0xE77E, 0xE77E, 0xE75F, 0xE75F, 0xE75F, 0xE75F, 0xE75F, 0xE75F, 0xE75F, 0xE75F, 0xE75F, 0xE75F, 0xE75E, 0xE75E,
  0xE75E, 0xE75F, 0xE75F, 0xE75E, 0xE75E, 0xEF7F, 0xA515, 0x524A, 0x62EC, 0x49E8, 0x524A, 0x7B90, 0xDF1D, 0xE75E, 0xDF5F, 0xDF3F,
  0xDF3E, 0xDF3E, 0xDF3E, 0xDF3E, 0xDF3E, 0xDF3E, 0xDF3E, 0xDF3E, 0xDF3E, 0xDF1E, 0xDF1E, 0xDF1E, 0xDF1E, 0xDF1E, 0xDF1E, 0xDF1E,
  0xDF1E, 0xDF1E, 0xDF1E, 0xDF3E, 0xDF3E, 0xDF3E, 0xDF3E, 0xE73E, 0xE75E, 0xE73D, 0xE73D, 0xE73D, 0xE77E, 0xE77E, 0xE77E, 0xE77E,
  0xE77E, 0xE77E, 0xE79E, 0xEF7F, 0xEF7F, 0xEF7F, 0xEF7F, 0xE77F, 0xE77E, 0xE77E, 0xEF7E, 0xEF5E, 0xEF5E, 0xEF5E, 0xEF5F, 0xEF5F,
  0xEF5E, 0xEF5E, 0xEF5E, 0xEF5E, 0xEF5E, 0xEF5E, 0xEF5E, 0xEF5E, 0xEF7E, 0xE77E, 0xE77E, 0xE77E, 0xE77E, 0xE77E, 0xE75F, 0xE75F,
  0xE75F, 0xE75F, 0xE75F, 0xE75F, 0xE75F, 0xE75F, 0xE75F, 0xE75F, 0xE75E, 0xE75E, 0xE75E, 0xE75F, 0xE75F, 0xE77F, 0xDF5E, 0xEF7F,
  0xCE5A, 0x62EC, 0x6B2D, 0x5A8B, 0x524A, 0xAD16, 0xF79F, 0xDF3E, 0xDF5F, 0xDF3F, 0xDF3E, 0xDF3E, 0xDF3E, 0xDF3E, 0xDF3E, 0xDF3E,
  0xDF3E, 0xDF3E, 0xDF3E, 0xDF1E, 0xDF1E, 0xDF1E, 0xDF1E, 0xDF1E, 0xDF1E, 0xDF1E, 0xDF1E, 0xDF1E, 0xDF1E, 0xDF3E, 0xDF3E, 0xDF1E,
  0xE75E, 0xDF1B, 0xD6BB, 0xC619, 0xDEDC, 0xE73E, 0xE77E, 0xE77E, 0xE77E, 0xE77E, 0xE77E, 0xE77E, 0xE79E, 0xEF7E, 0xEF7E, 0xEF7E,
  0xE77E, 0xE77E, 0xE77E, 0xE77E, 0xEF7E, 0xEF5E, 0xEF5E, 0xEF5E, 0xEF5F, 0xEF5F, 0xEF5F, 0xEF5F, 0xEF5E, 0xEF5E, 0xEF5E, 0xEF5E,
  0xEF5E, 0xEF5E, 0xEF5E, 0xEF5E, 0xE77E, 0xE77E, 0xE77E, 0xE75E, 0xE75E, 0xE75E, 0xE75E, 0xE75E, 0xE75E, 0xE75F, 0xE75F, 0xE75F,
  0xE75F, 0xE75F, 0xE75E, 0xE75E, 0xE75E, 0xE75F, 0xE75F, 0xE77F, 0xDF5E, 0xEF7F, 0xDEFC, 0x6B4D, 0x732D, 0x6AEC, 0x6AED, 0xC5D8,
  0xEF9F, 0xDF3E, 0xDF5F, 0xDF3F, 0xDF3E, 0xDF3E, 0xDF3E, 0xDF3E, 0xDF3E, 0xDF3E, 0xDF3E, 0xDF3E, 0xDF3E, 0xDF1E, 0xDF1E, 0xDF1E,
  0xDF1E, 0xDF1E, 0xDF1E, 0xDF1E, 0xDF1E, 0xDF1E, 0xDF1E, 0xE71E, 0xE73E, 0xDEDC, 0xCE59, 0xB5B5, 0xB595, 0xBDF8, 0xD6BA, 0xE73D,
  0xE77E, 0xE77E, 0xE77E, 0xE77E, 0xE77E, 0xE77E, 0xE77E, 0xE77E, 0xE77E, 0xE77E, 0xE77E, 0xE77E, 0xE77E, 0xE77F, 0xE75E, 0xEF5E,
  0xEF5E, 0xEF5E, 0xEF5F, 0xEF5F, 0xEF5F, 0xEF5F, 0xEF5F, 0xEF5F, 0xEF5E, 0xEF5E, 0xEF5E, 0xEF5E, 0xEF5E, 0xEF5E, 0xEF5E, 0xE75E,
  0xE75E, 0xE75E, 0xE75E, 0xE75E, 0xE75E, 0xE75E, 0xE75E, 0xE75F, 0xE75F, 0xE75F, 0xE75E, 0xE75E, 0xE75E, 0xE75E, 0xE75E, 0xE75E,
  0xE75F, 0xE75F, 0xE77F, 0xDEFD, 0x8C52, 0x738E, 0x6B0D, 0x5A8B, 0x5A8B, 0x7B8F, 0xDEDD, 0xDF5E, 0xDF3E, 0xDF3E, 0xDF3E, 0xDF3E,
  0xDF3E, 0xDF3E, 0xDF3E, 0xDF3E, 0xDF3E, 0xDF3E, 0xDF3E, 0xDF1E, 0xDF1E, 0xDF1E, 0xDF1E, 0xDF1E, 0xDF1E, 0xDF1E, 0xDF1E, 0xDF1E,
  0xDF1E, 0xDF1E, 0xDF3E, 0xDEFD, 0xD6BA, 0xBDF6, 0xAD74, 0xD6B9, 0xE71A, 0xB5B4, 0xE77E, 0xE77E, 0xE77E, 0xE77E, 0xE77E, 0xE77E,
  0xE77E, 0xE77E, 0xE77E, 0xE77E, 0xE77E, 0xE77E, 0xE77E, 0xE77F, 0xE75E, 0xEF5E, 0xEF5E, 0xEF5E, 0xEF5F, 0xEF5F, 0xEF5F, 0xEF5F,
  0xEF5F, 0xEF5F, 0xEF5F, 0xEF5F, 0xEF5F, 0xEF5F, 0xEF5E, 0xEF5E, 0xEF5E, 0xE75E, 0xE75E, 0xE75E, 0xE75E, 0xE75E, 0xE75E, 0xE75E,
  0xE75E, 0xE75F, 0xE75F, 0xE75F, 0xE75E, 0xE75E, 0xE75E, 0xE75E, 0xE75E, 0xE75E, 0xE75F, 0xE75E, 0xEF9F, 0xAD97, 0x5AAC, 0x7BAF,
  0x6AEC, 0x526A, 0x5A8B, 0x5A8B, 0xA516, 0xEF9F, 0xDF3E, 0xDF3E, 0xDF3E, 0xDF3E, 0xDF3E, 0xDF3E, 0xDF3E, 0xDF3E, 0xDF3E, 0xDF3E,
  0xDF3E, 0xDF1E, 0xDF1E, 0xDF1E, 0xDF1E, 0xDF1E, 0xDF1E, 0xDF1E, 0xDF1E, 0xDF1E, 0xDF1E, 0xDF1E, 0xDF3E, 0xDF5E, 0xD71C, 0xA554,
  0xB5B5, 0xB5B4, 0xA531, 0x842B, 0xEF9F, 0xEF7E, 0xEF9F, 0xE77E, 0xE77E, 0xE77E, 0xE77E, 0xE77E, 0xE77E, 0xE77E, 0xE77E, 0xE77F,
  0xE77E, 0xEF7E, 0xE75E, 0xE75E, 0xE75E, 0xE75E, 0xE75E, 0xE75E, 0xE75E, 0xE75E, 0xE75E, 0xEF5E, 0xEF5E, 0xEF5E, 0xEF5E, 0xEF5E,
  0xE75E, 0xEF5E, 0xE75E, 0xE75E, 0xE75E, 0xE75E, 0xE75E, 0xE75E, 0xEF5E, 0xEF5E, 0xE75E, 0xE75E, 0xE75E, 0xE75E, 0xE75E, 0xE75E,
  0xE75E, 0xE75E, 0xE75E, 0xE75E, 0xE75E, 0xE75E, 0xEFBF, 0xA556, 0x4A4A, 0x5AEC, 0x4A29, 0x41E8, 0x526A, 0x4209, 0x8C73, 0xEF9F,
  0xDF1E, 0xDF3E, 0xDF1E, 0xDF3E, 0xDF3E, 0xDF1E, 0xDF1E, 0xDF1E, 0xDF1E, 0xDF1E, 0xDF1E, 0xDF1E, 0xDF1E, 0xDF1E, 0xDF1E, 0xDF1E,
  0xDF1E, 0xDF1E, 0xDF1E, 0xDF1E, 0xDF1E, 0xDF3E, 0xDF3E, 0xDF1E, 0xD6FC, 0xD6DB, 0xAD73, 0x8C4D, 0x844A, 0x6365, 0xD6BB, 0xDEFC,
  0xE71D, 0xE75E, 0xEF7E, 0xEF9F, 0xEF9F, 0xEF7E, 0xEF7E, 0xE77E, 0xE75E, 0xE75F, 0xE77E, 0xEF7E, 0xE75E, 0xE75E, 0xE75E, 0xE75E,
  0xE77E, 0xE77E, 0xE77E, 0xE77E, 0xE77E, 0xEF5E, 0xEF5E, 0xEF5E, 0xEF5E, 0xEF5E, 0xE75E, 0xE75E, 0xE75E, 0xE75E, 0xE75E, 0xE75E,
  0xE75E, 0xE75E, 0xEF5E, 0xE75E, 0xE75E, 0xE75E, 0xE75E, 0xE75E, 0xE75E, 0xE75E, 0xEF3E, 0xE75E, 0xE75E, 0xE73E, 0xE75E, 0xE75E,
  0xE75E, 0xDEFC, 0x7BD0, 0x5AAB, 0x5AAB, 0x526A, 0x4208, 0x632D, 0xCE7B, 0xE75E, 0xDF1E, 0xDF1E, 0xDF1E, 0xDF1E, 0xDF1E, 0xDF1E,
  0xDF1E, 0xDF1E, 0xDF1E, 0xDF1E, 0xDF1E, 0xDF1E, 0xDF1E, 0xDF1E, 0xDF1E, 0xDF1E, 0xDF1E, 0xDF1E, 0xDF1E, 0xDF1E, 0xDF1E, 0xDF3E,
  0xDF1E, 0xDF1E, 0xDF1D, 0xE77E, 0xB5B5, 0x94CF, 0x844B, 0x7BE9, 0x7C11, 0x8C93, 0x9CD4, 0xAD76, 0xBDD8, 0xCE3A, 0xDEBC, 0xDF1D,
  0xE75E, 0xEF7E, 0xEF7F, 0xEF9F, 0xEF9F, 0xEF7E, 0xEF5E, 0xE75E, 0xEF5E, 0xE75E, 0xE77E, 0xE77E, 0xE77E, 0xE77E, 0xE77E, 0xEF5E,
  0xEF5E, 0xEF5E, 0xEF5E, 0xEF5E, 0xE75E, 0xE75E, 0xE75E, 0xE75E, 0xE75E, 0xE75E, 0xE75E, 0xE75E, 0xE75E, 0xE73E, 0xE73E, 0xE75E,
  0xE75E, 0xE75E, 0xE75E, 0xE75E, 0xEF3E, 0xE75E, 0xE75E, 0xE73E, 0xE75E, 0xE75E, 0xE73E, 0xEF7E, 0xA535, 0x6B2D, 0x6B2C, 0x630C,
  0x62EC, 0xA514, 0xEF7F, 0xDF1D, 0xE73E, 0xDF3E, 0xDF1E, 0xDF1E, 0xDF1E, 0xDF1E, 0xDF1E, 0xDF1E, 0xDF1E, 0xDF1E, 0xDF1E, 0xDF1E,
  0xDF1E, 0xDF1E, 0xDF1E, 0xDF1E, 0xDEFD, 0xDEFD, 0xDF1D, 0xDF3E, 0xDF3E, 0xDF1E, 0xDF1E, 0xDF1E, 0xDF1D, 0xD6DB, 0xAD95, 0xBDF5,
  0x9CF0, 0x842E, 0x6B6E, 0x632D, 0x6B2D, 0x62EC, 0x5AEC, 0x6B6E, 0x8C52, 0x9CF4, 0xB5D7, 0xBE19, 0xC63A, 0xD69B, 0xDEFC, 0xE73D,
  0xEF5E, 0xF79E, 0xEF7E, 0xEF7E, 0xE77E, 0xE77E, 0xE77E, 0xE77E, 0xE77E, 0xE75E, 0xE75E, 0xE75E, 0xE75E, 0xE75E, 0xE75E, 0xE75E,
  0xE75E, 0xE75E, 0xE75E, 0xE75E, 0xE73E, 0xE75E, 0xE73E, 0xDF1D, 0xE75E, 0xE75E, 0xE75E, 0xE75E, 0xE73E, 0xE73E, 0xE73E, 0xE73E,
  0xE73E, 0xE75E, 0xE75E, 0xE75E, 0xE75E, 0xE73E, 0x6B4D, 0x41E8, 0x39A7, 0x39A7, 0x39A7, 0x632D, 0xE75E, 0xE73E, 0xE73E, 0xE73F,
  0xDF3E, 0xDF3E, 0xDF3E, 0xDF1E, 0xDF1E, 0xDF1E, 0xDF1E, 0xDF1E, 0xDF1E, 0xDF1F, 0xDF1E, 0xDF1E, 0xE75E, 0xDEFD, 0x94B2, 0x8C71,
  0xBE19, 0xB5B8, 0xADB7, 0xDF1D, 0xDF1E, 0xDF1E, 0xDF3D, 0xDEFC, 0xC638, 0xCE58, 0xCE99, 0x94B1, 0x9CF4, 0x9D15, 0xA535, 0x8451,
  0x632D, 0x4A6A, 0x39E7, 0x4208, 0x4229, 0x5ACB, 0x738F, 0x8431, 0x9CD3, 0xA535, 0xB5B7, 0xCE59, 0xDEBB, 0xE73D, 0xEF9F, 0xEF9F,
  0xEF9F, 0xE77E, 0xE75E, 0xE73E, 0xE75E, 0xE75E, 0xE75E, 0xE75E, 0xE75E, 0xE75E, 0xE75E, 0xE75E, 0xE75E, 0xE75E, 0xE73E, 0xE75E,
  0xE73E, 0xDF1D, 0xE75E, 0xE75E, 0xE75E, 0xE75E, 0xE73E, 0xE73E, 0xE73E, 0xE73E, 0xE73E, 0xE75E, 0xE75E, 0xE75E, 0xE73E, 0xF77F,
  0x9CD4, 0x526A, 0x5A6A, 0x528A, 0x4208, 0x9CF4, 0xF79F, 0xDF1E, 0xE73E, 0xE73F, 0xDF3E, 0xDF3E, 0xDF3E, 0xDF3E, 0xDF3E, 0xDF3E,
  0xDF1E, 0xDF3E, 0xDF3E, 0xDF1E, 0xE75E, 0xD71D, 0xB618, 0xAD96, 0x8C6F, 0x634B, 0x8470, 0x8C92, 0x94D3, 0xDF5E, 0xD71D, 0xDF1E,
  0xDF1D, 0xDF3D, 0xB5B6, 0x9D13, 0xD6B9, 0xBDF6, 0x6B4F, 0x632E, 0x634E, 0x7C11, 0x8C93, 0x94B3, 0x8C72, 0x8431, 0x738E, 0x5ACB,
  0x4A29, 0x39E8, 0x4209, 0x4A49, 0x630C, 0x7BCF, 0x9493, 0xAD55, 0xBDD8, 0xD69B, 0xE71D, 0xEF5E, 0xEF7E, 0xEF7F, 0xEF7F, 0xE75E,
  0xE75E, 0xE75E, 0xEF5E, 0xEF5E, 0xEF5E, 0xEF5E, 0xEF5E, 0xE75E, 0xE73E, 0xEF5E, 0xE73E, 0xE71D, 0xE75E, 0xE73E, 0xE73E, 0xE73E,
  0xE73E, 0xE73E, 0xE73E, 0xE73E, 0xE73E, 0xE75E, 0xE75E, 0xE75E, 0xE73E, 0xEF7E, 0xAD35, 0x62EC, 0x6B0C, 0x630C, 0x5ACB, 0x9CD4,
  0xE73E, 0xE73E, 0xE73E, 0xE73E, 0xDF3E, 0xDF3E, 0xDF3E, 0xDF3E, 0xE73E, 0xE73E, 0xE73E, 0xDF3E, 0xDF1E, 0xE73F, 0xCE7B, 0x94D4,
  0x73AF, 0x73AE, 0x6B8C, 0x634C, 0x632C, 0x632C, 0x8430, 0xE73D, 0xE75E, 0xE73E, 0xE73E, 0xE73D, 0xCE9A, 0xD6BA, 0xD6DB, 0xDF3C,
  0x8432, 0x52CC, 0x4229, 0x4A6B, 0x3A09, 0x52AC, 0x6B6E, 0x738E, 0x7BCF, 0x8C31, 0x9CB3, 0x9CB3, 0x8C51, 0x634D, 0x5AEC, 0x5ACB,
  0x4208, 0x4A49, 0x62EC, 0x8C31, 0xAD55, 0xBDF8, 0xCE5A, 0xDEFC, 0xE73E, 0xEF7E, 0xEF7E, 0xE75E, 0xE75E, 0xEF5E, 0xEF5E, 0xEF5E,
  0xEF5E, 0xEF5E, 0xE73E, 0xEF5E, 0xE73E, 0xE71D, 0xEF5E, 0xE75E, 0xE75E, 0xE75E, 0xE75E, 0xE75E, 0xE75E, 0xE75E, 0xE75E, 0xE75E,
  0xE75E, 0xE73E, 0xEF5E, 0xD69B, 0x632D, 0x4A49, 0x4A49, 0x4A28, 0x4208, 0x5AEC, 0xDEBC, 0xE75E, 0xE73E, 0xE73E, 0xE73E, 0xDF3E,
  0xDF3E, 0xDF1E, 0xDF1E, 0xE71E, 0xE73E, 0xE73E, 0xE75E, 0xEF5E, 0xBDD7, 0x7BCF, 0x8C30, 0x6B4C, 0x5AC9, 0x73AD, 0x73AD, 0x52AA,
  0x7BCE, 0xCE5A, 0xD69B, 0xCE7B, 0xCE7B, 0xCE7B, 0xCE5A, 0xC618, 0xBDD7, 0xC619, 0x8C92, 0x94B2, 0x9CF4, 0x9CF4, 0x8431, 0x7C10,
  0x7BF0, 0x52AB, 0x4209, 0x4209, 0x3187, 0x4229, 0x6B4E, 0x73AF, 0x8410, 0x9CD3, 0x9492, 0x73CF, 0x5ACB, 0x39C7, 0x39C7, 0x52AB,
  0x736E, 0x94B3, 0xB5D7, 0xCE79, 0xDEFB, 0xE75D, 0xEF7F, 0xEF7F, 0xEF5F, 0xEF3E, 0xEF5E, 0xEF5E, 0xE73E, 0xEF5E, 0xE73E, 0xE71D,
  0xE75E, 0xE75E, 0xE75E, 0xE75E, 0xE75E, 0xE75E, 0xE75E, 0xE75E, 0xE75E, 0xE75E, 0xE75E, 0xE73E, 0xE73E, 0xE73D, 0xA515, 0x632D,
  0x5ACB, 0x528A, 0x4A6A, 0xC639, 0xF79F, 0xE71E, 0xE73E, 0xE73E, 0xE73E, 0xE75E, 0xE75E, 0xEF5E, 0xE75E, 0xE73E, 0xE71D, 0xDEFD,
  0xD6BB, 0xCE79, 0xBDD7, 0x9CF3, 0x9CD2, 0x9491, 0x8C50, 0x8C71, 0x8C50, 0x8C50, 0x8C51, 0x8C52, 0x8411, 0x7BF0, 0x7BF1, 0x7BF1,
  0x73AF, 0x736E, 0x738F, 0x738F, 0x630E, 0x52AB, 0x52AB, 0x630C, 0x6B8E, 0x8431, 0x9492, 0x9492, 0x94B3, 0x8451, 0x7BF0, 0x5AEC,
  0x52CB, 0x4A6A, 0x39C8, 0x31A7, 0x4A4A, 0x630C, 0x7BF0, 0x94B3, 0x8C72, 0x736E, 0x528A, 0x39E7, 0x4249, 0x6B6D, 0x94B2, 0xB5B6,
  0xCE7A, 0xDEFD, 0xEF5E, 0xEF7F, 0xEF5E, 0xEF5E, 0xEF5E, 0xE73E, 0xE73E, 0xE71D, 0xEF5E, 0xE73E, 0xE75E, 0xE73D, 0xE73D, 0xE73D,
  0xE73D, 0xE75E, 0xE73E, 0xE73E, 0xE75E, 0xE75E, 0xE73E, 0xF79F, 0xBDF8, 0x738E, 0x6B2D, 0x528B, 0x62EC, 0xDEBB, 0xEF7E, 0xEF5E,
  0xEF7E, 0xE75E, 0xE73D, 0xD6BC, 0xC65A, 0xC639, 0xBDF8, 0xB597, 0xA515, 0x9CD4, 0x94B3, 0x8431, 0x7BF0, 0x8431, 0x7BAF, 0x6B4E,
  0x7390, 0x736F, 0x6B4F, 0x632E, 0x6B6F, 0x6B6F, 0x6B6F, 0x6B6F, 0x73B0, 0x7BD0, 0x73AF, 0x7BAF, 0x7BD0, 0x7BD0, 0x8C52, 0x738E,
  0x52AB, 0x4229, 0x3186, 0x3186, 0x3186, 0x3A08, 0x4A8A, 0x5B0C, 0x6B8E, 0x8451, 0x94B3, 0x94B3, 0x8C51, 0x6B8E, 0x52CB, 0x39E8,
  0x39C8, 0x39A7, 0x4A49, 0x6B4D, 0x8C52, 0x94B3, 0x8410, 0x5ACB, 0x4A49, 0x528A, 0x738E, 0x9CD4, 0xB5B7, 0xD69B, 0xE73D, 0xEF5E,
  0xEF5E, 0xE73E, 0xE73E, 0xE71D, 0xEF5E, 0xEF5E, 0xEF3E, 0xEF7F, 0xEF7F, 0xEF7F, 0xEF7F, 0xEF7F, 0xEF7F, 0xEF7E, 0xE75E, 0xE75E,
  0xE73E, 0xEF7E, 0xC618, 0x8410, 0x630C, 0x526B, 0x6B2D, 0xE71D, 0xE73D, 0xD6BB, 0xBE19, 0xAD77, 0xAD56, 0x9CF4, 0x8C52, 0x8411,
  0x73AF, 0x630D, 0x632D, 0x528B, 0x39E8, 0x4209, 0x528B, 0x52AC, 0x5AAC, 0x6B4E, 0x8C53, 0x9473, 0x94B3, 0x9493, 0x9CD4, 0x9CF4,
  0x9CD4, 0x9CD4, 0x94B4, 0x9CD4, 0x9493, 0x94B3, 0x94D4, 0x94B4, 0x8410, 0x8C50, 0x9492, 0x94B2, 0x9492, 0x8C71, 0x73AE, 0x634D,
  0x52CB, 0x4249, 0x2986, 0x2986, 0x3187, 0x39E8, 0x528B, 0x6B6E, 0x8410, 0x8C72, 0x9493, 0x8431, 0x630D, 0x4209, 0x2966, 0x3186,
  0x528B, 0x7BAF, 0x8411, 0x83F0, 0x632D, 0x528A, 0x62EC, 0x7BEF, 0xAD75, 0xCE39, 0xDEFC, 0xEF5E, 0xEF5E, 0xDEFD, 0xE75E, 0xEF3E,
  0xEF1D, 0xBD77, 0xBD77, 0xC5B7, 0xC5D8, 0xC619, 0xCE39, 0xD6BB, 0xEF5E, 0xE75E, 0xE73E, 0xEF7E, 0xBDD8, 0x7BD0, 0x6B2D, 0x528B,
  0x632D, 0xAD76, 0xAD55, 0x94B3, 0x8411, 0x8431, 0x6B4E, 0x52AC, 0x424A, 0x31A7, 0x3186, 0x4229, 0x630C, 0x5ACB, 0x6B6D, 0x8410,
  0x9492, 0x9492, 0x9492, 0x8C72, 0x83F1, 0x8411, 0x7BF0, 0x738E, 0x73AF, 0x73B0, 0x6B4E, 0x632E, 0x630D, 0x52AC, 0x52AC, 0x4A6A,
  0x5B2D, 0x4A8B, 0x528A, 0x3186, 0x31A6, 0x39C6, 0x4A48, 0x5AEB, 0x738D, 0x8430, 0x8C72, 0x8C92, 0x9492, 0x8C51, 0x7BCF, 0x6B2D,
  0x4A4A, 0x3186, 0x2125, 0x2105, 0x39C8, 0x5AEC, 0x8411, 0x9CB3, 0x94B3, 0x8431, 0x5ACB, 0x41E8, 0x4A49, 0x5ACB, 0x73AF, 0x9472,
  0x8431, 0x736E, 0x630C, 0x7BAF, 0x9492, 0xBDB7, 0xD67A, 0xD6BB, 0xEF7E, 0xEF7E, 0xD618, 0x830C, 0x8AEC, 0x8AEC, 0x934D, 0x8B8D,
  0x7B4C, 0x9C31, 0xF75E, 0xEF7E, 0xEF7E, 0xEF7E, 0xB597, 0x7BAF, 0x630D, 0x4A6A, 0x630D, 0x8411, 0x7BF0, 0x73AF, 0x6B8F, 0x73B0,
  0x73AF, 0x6B8E, 0x73F0, 0x8410, 0x9471, 0x9492, 0x9472, 0x8430, 0x73AE, 0x5ACB, 0x4A69, 0x41E8, 0x4208, 0x52AB, 0x62EE, 0x6B6F,
  0x7BD1, 0x6B4F, 0x6B4F, 0x8C52, 0x8C52, 0x8411, 0x8411, 0x83F1, 0x8411, 0x6B6E, 0x7BD0, 0x7BD0, 0x9492, 0x7BEF, 0x6B4D, 0x5AEB,
  0x5289, 0x41E7, 0x3186, 0x3186, 0x31A7, 0x39E7, 0x4A49, 0x5AEB, 0x6B6E, 0x8410, 0x9492, 0x9CD3, 0x9472, 0x7BCF, 0x632D, 0x4208,
  0x2945, 0x2945, 0x39C8, 0x5ACC, 0x8C31, 0x9492, 0x8C51, 0x7BCF, 0x526A, 0x3186, 0x526A, 0x738E, 0x9472, 0x8410, 0x738E, 0x738E,
  0x9451, 0xB555, 0xD659, 0xD638, 0x93AE, 0x934C, 0x9B6D, 0x9B8D, 0xA430, 0x8C0F, 0x83AD, 0x8B6E, 0xD619, 0xE6DC, 0xC618, 0xAD75,
  0x9492, 0x73AF, 0x5AEC, 0x4A6A, 0x5ACC, 0x8C72, 0x9CF4, 0x9CF4, 0x9CF4, 0x94B3, 0x8451, 0x73CF, 0x632C, 0x528A, 0x4208, 0x39C7,
  0x39C7, 0x39C7, 0x4208, 0x52AA, 0x6B4D, 0x73AF, 0x8C31, 0x9493, 0x94B3, 0x94B2, 0x94B2, 0x8C51, 0x8410, 0x7BF0, 0x83F0, 0x6B2D,
  0x630C, 0x5AEC, 0x632D, 0x738F, 0x738F, 0x738E, 0x5ACB, 0x6B6D, 0x73AE, 0x8430, 0x9492, 0x94B3, 0x9492, 0x8430, 0x7BCF, 0x73AE,
  0x630C, 0x4229, 0x39C7, 0x31A7, 0x2945, 0x3186, 0x4229, 0x5ACB, 0x73AF, 0x8C72, 0x94B3, 0x8431, 0x6B4D, 0x4A6A, 0x2125, 0x6B6E,
  0xA534, 0x8C71, 0x9471, 0x9471, 0x632C, 0x4A28, 0x4208, 0x5ACB, 0x8C30, 0x8C30, 0x7B4D, 0x832C, 0x8B4D, 0x830B, 0x8B0A, 0x9B6C,
  0x9B4B, 0x9B4C, 0xACB2, 0xAD53, 0xA4B1, 0x936D, 0x8B4D, 0x93F0, 0x9430, 0x83AE, 0x8430, 0x7BEF, 0x5AEB, 0x4A49, 0x5ACB, 0x7BCF,
  0x630D, 0x4A6A, 0x4228, 0x39E7, 0x39C6, 0x4228, 0x52A9, 0x632C, 0x738E, 0x8410, 0x8410, 0x8430, 0x8430, 0x7BEF, 0x6B6D, 0x630C,
  0x52AB, 0x4A6A, 0x4A6A, 0x4A6A, 0x39E8, 0x528A, 0x4A6A, 0x630C, 0x6B6D, 0x31A6, 0x2965, 0x3186, 0x4A29, 0x630D, 0x5ACB, 0x6B4E,
  0x2945, 0x18C3, 0x18C3, 0x2104, 0x2945, 0x3186, 0x4208, 0x52AA, 0x630C, 0x7BAF, 0x8C31, 0x9472, 0x94B2, 0x9492, 0x8430, 0x6B6D,
  0x52AA, 0x39E7, 0x3186, 0x2104, 0x3186, 0x4A49, 0x630C, 0x8411, 0x8C72, 0x94B3, 0xAD55, 0x94B2, 0x39C6, 0x39E7, 0x630C, 0x83EF,
  0x8430, 0x7BAE, 0x732C, 0x7B0B, 0x936D, 0x8ACA, 0x8ACA, 0x92CA, 0x9B2A, 0x9B4B, 0x9B4B, 0x9B4B, 0xAC92, 0xBD95, 0xAC91, 0x932C,
  0x9B4D, 0x934C, 0x8B0C, 0x93CE, 0x940F, 0x738E, 0x52CA, 0x4249, 0x5ACB, 0x632D, 0x738E, 0x7BF0, 0x7BF0, 0x8C51, 0x8C51, 0x8410,
  0x73AE, 0x632C, 0x52AA, 0x4208, 0x3166, 0x2945, 0x2945, 0x2945, 0x39C7, 0x528A, 0x5AEC, 0x7BCF, 0x7BF0, 0x83F1, 0x8411, 0x9473,
  0x9473, 0x94B3, 0x8C72, 0x8C51, 0x8C51, 0x8C51, 0x8C51, 0x8431, 0x8411, 0x8411, 0x9492, 0x8C51, 0x8410, 0x7BEF, 0x738E, 0x62EC,
  0x4A69, 0x4208, 0x39C7, 0x3165, 0x2925, 0x2965, 0x39C7, 0x4228, 0x52AA, 0x6B6D, 0x7BEF, 0x8C71, 0x94B3, 0x8C72, 0x73AF, 0x5ACB,
  0x4208, 0x2946, 0x2125, 0x4A6A, 0x8430, 0x8430, 0x8C50, 0x738D, 0x5289, 0x39C6, 0x39E7, 0x7B8D, 0x9BAE, 0x8B2C, 0x932C, 0x92EA,
  0x92A9, 0x9AA9, 0x9B0A, 0x9B2A, 0x9B4B, 0x9B4C, 0x9BCF, 0x93EF, 0x9BEE, 0x9B2C, 0xA36D, 0xA36C, 0x9B4C, 0x8B2C, 0x8B8D, 0x734D,
  0x5269, 0x4A49, 0x5ACB, 0x632D, 0x4A69, 0x632D, 0x7BD0, 0x73AF, 0x52AB, 0x4228, 0x4A69, 0x52AA, 0x630C, 0x736E, 0x7BCF, 0x8C30,
  0x8C71, 0x8C71, 0x8C51, 0x8410, 0x738F, 0x630D, 0x52AA, 0x528A, 0x526A, 0x4208, 0x39E8, 0x2966, 0x2125, 0x18E4, 0x18C3, 0x18C4,
  0x18C4, 0x18A3, 0x10A3, 0x10A3, 0x39C7, 0x4248, 0x52AA, 0x630C, 0x738D, 0x7BCF, 0x8C30, 0x9450, 0x9450, 0x8C30, 0x83EF, 0x7B8D,
  0x6B4C, 0x5ACB, 0x4208, 0x3186, 0x2945, 0x2925, 0x3166, 0x41E8, 0x5ACB, 0x73AF, 0x8C51, 0x94B2, 0x8430, 0x738E, 0x634C, 0x39C7,
  0x39C7, 0x52AA, 0x73AE, 0x83CE, 0x7AEB, 0x8289, 0x9AEA, 0x9B0B, 0x9B0B, 0x92CA, 0x92A9, 0x9AC9, 0x9AE9, 0x9AEA, 0x9AEA, 0x92EA,
  0x9B4C, 0x8AEA, 0x936B, 0x9B4B, 0x9B2C, 0xA32C, 0x9B0B, 0x932C, 0x8B8E, 0x7B6E, 0x5A8A, 0x5269, 0x5AAA, 0x738E, 0x7BCF, 0x9471,
  0x9CD3, 0x94B3, 0x9472, 0x8430, 0x7BCF, 0x73AE, 0x6B4C, 0x5ACB, 0x4A69, 0x39C7, 0x31A7, 0x2945, 0x2945, 0x2965, 0x2966, 0x4228,
  0x528A, 0x5ACB, 0x5AEC, 0x52AB, 0x5ACB, 0x5AEC, 0x632D, 0x6B6D, 0x738E, 0x738E, 0x738E, 0x73AE, 0x738E, 0x738E, 0x39C7, 0x2945,
  0x2905, 0x20E4, 0x28E4, 0x28E4, 0x3105, 0x51E7, 0x6A89, 0x72EA, 0x838D, 0x9C2F, 0x940F, 0x8BEF, 0x9C50, 0xA491, 0x9C51, 0x8BEF,
  0x7B4D, 0x5A49, 0x4186, 0x3104, 0x3104, 0x49A6, 0x6289, 0x838D, 0x9C50, 0x9C50, 0x8BEF, 0x6B2B, 0x5268, 0x5A48, 0x932C, 0x9AEB,
  0x9AEA, 0x9AEA, 0x9AEA, 0x92A9, 0x92A9, 0x9AC9, 0x9B0A, 0x9B0A, 0x9B0B, 0xA32B, 0x9B4C, 0x9B4C, 0x9B6B, 0x9B4B, 0x9B2B, 0x9AEA,
  0x9B0B, 0x932C, 0x834D, 0x734D, 0x5ACB, 0x4A08, 0x5269, 0x5A8A, 0x4A28, 0x41E8, 0x39E7, 0x39C7, 0x31A6, 0x41E7, 0x41E7, 0x4228,
  0x4A69, 0x52AA, 0x5AEB, 0x6B4D, 0x7BCF, 0x8410, 0x8430, 0x8431, 0x8410, 0x7BEF, 0x73AF, 0x738E, 0x738E, 0x6B6D, 0x632C, 0x5AEB,
  0x52AA, 0x528A, 0x4A6A, 0x4A49, 0x4228, 0x4A49, 0x4A49, 0x4A49, 0x9BCE, 0x93AE, 0x8B6E, 0x8B4D, 0x830C, 0x8B2D, 0x830C, 0x934C,
  0x9B8D, 0x936C, 0x934C, 0x936C, 0x8B2B, 0x82EA, 0x8B2B, 0x934C, 0x9B8D, 0x9BAD, 0x9BAE, 0x936D, 0x936D, 0x8B2C, 0x8B0B, 0x82CA,
  0x7AA9, 0x82CA, 0x82EA, 0x82EB, 0x8B6C, 0x93CD, 0x9BCD, 0x8B2B, 0x92C9, 0x9AEA, 0xA30B, 0xA32B, 0xA30B, 0x9AEA, 0x9AEA, 0x9AEA,
  0x9AEA, 0x92C9, 0x92CA, 0x92EA, 0x92EA, 0x8AEA, 0x8B0A, 0x8B0A, 0x930B, 0x9B0A, 0x9AEA, 0x8B0B, 0x832C, 0x6AEB, 0x5269, 0x4208,
  0x528A, 0x738E, 0x83F0, 0x8C30, 0x83EF, 0x83EF, 0x8410, 0x8410, 0x7BCF, 0x7BCF, 0x738E, 0x632C, 0x5AEB, 0x528A, 0x4A49, 0x39E7,
  0x3186, 0x2945, 0x2945, 0x2104, 0x18E4, 0x2104, 0x2125, 0x2125, 0x2965, 0x2965, 0x2966, 0x31A6, 0x3186, 0x31A7, 0x39C7, 0x39C7,
  0x3186, 0x3186, 0x8267, 0x8268, 0x8268, 0x8288, 0x8A89, 0x8A89, 0x8A89, 0x8288, 0x7A47, 0x7A68, 0x8288, 0x7A68, 0x8288, 0x82A9,
  0x8288, 0x7A68, 0x7A47, 0x7A47, 0x69E7, 0x69E6, 0x7227, 0x7227, 0x7A48, 0x7A48, 0x7A47, 0x7A47, 0x7227, 0x7A47, 0x7247, 0x7268,
  0x7A88, 0x92E9, 0x9AE9, 0x9AE9, 0xA32B, 0xAB4B, 0xA32B, 0xA32B, 0xAB2B, 0xA32B, 0x8A68, 0x7A07, 0x7A27, 0x7A48, 0x7A68, 0x7A68,
  0x7268, 0x8289, 0x8289, 0x92C9, 0x9B0A, 0x932B, 0x834C, 0x62CA, 0x4A49, 0x4A49, 0x5269, 0x5AAA, 0x4A29, 0x41E7, 0x3186, 0x3165,
  0x3186, 0x39C7, 0x39C7, 0x39E7, 0x39E7, 0x4A49, 0x4A49, 0x528A, 0x5AEC, 0x632D, 0x738E, 0x7BCF, 0x7BCF, 0x7BF0, 0x7BF0, 0x8430,
  0x8431, 0x8430, 0x8431, 0x8C51, 0x8431, 0x8410, 0x7BF0, 0x7BCF, 0x7BAF, 0x73AF, 0x73AF, 0x7BAF, 0x7228, 0x6A07, 0x6A07, 0x6A06,
  0x6A07, 0x7227, 0x7A48, 0x7207, 0x69C5, 0x7206, 0x7207, 0x7227, 0x7227, 0x7227, 0x7226, 0x69E6, 0x69C5, 0x7206, 0x61A5, 0x61A5,
  0x69E6, 0x69E6, 0x7207, 0x6A06, 0x69E6, 0x69E6, 0x69E5, 0x6A06, 0x7247, 0x7247, 0x8A88, 0x9AE9, 0x9AC9, 0x9AC9, 0x9AEA, 0xA2EA,
  0x9AEA, 0xA30A, 0xA30A, 0xA30B, 0x9AEA, 0x7207, 0x61A5, 0x7227, 0x7227, 0x7227, 0x6A07, 0x7A69, 0x8ACA, 0x9AE9, 0x9B0A, 0x932B,
  0x7B0B, 0x5A89, 0x4A48, 0x4A29, 0x5249, 0x5A8A, 0x6B2D, 0x736D, 0x8410, 0x8C30, 0x8430, 0x8C51, 0x8410, 0x7BEF, 0x7BCF, 0x738E,
  0x6B6D, 0x632C, 0x5AEB, 0x528A, 0x4A49, 0x4229, 0x4208, 0x39E7, 0x3186, 0x2966, 0x2125, 0x2104, 0x2104, 0x18C3, 0x18E3, 0x18C3,
  0x10A3, 0x10A2, 0x10A3, 0x1082, 0x1062, 0x10A3, 0x7A89, 0x7A68, 0x7A48, 0x7A88, 0x82C9, 0x82EA, 0x7A88, 0x7A48, 0x7A68, 0x7A68,
  0x7A47, 0x82A8, 0x930A, 0x92EA, 0x82A8, 0x7A47, 0x8268, 0x7A47, 0x7A07, 0x7206, 0x7A47, 0x7A48, 0x8289, 0x7227, 0x69C6, 0x69E6,
  0x69E6, 0x61C6, 0x69E7, 0x8AC9, 0x92A8, 0x9AC9, 0x9AC9, 0x9AC9, 0x9AE9, 0x9AC9, 0x9AC9, 0x9AC9, 0x9AA9, 0xA2EB, 0x9AEA, 0x8A88,
  0x7A27, 0x7A47, 0x7A46, 0x7A47, 0x7247, 0x82A9, 0x92EA, 0x92C9, 0x92E9, 0x8B0A, 0x72EA, 0x5A68, 0x4207, 0x4A28, 0x5A69, 0x834D,
  0x49C7, 0x3185, 0x3145, 0x3145, 0x2925, 0x2945, 0x3145, 0x2945, 0x2945, 0x3186, 0x39C7, 0x3186, 0x39C7, 0x41E9, 0x4A29, 0x524A,
  0x5A8A, 0x62AB, 0x62AB, 0x62CC, 0x632D, 0x6B4E, 0x6B4D, 0x6B4D, 0x738D, 0x738E, 0x738E, 0x7BAE, 0x7BCF, 0x738E, 0x736E, 0x738E,
  0xABAD, 0xA38C, 0x9B2B, 0xA38C, 0xABAC, 0xABED, 0xA3AC, 0x9B6B, 0xA36C, 0xA38C, 0x9B2A, 0xB3ED, 0xB3CD, 0xB3CD, 0xABAC, 0x9B2B,
  0xAB8C, 0xB3CD, 0xA34B, 0x92EA, 0xA34C, 0xAB8C, 0x9B4C, 0x8AEA, 0x8289, 0x8288, 0x82A9, 0x7268, 0x7A69, 0x92CA, 0x9AC9, 0x9AC9,
  0x9AC9, 0x9AA8, 0x9AE9, 0x9AE9, 0x9AC9, 0x9AC9, 0x8A88, 0x7A47, 0x71C5, 0x7A06, 0x92C9, 0x8AA8, 0x92A8, 0x92A9, 0x7A68, 0x82A9,
  0x930A, 0x9B0A, 0x9AC9, 0x8AEA, 0x832B, 0x72EA, 0x4A07, 0x49E7, 0x6289, 0x82EB, 0x7ACB, 0x736D, 0x738E, 0x83CF, 0x8C10, 0x8C10,
  0x8C10, 0x83EF, 0x83EF, 0x840F, 0x7BCE, 0x7BAE, 0x73AD, 0x738C, 0x6B6C, 0x632B, 0x630A, 0x62EA, 0x5AC9, 0x52C9, 0x52C9, 0x52C9,
  0x5288, 0x4A68, 0x4A28, 0x4207, 0x39C6, 0x39C6, 0x39C7, 0x39C6, 0x39C7, 0x39A6, 0x9AEA, 0x92C9, 0x8AA8, 0x92E9, 0x930A, 0x9B2A,
  0x9B2A, 0x92C9, 0x92C9, 0x92E9, 0x92E9, 0xA34A, 0xA36B, 0xA36B, 0x9B2A, 0x9AEA, 0x9AEA, 0x92E9, 0x92C9, 0x92A9, 0x92EA, 0x92EA,
  0x92EA, 0x8ACA, 0x8288, 0x8A88, 0x8288, 0x7227, 0x7227, 0x92A9, 0x92A8, 0x9AA7, 0xA308, 0x9AE7, 0xA308, 0xA308, 0x9B08, 0x8AC7,
  0x7225, 0x5962, 0x4901, 0x71E5, 0x92C9, 0x9288, 0x9A89, 0x92A9, 0x8AA9, 0x69E5, 0x5142, 0x7205, 0x9AC8, 0x9329, 0x934A, 0x7267,
  0x6A87, 0x6246, 0x72C7, 0x9B6A, 0x9B8B, 0x7309, 0x7309, 0x6AE8, 0x62A7, 0x6287, 0x5A46, 0x5225, 0x49E5, 0x5205, 0x4A05, 0x49E5,
  0x49E5, 0x49C5, 0x41A5, 0x20C2, 0x28E3, 0x2924, 0x2904, 0x2104, 0x3185, 0x4A27, 0x49E5, 0x5225, 0x5A46, 0x5226, 0x5206, 0x5226,
  0x5A46, 0x5A67, 0x5A47, 0x5226, 0x9B0A, 0x9B0A, 0x9B4B, 0x930A, 0x9B2B, 0xA34B, 0xA34B, 0xA34B, 0x9B0A, 0x9B2A, 0xA36B, 0xA36B,
  0xA34B, 0xAB6B, 0xAB6B, 0xB3AC, 0xAB6B, 0x9AE9, 0xA30A, 0xA32A, 0xA32B, 0xA34B, 0xAB8C, 0x92EA, 0x8A68, 0x8A89, 0x8A88, 0x7A46,
  0x82A6, 0xA368, 0xB3A9, 0xBBC9, 0xBC08, 0xBC08, 0xBC08, 0xBC29, 0xB409, 0xABC8, 0xA3C8, 0x9368, 0x9328, 0x92E7, 0x92A8, 0x9AA8,
  0xA2A9, 0x9AA9, 0x8AA8, 0x7A46, 0x8B27, 0x9B68, 0xABC9, 0xB42A, 0xB44A, 0xA3E9, 0xAC09, 0xA409, 0xA429, 0xBC4A, 0xB409, 0x9BC8,
  0xA3E9, 0xAC09, 0xAC2A, 0xB44B, 0xB44B, 0xB44A, 0xB46B, 0xB48B, 0xB46B, 0xB46B, 0xB46B, 0xAC4B, 0xB46C, 0xB48D, 0xB48D, 0xA42C,
  0xAC6D, 0xACAE, 0xB4AE, 0xB4AD, 0xB46B, 0xBC8C, 0xB46B, 0xBC8C, 0xB46B, 0xB46B, 0xB46C, 0xB46C, 0xB46C, 0xB46B, 0x9B4B, 0x930A,
  0x8288, 0x9B4B, 0x9B6C, 0x9B4C, 0xAB8D, 0xA36C, 0x9B2B, 0xA38C, 0xABAC, 0xABAC, 0xAB8C, 0xAB6B, 0xAB6B, 0xAB8C, 0xAB8C, 0xA34B,
  0xAB6B, 0xA34B, 0xA32A, 0xA34B, 0xB3CD, 0x92C9, 0x8A89, 0x9289, 0x92A8, 0x7224, 0x9325, 0xB3E8, 0xAB87, 0xA366, 0xA366, 0xA385,
  0xA386, 0x9B45, 0x9B65, 0x9B65, 0x9B66, 0xA386, 0xB3C8, 0xB3A9, 0x9A86, 0x9A88, 0xA2A8, 0x9AA8, 0x8245, 0x9307, 0xAC09, 0x8B05,
  0x8B26, 0x8B05, 0x9346, 0x9B86, 0x9B66, 0x9365, 0x9385, 0x9B85, 0xA385, 0x9365, 0x8B25, 0x8B05, 0x9325, 0x8B05, 0x9326, 0x8B26,
  0x8B26, 0x8B26, 0x8B26, 0x8B06, 0x8B05, 0x8324, 0x8304, 0x8B45, 0x8B45, 0xAC08, 0xA3E7, 0x8304, 0x8304, 0x8304, 0x8303, 0x82C4,
  0x82E4, 0x82E4, 0x82C4, 0x82E4, 0x82E5, 0x82E4, 0x7AC4, 0x7AC4, 0x61A6, 0x5164, 0x38C2, 0x5985, 0x69E7, 0x8AEB, 0x6A07, 0x69E7,
  0x6A07, 0x7248, 0x7248, 0x6A27, 0x8288, 0xA34A, 0xA32A, 0xA34B, 0xAB4A, 0xA32A, 0xA32A, 0x9AE9, 0x9AE9, 0x9B0A, 0xA32A, 0x92A9,
  0x9289, 0x9268, 0x9288, 0x7A05, 0x9305, 0xB3E7, 0xA327, 0xA348, 0xA347, 0xA368, 0x9326, 0x9B26, 0x9B27, 0x9B48, 0x9B47, 0xAB87,
  0x9B05, 0xAB68, 0x9A86, 0x9A87, 0x9AC8, 0x92A8, 0x7A45, 0x9327, 0xA3A7, 0x8284, 0x9B68, 0x8B07, 0x93AA, 0x9B89, 0x9347, 0x8B47,
  0x9367, 0xABA8, 0xAB88, 0xA3A9, 0x9BEA, 0x9BC9, 0x93CA, 0x93CA, 0x93C9, 0x93CA, 0x93CA, 0x9389, 0x9389, 0x9389, 0x93AA, 0x93CA,
  0x8BA9, 0x93CA, 0x9389, 0xB42A, 0xA3E8, 0x8B68, 0x8BA9, 0x8348, 0x8368, 0x8B68, 0x8B68, 0x8B48, 0x8B48, 0x8B68, 0x8B67, 0x8348,
  0x8348, 0x8326, 0x4903, 0x38E2, 0x4985, 0x40E3, 0x5924, 0xA38D, 0x4943, 0x38E2, 0x4103, 0x5185, 0x5164, 0x3081, 0x7227, 0xABAC,
  0xAB8B, 0xB38C, 0xB3AC, 0xB3AC, 0xB3AC, 0xAB6B, 0xAB6B, 0xB38C, 0xB36B, 0x9AC9, 0x9268, 0x9268, 0x9268, 0x79E6, 0x8AC5, 0xABC7,
  0xAB48, 0x9B08, 0x92E7, 0x92E7, 0x92E6, 0x9305, 0x8AA5, 0x8AC7, 0x8265, 0x9B07, 0xA326, 0xAB48, 0x9287, 0x9A87, 0x9AC7, 0x92A9,
  0x7A06, 0x8285, 0xABA8, 0x8AC5, 0x8285, 0x6A03, 0x7B4A, 0x72C8, 0x7285, 0x8306, 0x7A85, 0x9307, 0x9AE8, 0x92C8, 0x82C8, 0x9389,
  0x8329, 0x6268, 0x5A46, 0x5A27, 0x6227, 0x7AA8, 0x8308, 0x6A26, 0x6206, 0x5A46, 0x5205, 0x62A8, 0x7AC7, 0xABE8, 0x9B66, 0x72A6,
  0x6267, 0x49C5, 0x5205, 0x5A25, 0x6225, 0x7286, 0x6A25, 0x6205, 0x51E4, 0x51E6, 0x6206, 0x6224, 0x82A9, 0x6A06, 0x59C5, 0x7AA9,
  0x7A07, 0x9B0B, 0x8247, 0x82A8, 0x61A5, 0x7A88, 0x7A68, 0x61C5, 0x8AA9, 0xA34B, 0xA32B, 0xA34B, 0xAB6B, 0xAB6B, 0xAB4A, 0xA30A,
  0xAB2A, 0xAB2A, 0xB34B, 0x92A9, 0x8A68, 0x9268, 0x8A68, 0x6164, 0x8264, 0xB3C8, 0xAB48, 0xA308, 0x9AE7, 0xB3EA, 0xC4AA, 0xC4A9,
  0xABA8, 0x8AA6, 0x92C6, 0xA348, 0xAB87, 0xAB48, 0x9267, 0x9A87, 0x9AC7, 0x9AC9, 0x71E5, 0x7223, 0xA3A8, 0x8AC6, 0x8AA6, 0x7A65,
  0x7B29, 0x8B8A, 0xBCAB, 0xC4C9, 0xC4AB, 0xAB68, 0x9AC7, 0x92C8, 0xB409, 0xBCA8, 0xB488, 0x7B27, 0x41A3, 0x4984, 0x8B48, 0xB448,
  0xB468, 0xA3E8, 0x59C4, 0x49A6, 0x49C5, 0x6268, 0x7267, 0xA3A8, 0x9B67, 0x6225, 0x5A27, 0x4185, 0x4164, 0x59C5, 0x9368, 0xA3E7,
  0x9367, 0x7AA7, 0x4984, 0x3103, 0x59E5, 0x8B47, 0x8288, 0x82A9, 0x6A26, 0x7206, 0x9B0A, 0xA32A, 0xA32A, 0x9B2A, 0x92EA, 0x9B2A,
  0x9B2A, 0x9B2A, 0xA34B, 0x9B4B, 0x9B4B, 0xA34B, 0xA34A, 0xA32A, 0xA32A, 0xAB2A, 0xAB2A, 0xAB0A, 0xAB0A, 0x92A9, 0x8A68, 0x8A48,
  0x8A68, 0x69A5, 0x8264, 0xB3A8, 0xA328, 0xA2E7, 0x92A7, 0x9B06, 0xC4A8, 0xBC47, 0x9B25, 0x92C6, 0x92E7, 0xA348, 0xABA8, 0xAB48,
  0x9266, 0x9A87, 0x9AC7, 0x9AC9, 0x7A26, 0x7A64, 0xABA8, 0x92E6, 0x92C7, 0x7A66, 0x72E8, 0x6AA6, 0xA3E7, 0xCD09, 0xA386, 0x9AC6,
  0x9AE8, 0x9AE8, 0xABC9, 0xC4C8, 0xB447, 0x8327, 0x7B0B, 0x830C, 0x936A, 0xBC88, 0xC4A8, 0xA3C9, 0x7AE9, 0x6AC9, 0x7B49, 0x8BCB,
  0x9388, 0xAC07, 0xA3C6, 0x8327, 0x7B29, 0x7309, 0x7309, 0x7B08, 0x9BE7, 0xB445, 0xAC26, 0x8B48, 0x6AC8, 0x62C8, 0x7B07, 0x9BE6,
  0x69E6, 0x930B, 0x61A5, 0x6184, 0x930A, 0xAB8C, 0xA36B, 0xA32A, 0x9B2A, 0xA32B, 0xA34B, 0xA34B, 0xA36C, 0xABAD, 0xABAD, 0xAB8C,
  0xAB8C, 0xB3AC, 0xAB6B, 0xB3AC, 0xB38C, 0xAB4B, 0xAB4B, 0x92C9, 0x8A68, 0x8A68, 0x8248, 0x69A5, 0x8265, 0xB388, 0xA307, 0x9AC6,
  0x9AC7, 0xAB88, 0xBC48, 0xB3E6, 0xAB87, 0x9B07, 0x9B07, 0xAB88, 0xABA7, 0xAB48, 0x9267, 0x9A87, 0x9286, 0x9288, 0x7A26, 0x8284,
  0xABC8, 0x9B06, 0x9B07, 0x8AC7, 0x72A8, 0x7AE7, 0xA3C6, 0xC489, 0xA367, 0x9B08, 0x9AC8, 0x9B08, 0x9BA7, 0xBC87, 0xAC06, 0x8B47,
  0x6AC7, 0x7308, 0x9388, 0xB427, 0xBC67, 0x9366, 0x7AE8, 0x6AA8, 0x6AE7, 0x7B28, 0x8326, 0xAC06, 0x9BA5, 0x7AE4, 0x6AE7, 0x6287,
  0x62A7, 0x6AC6, 0x8324, 0xB425, 0xA3C5, 0x7AE6, 0x6AC7, 0x6AC7, 0x7AE6, 0x8B44, 0x7A89, 0x7A48, 0x82A9, 0x8B0A, 0x82A9, 0x82A9,
  0x8AA9, 0x92EA, 0x8288, 0x8AA9, 0x8A89, 0x8AA9, 0x92EA, 0x932B, 0x92EA, 0x92EA, 0x92E9, 0x9B0A, 0x92E9, 0x9B09, 0x9B09, 0x9AE9,
  0xA309, 0x92A9, 0x8A68, 0x8A67, 0x8247, 0x69A4, 0x8A85, 0xB387, 0xA326, 0x9AE6, 0x92A5, 0xA347, 0xB3C8, 0xBC08, 0xB3C9, 0x92C7,
  0x9B08, 0xA389, 0xABA8, 0xA327, 0x8A05, 0x8A26, 0x8204, 0x8206, 0x7A06, 0x8285, 0xABC8, 0x9B06, 0x9B07, 0x8AE8, 0x6A87, 0x72C7,
  0xA3C8, 0xAC09, 0xA369, 0x9AE8, 0x92C7, 0x9328, 0x9C09, 0xB449, 0xAC09, 0x8B48, 0x6AC6, 0x6AE7, 0x93A9, 0xAC09, 0xAC09, 0x9BEA,
  0x72C8, 0x62A8, 0x6AC8, 0x7B49, 0x8B47, 0xAC07, 0xA3C6, 0x8306, 0x7308, 0x62A8, 0x6AA8, 0x72E8, 0x93C9, 0x9BA7, 0x9BA8, 0x8B89,
  0x6AA7, 0x6287, 0x7B08, 0x9387, 0x5165, 0x5165, 0x5164, 0x4904, 0x61A7, 0x5145, 0x7228, 0xA3AC, 0x59A4, 0x4943, 0x51A5, 0x6A27,
  0x5164, 0x5165, 0x6A07, 0x6A07, 0x5163, 0x61E6, 0x7248, 0x6A07, 0x82A8, 0xA38C, 0xAB4B, 0x9288, 0x8A47, 0x8A66, 0x8A46, 0x69A4,
  0x8A65, 0xAB67, 0x9B27, 0x9307, 0x8A86, 0x8A85, 0xA367, 0xABE9, 0xCD0E, 0x9B8A, 0xA38B, 0x9B6A, 0xABA8, 0xA2C6, 0x89E5, 0x8A05,
  0x8A05, 0x8226, 0x71C7, 0x7A85, 0xABC7, 0x9306, 0x9B07, 0x8AC7, 0x6AA7, 0x5A46, 0x6A46, 0x8B69, 0x6224, 0x8AC7, 0x92E7, 0x8307,
  0x7306, 0x93CA, 0x8307, 0x6AA6, 0x6AC8, 0x62A8, 0x6AA7, 0x8B48, 0x9389, 0x72C7, 0x72E7, 0x6AE7, 0x6AC8, 0x7B29, 0x8B26, 0xAC07,
  0xA3A6, 0x8305, 0x7B28, 0x6AC8, 0x6AC8, 0x6AC8, 0x72E7, 0x9388, 0x8B27, 0x6A86, 0x62A8, 0x62A8, 0x6AA6, 0x7AE6, 0x69E6, 0x71E7,
  0x71E7, 0x69A6, 0x6165, 0x6164, 0x5943, 0x8AA8, 0x6184, 0x5123, 0x5964, 0x69E6, 0x5123, 0x5964, 0x7227, 0x69C6, 0x69C5, 0x69E5,
  0x5964, 0x5985, 0x69C5, 0x9B2A, 0xAB4B, 0x9288, 0x8A67, 0x8A66, 0x8A46, 0x6984, 0x8AA6, 0xABA8, 0x9B68, 0x9327, 0x92E8, 0x92E7,
  0xABA7, 0xABC9, 0xAC0A, 0x9B69, 0x9B8A, 0x9B8A, 0xA388, 0x9AA6, 0x89E4, 0x8A05, 0x89E5, 0x8205, 0x71E7, 0x8285, 0xABC7, 0x9B07,
  0x9B07, 0x8AA7, 0x6AA6, 0x6266, 0x7286, 0x8327, 0x7AA6, 0x92E7, 0x92C7, 0x7AA5, 0x7305, 0x8B87, 0x8B47, 0x72A5, 0x72E7, 0x72E8,
  0x7B07, 0x8B88, 0x8B67, 0x8306, 0x72E7, 0x6AA7, 0x6A87, 0x8328, 0x9345, 0xAC06, 0xA3A6, 0x7B05, 0x6AE6, 0x62A7, 0x72E8, 0x6286,
  0x6AC6, 0x7B06, 0x7B06, 0x6AA6, 0x6287, 0x6AA8, 0x6A87, 0x72A6, 0x8AC9, 0x92EA, 0x92C9, 0x92A9, 0x92CA, 0x9AEA, 0x92C8, 0x9AC9,
  0x9AE9, 0x92EA, 0x92EA, 0x92A9, 0x92E9, 0x930A, 0x8AA8, 0x8AA9, 0x8AC9, 0x8247, 0x8268, 0x8AC9, 0x7A47, 0x8A88, 0xA32A, 0x9268,
  0x8A47, 0x8246, 0x8226, 0x71A5, 0x8285, 0xA3C8, 0x9BA8, 0x9347, 0x9B89, 0xA388, 0xA386, 0xA3A8, 0x7A85, 0x8AE7, 0x59A3, 0x6A25,
  0xABA8, 0x9AA5, 0x89E4, 0x8A05, 0x91E6, 0x89E5, 0x79E7, 0x8285, 0xABA8, 0x9306, 0x9306, 0x82C7, 0x6245, 0x72E7, 0x8B28, 0x8B27,
  0x9368, 0x9B28, 0x8AA6, 0x7AE6, 0x8386, 0x93A7, 0x9387, 0x8306, 0x72E6, 0x7AA6, 0x9368, 0x9387, 0x9386, 0x9387, 0x82E7, 0x8B2A,
  0x8B49, 0x9389, 0x9364, 0xB406, 0xA3C6, 0x93A7, 0x8BA9, 0x7308, 0x72E7, 0x8369, 0x8BA9, 0x93A8, 0x8B88, 0x8368, 0x72E8, 0x7AE9,
  0x7B09, 0x8369, 0x61A4, 0x7226, 0x69E5, 0x6184, 0x71E6, 0x8227, 0xAB8B, 0xAB4A, 0xB36B, 0xAB8C, 0xAB8C, 0xB3AD, 0xB3AC, 0xB3CC,
  0xB3CC, 0xB3AC, 0xAB6B, 0xA36B, 0xAB6B, 0xA36C, 0xAB8C, 0xAB8C, 0xAB6C, 0x9268, 0x8A47, 0x8A46, 0x8226, 0x6984, 0x8264, 0x9B87,
  0x9345, 0x82E4, 0x82C6, 0x9B67, 0x8B24, 0x9367, 0x6224, 0x6A45, 0x7286, 0x82C7, 0xA388, 0x9AA5, 0x89C4, 0x8A05, 0x91E5, 0x81E5,
  0x79E7, 0x82A5, 0x9B67, 0x7264, 0x7AE6, 0x6A25, 0x5A46, 0x6AC7, 0x8307, 0x8307, 0x8B28, 0x8AC7, 0x8286, 0x72A6, 0x93C7, 0x9386,
  0x9B87, 0x8B26, 0x7264, 0x82A6, 0x9B67, 0x9386, 0x9386, 0x9386, 0x8B07, 0x8AC8, 0x9328, 0x9B87, 0x9344, 0xB426, 0xB3E7, 0xA3C8,
  0x9BEA, 0x8B69, 0x9369, 0xAC4C, 0xB44C, 0xB44B, 0xB44B, 0x9BEA, 0xAC6D, 0xB4AF, 0xB48F, 0xB46D, 0x830A, 0x830A, 0x832A, 0x832A,
  0x8B0A, 0x9B0A, 0x9B0A, 0xA2E8, 0xA309, 0x9B2A, 0x9B0A, 0xA32A, 0xA34A, 0xAB6A, 0xAB4A, 0xAB4B, 0xA30A, 0x9AE9, 0x9AE9, 0x9B0A,
  0x9B0A, 0xA32B, 0xA30B, 0x8A68, 0x8A47, 0x8246, 0x8226, 0x6984, 0x7A44, 0xA3A6, 0x9385, 0x8B44, 0x82C5, 0x9346, 0x9BE7, 0x72C6,
  0x4983, 0x5A25, 0x6A86, 0x82E7, 0x9B47, 0x9AA5, 0x89E4, 0x8A05, 0x89E5, 0x81E4, 0x69A5, 0x7AA5, 0x9346, 0x6224, 0x72E6, 0x5A26,
  0x5A67, 0x5204, 0x72A6, 0x7B07, 0x7286, 0x82C8, 0x7266, 0x6286, 0x8345, 0x9366, 0x9326, 0x8AE6, 0x82E7, 0x92E7, 0x9B27, 0x9BA7,
  0x9BA6, 0x8B05, 0x82A5, 0x8A86, 0x82A5, 0x9346, 0x9B44, 0xABC5, 0xABA6, 0x82C4, 0x82E6, 0x7A85, 0x82A6, 0x8265, 0x92C6, 0x9B07,
  0x9B07, 0x9347, 0x7AC6, 0x7AC7, 0x8AE8, 0x9328, 0x83AD, 0x7B6C, 0x732B, 0x734C, 0x8BAE, 0x9B8D, 0xAB6C, 0xAB4B, 0xAB4B, 0xAB6B,
  0xA32B, 0xAB2B, 0xAB4A, 0xA32A, 0xA32A, 0xA32A, 0xA30A, 0xA30A, 0xA32A, 0xAB6B, 0xAB4B, 0xAB4B, 0xAB0B, 0x9267, 0x8A26, 0x8A26,
  0x8206, 0x6963, 0x7A63, 0xAC06, 0xA405, 0xA426, 0x8BC6, 0x8385, 0xA467, 0x8B87, 0x7B6A, 0x7B4C, 0x834A, 0x9B89, 0xA388, 0x9285,
  0x81E4, 0x8A05, 0x89C5, 0x81E4, 0x69C5, 0x9388, 0x9BC8, 0x7B49, 0x7B8A, 0x6AE9, 0x5247, 0x4A05, 0x5A25, 0x6A65, 0x6223, 0x8308,
  0x7287, 0x6A64, 0x72C3, 0x8B45, 0x7A84, 0x7244, 0x6225, 0x61A5, 0x69C4, 0x82C6, 0x82E5, 0x8304, 0x8B05, 0x82A5, 0x7A84, 0x9347,
  0x9345, 0xB3C6, 0xABA5, 0x9304, 0x8B06, 0x82C6, 0x8AE7, 0x8285, 0x8AA5, 0x92E5, 0x92E6, 0x9307, 0x82E7, 0x82A7, 0x8266, 0x9286,
  0x7B8D, 0x62EB, 0x6B2C, 0x6B2C, 0x7B4C, 0x936C, 0xA36C, 0xAB6B, 0xAB6B, 0xB36B, 0xAB6B, 0xAB4B, 0xAB6B, 0xAB4B, 0xAB6B, 0xAB6B,
  0xAB4B, 0xAB6B, 0xB3AC, 0xB3CC, 0xBBCD, 0xBBCD, 0xB38C, 0x8A67, 0x8A26, 0x8A26, 0x79E5, 0x6983, 0x8284, 0xA3C6, 0x8B44, 0x8344,
  0x8346, 0x8386, 0xA468, 0x9C29, 0x83AB, 0x83CC, 0x93CB, 0x9BCA, 0xA3C8, 0x8A65, 0x81C4, 0x89E4, 0x89E5, 0x81E4, 0x69E6, 0x9388,
  0x9C08, 0x93AB, 0x93EC, 0x8BCD, 0x6247, 0x51E5, 0x8329, 0x938A, 0x7AE6, 0x8B69, 0x8349, 0x72C5, 0x8325, 0xA3E9, 0x8B27, 0x7265,
  0x59E3, 0x5162, 0x4902, 0x8307, 0x8B66, 0x8344, 0x9385, 0x8AC4, 0x7243, 0x9326, 0x9B24, 0xABA5, 0xA385, 0x8B04, 0x8305, 0x6A64,
  0x7265, 0x6A44, 0x7AA5, 0x8B06, 0x82A5, 0x7AA6, 0x7246, 0x7205, 0x8266, 0x8265, 0x736C, 0x734C, 0x736D, 0x736D, 0x7B6D, 0x8B4C,
  0x930A, 0xA30A, 0xAB2A, 0xAB2A, 0xA32A, 0xA32A, 0xA30A, 0xA30A, 0x9AE9, 0x9AE9, 0xA30A, 0xA32A, 0xA34A, 0xAB6B, 0xAB4B, 0xAB4B,
  0xA30A, 0x8A47, 0x8A26, 0x8A26, 0x79E5, 0x6183, 0x8AC5, 0x9325, 0x7AC4, 0x6A63, 0x72A6, 0x93AA, 0x8B88, 0x7AE6, 0x7B8B, 0x83AC,
  0x93CB, 0x93CA, 0xA3E9, 0x8A65, 0x81C4, 0x89E4, 0x89E5, 0x79E4, 0x6A06, 0x8B68, 0xAC6A, 0xA40C, 0x8B69, 0x8BAC, 0x7B2A, 0x5A26,
  0x8329, 0xAC8D, 0x9BE8, 0x72A5, 0x7AE8, 0x93CA, 0xAC6B, 0x9BEA, 0x82E6, 0x6A23, 0x82E5, 0x7244, 0x69C3, 0x9B88, 0x9BC8, 0x8304,
  0x8304, 0x9B66, 0x9B46, 0xA386, 0xABA6, 0xB3A5, 0xA385, 0x8AE4, 0x7A85, 0x6A03, 0x7A85, 0x82E6, 0x8AE6, 0xABC9, 0xA388, 0x82C6,
  0x8266, 0x8286, 0x7AC6, 0x8307, 0x6B2B, 0x734C, 0x836D, 0x7B4D, 0x7B2C, 0x936C, 0xA34B, 0xAB6B, 0xB3AC, 0xBBCD, 0xBBED, 0xBBCD,
  0xB38C, 0xAB8B, 0xAB6B, 0xAB4B, 0xB38C, 0xBBCC, 0xB3AB, 0xBBCC, 0xB38B, 0xAB4B, 0xA32A, 0x8226, 0x8A26, 0x8226, 0x79E5, 0x69A4,
  0x8AC6, 0x8B25, 0x7B05, 0x6223, 0x7286, 0x8B4A, 0x6A45, 0x72A7, 0x83AC, 0x83AC, 0x93AB, 0x93AA, 0xA3C9, 0x8244, 0x81C5, 0x89E5,
  0x89E5, 0x79E4, 0x61C5, 0x8327, 0x9BE8, 0x93CA, 0x8389, 0x62A7, 0x5A87, 0x5A66, 0x5A24, 0x8BA7, 0xA447, 0x72C4, 0x7AE6, 0x72C6,
  0x6A43, 0x7AE6, 0x8B48, 0x9B68, 0x9305, 0x8A64, 0x71C3, 0x8285, 0x8AE6, 0x8AE6, 0x7243, 0x6201, 0x7A83, 0x9B45, 0xA385, 0xABA5,
  0xA303, 0x9AC5, 0x9AC7, 0x8A66, 0x8AC6, 0x9326, 0x92E5, 0x9AE5, 0xA326, 0x8AC5, 0x9326, 0x9367, 0x82E5, 0x9BA8, 0x736C, 0x7B6D,
  0x832C, 0x834C, 0x832C, 0x8B0A, 0x9B09, 0xA309, 0xB38B, 0xB38B, 0xB3AC, 0xBBAC, 0xAB6B, 0xAB4B, 0xAB4B, 0xAB4B, 0xB38C, 0xBBAC,
  0xBBCC, 0xBBCC, 0xB3AC, 0xB38C, 0xA34A, 0x8226, 0x8A26, 0x8A26, 0x79E5, 0x69A4, 0x9307, 0x82E5, 0x7B26, 0x72C5, 0x8306, 0x8B27,
  0x8B26, 0x9366, 0x8BA8, 0x83A9, 0x9389, 0x9369, 0x9B88, 0x8244, 0x79C4, 0x81C4, 0x79C4, 0x71C3, 0x7227, 0x93C9, 0x8305, 0x7A85,
  0x7AC6, 0x6A67, 0x6226, 0x5A26, 0x6AA6, 0xA447, 0x9C25, 0x93E6, 0x7B06, 0x6243, 0x6A43, 0x6A64, 0x8B48, 0x9B68, 0x9B05, 0x7203,
  0x6A04, 0x82C7, 0x82E8, 0x7AC8, 0x6225, 0x51A3, 0x6A02, 0x8AC4, 0x9303, 0xA384, 0x9B23, 0x9264, 0x8A46, 0x8AA7, 0x82C6, 0x7243,
  0x7A43, 0x8244, 0x8265, 0x8AE6, 0x6223, 0x6A43, 0x8A86, 0x9AA7, 0x6B4C, 0x7B8C, 0x830A, 0x8B0A, 0x8AEA, 0x92EA, 0xA32A, 0xA2E9,
  0xA309, 0xA309, 0xA309, 0xA32A, 0x9AE9, 0x9AE9, 0x9AE9, 0x9B09, 0xA309, 0xA309, 0xA2E8, 0x9AE8, 0xA2E9, 0x9AE9, 0x9AE9, 0x8247,
  0x8246, 0x8247, 0x71E6, 0x69C4, 0x9B67, 0xAC2A, 0xA40A, 0x9BEA, 0x9BA9, 0x9B88, 0x9BA7, 0x9BA7, 0x9BC8, 0x9BC8, 0xA3C9, 0xA3EA,
  0xABEA, 0x7A03, 0x71A4, 0x71A4, 0x7183, 0x69C4, 0x82C9, 0x9368, 0x8326, 0x7AC5, 0x9327, 0x82E8, 0x82E8, 0x82E7, 0x8B27, 0x93C5,
  0x93A4, 0x8B64, 0x8B46, 0x8306, 0x8305, 0x8B27, 0x8B68, 0x8305, 0x8AE5, 0x9368, 0x9BEB, 0x93AA, 0x9369, 0x93CA, 0x8B6A, 0x9BAB,
  0x9369, 0x9306, 0x9B66, 0xA385, 0xA3A6, 0x8AC5, 0x8AE7, 0x9369, 0x8B27, 0x82C6, 0x7244, 0x7A65, 0x8B08, 0x8B28, 0x6A64, 0x7265,
  0x7A45, 0x7A04, 0x732B, 0x8BAC, 0x930A, 0x930A, 0x9B0A, 0xA32B, 0xB38C, 0xAB4B, 0xA32A, 0xAB4B, 0xAB6B, 0xAB6B, 0xB38C, 0xAB6B,
  0xAB6B, 0xAB8B, 0xAB8B, 0xAB8B, 0xA34A, 0xA30A, 0xAB2A, 0xB36B, 0xB3AC, 0x8247, 0x8246, 0x8247, 0x71E6, 0x7A45, 0x9345, 0xB4AC,
  0xBCEF, 0xBCF0, 0xB48E, 0xA42B, 0x93A9, 0x9368, 0x8B48, 0x8B28, 0xA3EA, 0xB46C, 0xBC8D, 0x7A04, 0x7A04, 0x79C5, 0x79C4, 0x7A46,
  0x82A7, 0x82A5, 0x8306, 0x72A4, 0x8B28, 0x82E9, 0x8308, 0x8B28, 0x8327, 0x93A7, 0x93A7, 0x93A7, 0x9388, 0x9368, 0x9368, 0x9BA9,
  0xB4AD, 0xA42A, 0x9BEA, 0xC50E, 0xB4CE, 0xB4AD, 0xB4AD, 0xBCCE, 0xBCAE, 0xBCAF, 0xBC8F, 0xBC8D, 0xC4ED, 0xB429, 0xBC49, 0xC4ED,
  0xAC4C, 0xB48D, 0xB48D, 0xAC6C, 0xAC2C, 0xAC6C, 0xB46D, 0xA42B, 0xAC0B, 0xAC2C, 0xA40B, 0xA40B, 0x8AEA, 0x8AE9, 0x92A8, 0x92A8,
  0x92A8, 0x9AC8, 0xA309, 0x9AC9, 0x92C8, 0x9AE9, 0x9AE9, 0x9B09, 0xA32A, 0xA309, 0xA30A, 0xA34A, 0xA34A, 0xAB6A, 0xA34A, 0xAB2A,
  0xAB2A, 0xB36B, 0xB3AC, 0x8227, 0x8246, 0x8246, 0x69C4, 0x7A43, 0x9B86, 0xB48B, 0xBCEF, 0xC5B3, 0xB511, 0x9C6E, 0x7B49, 0x7B49,
  0x7B49, 0x7AE8, 0x93CB, 0xB4AD, 0xC48D, 0x7A04, 0x79E5, 0x79E5, 0x79C4, 0x7205, 0x7244, 0x9326, 0x7AE5, 0x6244, 0x59C4, 0x3923,
  0x49A4, 0x49A4, 0x51A4, 0x5204, 0x6265, 0x49A3, 0x59E5, 0x6226, 0x6205, 0x6204, 0xAC8E, 0x8BAA, 0x93AB, 0xC571, 0xB510, 0xBD51,
  0xBD51, 0xBD30, 0xBD31, 0xBD11, 0xBCF0, 0xBCEF, 0xC4EE, 0xB46A, 0xBC8A, 0xC50D, 0xB4AE, 0xB4F0, 0xB4CF, 0xB4CF, 0xB4EF, 0xB4CF,
  0xACCF, 0xB4CF, 0xB4AF, 0xB4AF, 0xB4AF, 0xB4CF, 0xAB6B, 0xAB4B, 0xAB6A, 0xAB4A, 0xAB4A, 0xAB4A, 0xAB2A, 0xA32A, 0xA32A, 0xA30A,
  0xA30A, 0xA32A, 0xA309, 0xA2E8, 0x9AE8, 0xA309, 0x9AE9, 0x9AE9, 0x9B09, 0xA2E9, 0xA2E9, 0xA32A, 0x92C8, 0x7A27, 0x7A26, 0x7A26,
  0x69A4, 0x8284, 0x9365, 0xBCAC, 0xB4F0, 0xBD73, 0xB553, 0xBD73, 0xACD0, 0x838B, 0xB4F0, 0x8B8B, 0xBCD0, 0xC510, 0xC48E, 0x71E4,
  0x79E5, 0x79C5, 0x81E5, 0x71E4, 0x69E2, 0x9B66, 0xAC4A, 0x9C0C, 0x8B8D, 0x7B2C, 0x7B4B, 0x732A, 0x6ACA, 0x62A9, 0x62C8, 0x5A27,
  0x6289, 0x72CA, 0x7AEA, 0x836B, 0xACB0, 0xA46F, 0xACB0, 0xBD73, 0xBD72, 0xBD73, 0xBD73, 0xC593, 0xC593, 0xC573, 0xC593, 0xC531,
  0xBD0E, 0xB46A, 0xB469, 0xBD0E, 0xBD30, 0xC573, 0xBD52, 0xBD72, 0xBD73, 0xBD72, 0xBD52, 0xBD52, 0xBD52, 0xBD52, 0xBD52, 0xBD52,
  0x9B09, 0x9AE9, 0x9AE9, 0x9B09, 0x9B09, 0xA32A, 0xA32A, 0xA32A, 0xA32A, 0xA34A, 0xA34A, 0xA34A, 0xA329, 0xAAE8, 0xAB29, 0xAB4A,
  0xA32A, 0xA34A, 0xA32A, 0xA32A, 0xAB2A, 0xB38B, 0x92C8, 0x7A06, 0x7A05, 0x7A06, 0x6164, 0x7203, 0x9BA8, 0xB4AD, 0xB4F0, 0xC574,
  0xBD74, 0xC573, 0xCD94, 0x93AC, 0x8B4A, 0x8287, 0x9329, 0xBCAE, 0xBC6D, 0x71E4, 0x79E5, 0x79C6, 0x8A06, 0x7A05, 0x7202, 0x9305,
  0xC4ED, 0xBD11, 0xC594, 0xC5B5, 0xC5B4, 0xC594, 0xC596, 0xBD94, 0xBD73, 0xBD73, 0xC594, 0xC594, 0xCD74, 0xC595, 0xBD74, 0xC594,
  0xC574, 0xBD74, 0xBD74, 0xBD74, 0xBD74, 0xBD74, 0xBD74, 0xBD74, 0xC574, 0xBD10, 0xBCAD, 0xB44A, 0xAC48, 0xBCCD, 0xBD11, 0xBD74,
  0xBD53, 0xBD74, 0xBD74, 0xBD74, 0xBD74, 0xBD74, 0xBD54, 0xBD74, 0xBD74, 0xBD74, 0x9AE9, 0x9AE9, 0x9AC9, 0x92C9, 0x9AE9, 0x92C9,
  0x92C9, 0x92C8, 0x92C8, 0x92C8, 0x92A8, 0x92C8, 0x9AA8, 0xA2A7, 0x9AC8, 0x9AC8, 0x9AE9, 0x9AE9, 0x9AE9, 0x9AC9, 0xA2E9, 0xA32A,
  0x9287, 0x71E5, 0x71E5, 0x7206, 0x6184, 0x5142, 0x8B27, 0xBCCE, 0xBD10, 0xC573, 0xBD53, 0xCD94, 0x9BAC, 0x69C5, 0x61A4, 0x6983,
  0x69C4, 0xB44D, 0xBC6D, 0x71E4, 0x79E5, 0x79C5, 0x81E5, 0x79E5, 0x8AE7, 0xAC2A, 0xBCAC, 0xB4F0, 0xBD52, 0xBD53, 0xB572, 0xBD73,
  0xB533, 0xB553, 0xB553, 0xB552, 0xBD73, 0xB553, 0xBD33, 0xB553, 0xB554, 0xB554, 0xB553, 0xBD54, 0xBD53, 0xBD53, 0xBD53, 0xBD73,
  0xBD74, 0xBD54, 0xC574, 0xBCF1, 0xBCCE, 0xB44A, 0xB449, 0xBCCE, 0xB511, 0xBD74, 0xBD54, 0xBD74, 0xBD54, 0xBD54, 0xBD54, 0xBD54,
  0xBD54, 0xBD73, 0xB553, 0xBD74, 0x9AEA, 0x9AEA, 0x9B0A, 0x9B0A, 0x9B0A, 0x9B0A, 0x9AE9, 0x9AE9, 0x9B0A, 0x9B0A, 0x9AE9, 0x9AA9,
  0x9AA9, 0x9AC9, 0x9AE9, 0x9AC9, 0x9B0A, 0x9AE9, 0x9AE9, 0x9AC9, 0x92C9, 0x9AC9, 0x8A67, 0x71A4, 0x71E6, 0x7206, 0x59A4, 0x5162,
  0x82C7, 0xC4AD, 0xBCAD, 0xBCEE, 0xB50F, 0xC550, 0xA3AB, 0x7A26, 0x7A26, 0x7A05, 0x8AC6, 0xC4AE, 0xB42D, 0x69C4, 0x79E5, 0x79C5,
  0x79C3, 0x69C5, 0x936B, 0xAC8D, 0xB4CD, 0xBD10, 0xC572, 0xC572, 0xBD52, 0xBD73, 0xBD73, 0xC573, 0xBD73, 0xBD73, 0xBD74, 0xBD74,
  0xBD74, 0xBD74, 0xBD53, 0xBD74, 0xBD53, 0xBD54, 0xBD54, 0xBD74, 0xB553, 0xBD53, 0xBD74, 0xBD53, 0xBD53, 0xB511, 0xB4EE, 0xAC49,
  0xB44A, 0xBCEF, 0xACF2, 0xBD74, 0xBD33, 0xB554, 0xB554, 0xB574, 0xB554, 0xB554, 0xB553, 0xB553, 0xB553, 0xBD74, 0x82A9, 0x82A9,
  0x8AC9, 0x930A, 0x930A, 0x930A, 0x7206, 0x7A47, 0x8AC9, 0x92EA, 0x930A, 0x92C9, 0x92EA, 0x92EA, 0x92EA, 0x9AEA, 0x9AEA, 0x9AEA,
  0x9B2A, 0x9B2A, 0x9B2A, 0x9B4A, 0x8A88, 0x71A4, 0x71E5, 0x71E6, 0x6184, 0x5983, 0x8B07, 0xBC8B, 0xAC29, 0xB449, 0xB449, 0xB44A,
  0xABE9, 0x9B26, 0xA327, 0xA326, 0xABE8, 0xC4CD, 0xB42B, 0x71C3, 0x79E4, 0x79C4, 0x71E5, 0x69E6, 0x938C, 0xAC8D, 0xBCAD, 0xC4CD,
  0xB46C, 0xB48D, 0xB48D, 0xB4AD, 0xB4AD, 0xBCAE, 0xBCAE, 0xBCCE, 0xBCCE, 0xBCCF, 0xB4CF, 0xBCF0, 0xBCF0, 0xBD31, 0xBD10, 0xBD31,
  0xBD51, 0xBD51, 0xBD71, 0xBD70, 0xBD71, 0xBD72, 0xBD72, 0xB530, 0xB4ED, 0xAC4A, 0xB42A, 0xBCCF, 0xB4F1, 0xC573, 0xC552, 0xBD73,
  0xB573, 0xBD93, 0xB573, 0xB573, 0xBD74, 0xBD74, 0xBD54, 0xBD54, 0x8B8C, 0x8B6C, 0x936C, 0x936C, 0x938C, 0x8B4C, 0x7268, 0x7288,
  0x82EA, 0x830A, 0x82CA, 0x7A89, 0x7AA9, 0x7AC9, 0x82A9, 0x8289, 0x8289, 0x8289, 0x82A9, 0x82A8, 0x82A8, 0x82C9, 0x7247, 0x69E5,
  0x69E6, 0x69E6, 0x5984, 0x59A4, 0x8B4A, 0xA3EB, 0xA3EA, 0xABE9, 0xABEA, 0xB40A, 0xABC8, 0xA387, 0xA387, 0xA3A7, 0xAC29, 0xB44A,
  0xA3A9, 0x7203, 0x7A05, 0x79E5, 0x7A05, 0x69E5, 0x82E8, 0xAC2A, 0xBC4A, 0xBC4A, 0xB449, 0xBC6A, 0xB449, 0xB469, 0xB449, 0xB449,
  0xB429, 0xB449, 0xB429, 0xB429, 0xAC4A, 0xAC6A, 0xAC4A, 0xAC29, 0xAC29, 0xAC2B, 0xAC2B, 0xAC4B, 0xB46B, 0xB44B, 0xB46B, 0xB46C,
  0xB48C, 0xB48B, 0xC4CC, 0xB428, 0xAC49, 0xBCCD, 0xAC4B, 0xB4AD, 0xB4AC, 0xB4AE, 0xB48E, 0xB48E, 0xB4AE, 0xB4AE, 0xB4AF, 0xB4CF,
  0xB4CF, 0xB4CF, 0x942F, 0x942F, 0x9C30, 0x9C30, 0x9C30, 0x9C30, 0x9C30, 0x9C2F, 0x9C2F, 0x9C2F, 0x9C0F, 0x9BEF, 0x9BEE, 0x93CE,
  0x93CE, 0x93CE, 0x93AD, 0x93CD, 0x8B8D, 0x8B6C, 0x8B6C, 0x8B6C, 0x832B, 0x830A, 0x7AEB, 0x7B0B, 0x7AEB, 0x8B6C, 0x93EE, 0x9C0F,
  0x9C0E, 0x9BCC, 0x9BAC, 0x9BAC, 0x93AB, 0x8308, 0x8328, 0x9C0B, 0x9C2C, 0xA44C, 0x9BCB, 0x61E5, 0x69E5, 0x69C5, 0x71E5, 0x61A4,
  0x4962, 0x8B68, 0xB44C, 0xB46D, 0xB48C, 0xB4AC, 0xB4AC, 0xB48B, 0xAC8B, 0xAC8B, 0xB48B, 0xB46B, 0xB46B, 0xB48B, 0xB46A, 0xAC6A,
  0xAC6A, 0xAC6A, 0xAC4A, 0xAC4A, 0xB44A, 0xB449, 0xAC29, 0xAC29, 0xB449, 0xB429, 0xAC29, 0xB46A, 0xBC6B, 0xABE9, 0xAC29, 0xBCAB,
  0xAC09, 0xAC29, 0xB448, 0xB429, 0xB40A, 0xB40A, 0xABE9, 0xABC9, 0xABE9, 0xA408, 0xA3E8, 0xA3E8, 0x9C91, 0x9C71, 0x9C71, 0xA471,
  0xA471, 0x9C71, 0x9C71, 0x9C50, 0x9C70, 0x9C70, 0x9C50, 0xA471, 0xA471, 0xA471, 0x9C70, 0x9C70, 0x9470, 0x9C70, 0x9C71, 0x9C71,
  0x9C70, 0x9C50, 0x9C50, 0x9C50, 0x9C51, 0x9C71, 0x9C71, 0x9C70, 0x9C91, 0x9C91, 0xA4B1, 0xA4B1, 0xA491, 0xA471, 0x9C71, 0x9C70,
  0xA490, 0x9C90, 0x9490, 0x9C6F, 0xA470, 0x9BEE, 0x9BCE, 0x9BAD, 0x9BAD, 0x8B6D, 0x838C, 0x946E, 0xA4B0, 0xAC91, 0xB4D1, 0xB4D1,
  0xB4F1, 0xACF1, 0xACF1, 0xB4F1, 0xB4F1, 0xB4F1, 0xB4F1, 0xB4F0, 0xB4CF, 0xBCCF, 0xBCCF, 0xBCCF, 0xB4CF, 0xB4CE, 0xB4CE, 0xACAE,
  0xACAD, 0xACAD, 0xAC6C, 0xAC6C, 0xAC6C, 0x93A9, 0x72A6, 0xAC4D, 0xB44C, 0x8B27, 0xA3C9, 0xAC09, 0xAC09, 0xAC08, 0xAC08, 0xA408,
  0xA408, 0xA408, 0xABE8, 0xABE8, 0xABE8, 0xABE8, 0xA4B2, 0x9CB1, 0x9C91, 0xA4B1, 0xA4B1, 0x9C91, 0xA4B1, 0xA4B2, 0xA4B2, 0xA4B2,
  0xA4B2, 0xA4B2, 0xA4B2, 0xA4B2, 0xA4B2, 0xA491, 0xA491, 0xA491, 0xA492, 0xA492, 0xA4B2, 0x9C91, 0x9C91, 0x9C71, 0x9C91, 0x9C91,
  0x9C91, 0xA491, 0xA4D2, 0xA4D2, 0xACF2, 0xACF2, 0xACF2, 0xA4D2, 0xA4D2, 0xA4D2, 0xA4D2, 0xA4D2, 0xAD13, 0xB533, 0xAD13, 0xB513,
  0xACF3, 0xACF3, 0xACF2, 0xAD13, 0xB513, 0xAD12, 0xACF2, 0xACF2, 0xACF2, 0xACF2, 0xACF2, 0xACF2, 0xACD2, 0xACF2, 0xACF2, 0xACD2,
  0xACD2, 0xACD2, 0xACF2, 0xACF2, 0xACD1, 0xA4D1, 0xACD1, 0xACD2, 0xACD2, 0xACD2, 0xACD2, 0xACD1, 0xACD1, 0xACD0, 0xB4F1, 0x9C2E,
  0x7B0A, 0xB4D1, 0xA46E, 0x72A8, 0xAC8F, 0xB4AF, 0xACAF, 0xACAF, 0xACAF, 0xB4CF, 0xACAF, 0xACAF, 0xACAE, 0xB4AE, 0xAC8E, 0xB4AE,
  0x9C92, 0x9CB2, 0xA4B2, 0xA4B1, 0xA4B1, 0xA4B2, 0xA4D2, 0xA4D2, 0xA4D2, 0xA4D2, 0xA4D2, 0xA4D2, 0xA4D2, 0xA4B2, 0xA4B2, 0xA4B1,
  0xA4B1, 0xA4B2, 0xA4B2, 0xA4B2, 0xA4B2, 0xA4B2, 0xA4B2, 0x9CB1, 0x9CD2, 0xA4F2, 0xA4D2, 0x9CB2, 0xA4D2, 0xACF2, 0xAD13, 0xAD13,
  0xAD12, 0xACF2, 0xA4F2, 0xA4D2, 0xACF3, 0xB533, 0xB534, 0xB533, 0xB513, 0xACF2, 0xACD2, 0xACF2, 0xACD2, 0xA4D2, 0xACF2, 0xACF2,
  0xAD13, 0xAD13, 0xB513, 0xB513, 0xB533, 0xB533, 0xB513, 0xB534, 0xB534, 0xB513, 0xAD13, 0xAD13, 0xB533, 0xB513, 0xAD13, 0xAD12,
  0xACF2, 0xAD13, 0xACF3, 0xB512, 0xAD12, 0xACF2, 0xACF2, 0xACF1, 0xACD1, 0xB4F1, 0xBD12, 0xACB1, 0xACB0, 0xB4D1, 0xACB0, 0xAC90,
  0xAC90, 0xA490, 0xAC90, 0xAC90, 0xA490, 0xAC90, 0xA490, 0xA470, 0xA491, 0xA491, 0xA4D2, 0xA4F3, 0xA4F3, 0xA4F3, 0xA4F3, 0xA4F3,
  0xA4F3, 0xA4F3, 0xA4F2, 0xA4F2, 0xA4F3, 0xA4F3, 0xA4F3, 0xA4D2, 0xA4D2, 0xA4D2, 0xA4D2, 0xA4D2, 0xA4D2, 0xA4D2, 0xA4D2, 0xA4F2,
  0xA4D2, 0x9CD2, 0x9CF2, 0x9CF2, 0x9CD2, 0x9CF2, 0xA513, 0xAD13, 0xAD13, 0xAD13, 0xACF3, 0xA4F2, 0xAD13, 0xAD34, 0xB554, 0xB554,
  0xB534, 0xB533, 0xAD13, 0xACF3, 0xACF3, 0xACF3, 0xAD13, 0xAD13, 0xAD13, 0xAD13, 0xB533, 0xB533, 0xB533, 0xB533, 0xB534, 0xB534,
  0xB534, 0xB534, 0xB534, 0xB534, 0xB534, 0xB534, 0xB533, 0xB533, 0xB533, 0xB533, 0xB533, 0xB533, 0xB513, 0xB513, 0xB533, 0xB533,
  0xB533, 0xB512, 0xB512, 0xB4F2, 0xB4F2, 0xB4F2, 0xB4F2, 0xB4F2, 0xB4F2, 0xB4F2, 0xB4F2, 0xB4F2, 0xACF2, 0xB4F2, 0xB4F2, 0xB4F2,
  0xACF2, 0xACF3, 0xACD2, 0xACD2, 0xA513, 0xA513, 0xAD13, 0xAD13, 0xAD13, 0xACF3, 0xAD13, 0xAD13, 0xAD13, 0xAD13, 0xAD13, 0xAD13,
  0xAD13, 0xAD13, 0xAD13, 0xACF3, 0xACF3, 0xAD13, 0xAD13, 0xAD13, 0xAD13, 0xA4F3, 0xA4F3, 0xA4F2, 0xA4F3, 0xA513, 0xA513, 0xA513,
  0xAD13, 0xAD33, 0xAD33, 0xAD13, 0xAD33, 0xB554, 0xB555, 0xB554, 0xB554, 0xB554, 0xAD34, 0xAD34, 0xB534, 0xB534, 0xB554, 0xAD33,
  0xAD34, 0xB554, 0xAD34, 0xB534, 0xAD34, 0xB534, 0xB534, 0xB554, 0xB554, 0xB554, 0xB554, 0xB554, 0xB554, 0xB554, 0xB554, 0xB554,
  0xB554, 0xB554, 0xB534, 0xB554, 0xB554, 0xB534, 0xB534, 0xB554, 0xB533, 0xB533, 0xB533, 0xB533, 0xB533, 0xB513, 0xB513, 0xB513,
  0xB513, 0xB513, 0xB513, 0xB513, 0xB513, 0xB513, 0xAD12, 0xAD13, 0xAD12, 0xAD12, 0xAD12, 0xAD12, 0xAD12, 0xACF2, 0xA514, 0xA514,
  0xAD13, 0xAD13, 0xAD13, 0xAD14, 0xAD14, 0xAD13, 0xAD13, 0xA513, 0xAD13, 0xAD13, 0xAD13, 0xACF3, 0xAD13, 0xAD13, 0xACF3, 0xAD13,
  0xAD13, 0xAD13, 0xAD13, 0xA513, 0xAD13, 0xA513, 0xA513, 0xA513, 0xA4F3, 0xA513, 0xAD33, 0xAD34, 0xAD34, 0xAD54, 0xB554, 0xB554,
  0xB554, 0xB555, 0xB554, 0xAD34, 0xAD34, 0xB554, 0xB554, 0xB554, 0xB554, 0xAD34, 0xAD13, 0xB534, 0xB554, 0xB554, 0xB554, 0xB554,
  0xB555, 0xB555, 0xB575, 0xB575, 0xB575, 0xB555, 0xB555, 0xB555, 0xB555, 0xB555, 0xB554, 0xB554, 0xB554, 0xB554, 0xB554, 0xB554,
  0xB554, 0xB554, 0xB554, 0xB533, 0xAD33, 0xAD33, 0xAD33, 0xB513, 0xB513, 0xB513, 0xB513, 0xB513, 0xB513, 0xB513, 0xB513, 0xAD12,
  0xAD12, 0xAD12, 0xAD12, 0xAD12, 0xACF2, 0xACF2, 0xACF2, 0xACD2, 0xAD14, 0xAD34, 0xAD34, 0xAD33, 0xAD33, 0xAD13, 0xAD13, 0xAD33,
  0xAD33, 0xAD13, 0xAD33, 0xAD33, 0xAD33, 0xAD34, 0xAD34, 0xAD14, 0xAD13, 0xAD13, 0xAD34, 0xAD34, 0xAD13, 0xAD13, 0xA513, 0xAD13,
  0xAD14, 0xAD14, 0xAD14, 0xAD13, 0xAD54, 0xB554, 0xB574, 0xB574, 0xB574, 0xB575, 0xB575, 0xB575, 0xB554, 0xAD54, 0xB575, 0xB574,
  0xB554, 0xB554, 0xB554, 0xB554, 0xB554, 0xB554, 0xB554, 0xB554, 0xB554, 0xB555, 0xB555, 0xB555, 0xB555, 0xB555, 0xB575, 0xB575,
  0xB575, 0xB555, 0xB555, 0xB554, 0xB574, 0xB554, 0xB554, 0xB574, 0xB554, 0xB554, 0xB554, 0xB554, 0xB554, 0xB554, 0xB534, 0xB534,
  0xB534, 0xB533, 0xB533, 0xB533, 0xAD33, 0xAD33, 0xAD13, 0xAD13, 0xAD13, 0xAD33, 0xAD12, 0xAD33, 0xAD12, 0xAD12, 0xAD12, 0xACF3,
  0xACF2, 0xACF2, 0xAD34, 0xAD34, 0xA513, 0xA513, 0xA513, 0xA513, 0xA513, 0xAD13, 0xAD33, 0xAD13, 0xAD13, 0xAD13, 0xAD34, 0xAD34,
  0xAD34, 0xAD14, 0xA4F3, 0xA513, 0xAD34, 0xAD33, 0xAD34, 0xAD34, 0xAD34, 0xAD34, 0xAD14, 0xAD34, 0xAD34, 0xAD34, 0xB554, 0xB574,
  0xB574, 0xB595, 0xBD95, 0xB575, 0xB575, 0xB555, 0xB555, 0xBD95, 0xBD95, 0xBDB5, 0xBD95, 0xB574, 0xB574, 0xB574, 0xB554, 0xAD33,
  0xB554, 0xB554, 0xB574, 0xB575, 0xB555, 0xB555, 0xB575, 0xB575, 0xB575, 0xB575, 0xB575, 0xB575, 0xB555, 0xB555, 0xB575, 0xB574,
  0xB574, 0xB574, 0xB574, 0xB574, 0xB574, 0xB554, 0xB554, 0xB554, 0xB554, 0xB554, 0xB554, 0xB554, 0xB554, 0xB554, 0xAD33, 0xAD33,
  0xAD33, 0xAD33, 0xAD33, 0xAD33, 0xAD13, 0xAD13, 0xAD33, 0xAD33, 0xAD13, 0xACF2, 0xAD12, 0xAD13, 0xA514, 0xA514, 0xA514, 0xA534,
  0xAD34, 0xAD34, 0xAD34, 0xAD13, 0xAD33, 0xAD34, 0xAD33, 0xAD33, 0xAD34, 0xAD34, 0xAD34, 0xAD34, 0xA513, 0xA513, 0xAD33, 0xAD34,
  0xAD34, 0xAD34, 0xAD34, 0xAD54, 0xA534, 0xA534, 0xAD54, 0xAD74, 0xB574, 0xB574, 0xB574, 0xB574, 0xB595, 0xB575, 0xB575, 0xB575,
  0xBD95, 0xB575, 0xB575, 0xB595, 0xB574, 0xB574, 0xB554, 0xB554, 0xB554, 0xB574, 0xB574, 0xB575, 0xB574, 0xB574, 0xB555, 0xB555,
  0xB554, 0xB554, 0xB575, 0xB575, 0xB554, 0xB575, 0xB575, 0xB575, 0xB575, 0xB575, 0xB575, 0xB575, 0xB575, 0xB574, 0xB574, 0xB574,
  0xB554, 0xB574, 0xB574, 0xB554, 0xB574, 0xB574, 0xB554, 0xB554, 0xB554, 0xB554, 0xB554, 0xB554, 0xB554, 0xB554, 0xAD33, 0xAD33,
  0xB554, 0xAD33, 0xAD33, 0xAD13, 0xAD13, 0xA4F2, 0xB554, 0xB554, 0xB575, 0xB575, 0xB574, 0xB554, 0xAD54, 0xB554, 0xB554, 0xAD34,
  0xAD34, 0xAD34, 0xAD34, 0xAD34, 0xAD54, 0xAD54, 0xAD34, 0xAD54, 0xAD54, 0xAD54, 0xAD34, 0xAD33, 0xAD33, 0xAD34, 0xAD54, 0xAD74,
  0xB594, 0xB594, 0xB574, 0xB574, 0xB574, 0xBD95, 0xB574, 0xB554, 0xB574, 0xBD95, 0xBD95, 0xBD95, 0xB574, 0xB574, 0xB574, 0xB574,
  0xB554, 0xAD54, 0xAD34, 0xB554, 0xAD54, 0xB554, 0xB575, 0xBD95, 0xB574, 0xB574, 0xB554, 0xB574, 0xBD95, 0xBD95, 0xB575, 0xB574,
  0xB574, 0xB574, 0xAD54, 0xB575, 0xB574, 0xB575, 0xB574, 0xB574, 0xB574, 0xB554, 0xB554, 0xB574, 0xB574, 0xB554, 0xB574, 0xBD75,
  0xB574, 0xB574, 0xB574, 0xB554, 0xB554, 0xB554, 0xB554, 0xB554, 0xB554, 0xB554, 0xB554, 0xB534, 0xAD34, 0xAD34, 0xAD33, 0xAD33,
  0x9C70, 0xA4B1, 0xA4D2, 0xA4F2, 0xACF2, 0xACF2, 0xAD33, 0xAD34, 0xAD54, 0xAD34, 0xAD54, 0xAD54, 0xAD54, 0xAD55, 0xB575, 0xB575,
  0xAD54, 0xAD54, 0xAD54, 0xAD54, 0xAD54, 0xAD34, 0xAD34, 0xAD54, 0xB554, 0xB595, 0xB574, 0xB574, 0xB574, 0xB574, 0xB595, 0xB574,
  0xB554, 0xB574, 0xB574, 0xBD95, 0xBD95, 0xB574, 0xB554, 0xB574, 0xB574, 0xB574, 0xB574, 0xB574, 0xB575, 0xB575, 0xB574, 0xB575,
  0xB574, 0xB554, 0xB574, 0xB574, 0xB574, 0xB574, 0xB574, 0xBD95, 0xB554, 0xB574, 0xB574, 0xB574, 0xB574, 0xB574, 0xB554, 0xB575,
  0xB575, 0xB574, 0xB574, 0xB554, 0xB554, 0xB574, 0xB554, 0xB554, 0xB554, 0xB554, 0xB574, 0xB554, 0xB554, 0xB554, 0xB554, 0xB554,
  0xB554, 0xB534, 0xB534, 0xB534, 0xB534, 0xAD34, 0xAD34, 0xAD34, 0xAD34, 0xAD34, 0x940E, 0x93ED, 0x93EE, 0x940E, 0x940E, 0x940E,
  0x9C2F, 0x9C2F, 0x9C70, 0xA491, 0xA4B1, 0xA4B1, 0xA4B1, 0xA4B1, 0xA4B1, 0xACF2, 0xAD13, 0xB533, 0xB554, 0xB554, 0xB554, 0xB554,
  0xB554, 0xB574, 0xBD74, 0xBD74, 0xBD94, 0xBD94, 0xBD95, 0xB574, 0xB574, 0xBD95, 0xBD94, 0xBD74, 0xBD95, 0xBD95, 0xBDB5, 0xBD94,
  0xB574, 0xB594, 0xBDB5, 0xBD95, 0xB594, 0xB574, 0xAD54, 0xAD54, 0xB575, 0xB595, 0xAD54, 0xB554, 0xB574, 0xB554, 0xB574, 0xB574,
  0xB554, 0xB554, 0xB574, 0xBD95, 0xB554, 0xB574, 0xBD95, 0xB595, 0xB575, 0xB575, 0xAD34, 0xB554, 0xB554, 0xB554, 0xB554, 0xAD13,
  0xB534, 0xB554, 0xB554, 0xB554, 0xB554, 0xB554, 0xB554, 0xB574, 0xB554, 0xB554, 0xB554, 0xB554, 0xB554, 0xAD54, 0xAD34, 0xAD34,
  0xAD33, 0xAD13, 0xAD13, 0xAD13, 0x942E, 0x940D, 0x940E, 0x9C2F, 0x9C2F, 0x9C4F, 0x9C4F, 0x9C2F, 0x9BEE, 0x9C0E, 0x9C0E, 0x940E,
  0x940E, 0x9C2E, 0x942E, 0x940E, 0x940E, 0x9C4F, 0x9C70, 0x9C70, 0x9C70, 0x9C70, 0x9C70, 0x9C70, 0x9C90, 0xA491, 0xA4B1, 0xA4B1,
  0xA4D1, 0xA4B1, 0xACF2, 0xAD12, 0xB533, 0xB533, 0xB533, 0xB554, 0xBD74, 0xB574, 0xB533, 0xB554, 0xB574, 0xBD94, 0xBD94, 0xB533,
  0xB554, 0xB574, 0xB554, 0xB574, 0xB534, 0xBD95, 0xBD95, 0xB575, 0xB575, 0xBD95, 0xBD95, 0xBDB5, 0xB554, 0xB574, 0xB574, 0xB574,
  0xB575, 0xB555, 0xB555, 0xB575, 0xAD14, 0xB554, 0xB555, 0xB554, 0xB555, 0xAD34, 0xAD34, 0xB555, 0xB554, 0xB534, 0xB554, 0xB554,
  0xB574, 0xAD54, 0xB554, 0xAD54, 0xAD54, 0xAD54, 0xAD54, 0xAD34, 0xAD54, 0xAD54, 0xAD54, 0xAD33, 0xAD54, 0xB554, 0x93ED, 0x940E,
  0x940E, 0x940E, 0x93EE, 0x940E, 0x9C2F, 0x9C2E, 0x93EE, 0x93EE, 0x940E, 0x942E, 0x942E, 0x9C2F, 0x942F, 0x942E, 0x942E, 0x9C4F,
  0x9C2F, 0x9C2F, 0xA491, 0xA470, 0x9C2F, 0x940F, 0x940F, 0x940F, 0x9C2F, 0x9C0F, 0x942F, 0x942F, 0x940F, 0x944F, 0x944F, 0x942F,
  0x9C4F, 0xA470, 0xA470, 0x9C70, 0x9C50, 0x9C50, 0x9C50, 0x9C50, 0x9C50, 0x9C50, 0x9C50, 0x9C50, 0x9C50, 0x9C70, 0xA471, 0xACD2,
  0xA4D2, 0xACF2, 0xACF2, 0xAD12, 0xAD12, 0xACF2, 0xAD13, 0xB574, 0xBD74, 0xB574, 0xB554, 0xB554, 0xB554, 0xBD74, 0xB554, 0xB554,
  0xB574, 0xB574, 0xBD74, 0xB574, 0xB574, 0xBD74, 0xB574, 0xB574, 0xB554, 0xB554, 0xB554, 0xB554, 0xB554, 0xB554, 0xB554, 0xB554,
  0xB554, 0xB534, 0xB554, 0xB554, 0xB554, 0xAD33, 0xAD33, 0xAD33, 0x9C6F, 0x9C6F, 0xA490, 0x9C4F, 0x9C6F, 0xA490, 0x9C6F, 0xA490,
  0xA490, 0xA46F, 0xA490, 0x9C4F, 0x940E, 0x8BED, 0x8BED, 0x942E, 0x9C2F, 0x9C4F, 0x9C2F, 0x9C2F, 0xA470, 0xA470, 0x9C2F, 0x9C0E,
  0x9C2F, 0xA44F, 0xA470, 0xA450, 0x9C2F, 0x944F, 0x942F, 0x9C4F, 0x9C4F, 0x9C2F, 0x9C2F, 0x9C4F, 0x9C50, 0x9C50, 0x9C4F, 0x9C0F,
  0x93EE, 0x93EE, 0x9C0F, 0x9C0F, 0x940F, 0x93EE, 0x93EE, 0x940F, 0x9C0F, 0x9C2F, 0x942E, 0x942E, 0x942E, 0x940E, 0x8BED, 0x8BCD,
  0x942F, 0x9C70, 0x9C90, 0x9C70, 0x942F, 0x942F, 0x940F, 0x942F, 0x942F, 0x944F, 0x944F, 0x9450, 0x9C70, 0x9C90, 0x9C90, 0x9C91,
  0xA4B1, 0xA4B1, 0xA4D1, 0xA4D2, 0xACF3, 0xAD13, 0xAD13, 0xAD13, 0xB514, 0xB533, 0xB533, 0xB534, 0xB534, 0xB534, 0xB553, 0xAD53,
  0xAD53, 0xAD53, 0xBD53, 0xBD53, 0xBD53, 0xB553, 0xBD53, 0xBD73, 0xC594, 0xC594, 0xC594, 0xBD73, 0xC594, 0xC594, 0xBD53, 0xACB1,
  0xA490, 0xA470, 0xA490, 0xA46F, 0x9C4F, 0x9C4F, 0x9C4F, 0x9C4F, 0x9C4F, 0x9C4F, 0xA470, 0xA490, 0xACB1, 0xACB0, 0xA490, 0xA470,
  0x9C4F, 0x9C4F, 0x9C4F, 0x9C4F, 0x9C4F, 0x9C4F, 0x9C4F, 0x9C4F, 0x942F, 0x9C0F, 0x940E, 0x940E, 0x9C2F, 0x93EE, 0x940E, 0x940E,
  0x9C2F, 0x9C4F, 0x9C4F, 0x9C4F, 0x9C4F, 0x9C2F, 0x9C2F, 0x9BEE, 0x93EE, 0x940E, 0x940E, 0x940E, 0x940E, 0x8BEE, 0x8BEE, 0x8BCE,
  0x8BEE, 0x8BEE, 0x93EE, 0x8BEE, 0x8BEE, 0x8BEE, 0x8C0E, 0x8BEE, 0x8BEE, 0x8BED, 0x8BEE, 0x8C0E, 0x8C0E, 0x940E, 0x8BEE, 0x8BCE,
  0x8BCE, 0x8BEE, 0x8BEE, 0x8BEE, 0x8BEE, 0x940E, 0x942F, 0x942F, 0x944F, 0x944F, 0x9470, 0x9C70, 0xB553, 0xB532, 0xB532, 0xB553,
  0xB532, 0xB532, 0xBD73, 0xBD53, 0xBD53, 0xBD73, 0xBD53, 0xBD73, 0xBD94, 0xC594, 0xC574, 0xBD53, 0xBD53, 0xBD33, 0xB532, 0xB532,
  0xB512, 0xACF1, 0xACD1, 0xACD1, 0xACD1, 0xA490, 0xA490, 0xA490, 0xA490, 0xA46F, 0x9C6F, 0x9C4F, 0x9C4F, 0x9C2F, 0x942F, 0x942E,
  0x942F, 0x944F, 0x9C4F, 0x9C2F, 0x942F, 0x942E, 0x9C4F, 0x942E, 0x940E, 0x940E, 0x9C2F, 0x9C4F, 0x9C4F, 0x9C2F, 0x9C2F, 0x9C0E,
  0x93EE, 0x9C0E, 0x93EE, 0x940E, 0x9C2E, 0x9C2E, 0x9C2E, 0x940E, 0x93EE, 0x93EE, 0x93EE, 0x940E, 0x93EE, 0x940E, 0x9C4F, 0x9C4F,
  0x942E, 0x940E, 0x8C0E, 0x8BEE, 0x942E, 0x9C4F, 0x9C4F, 0x944F, 0x942E, 0x940E, 0x8BED, 0x8BED, 0x93EE, 0x940E, 0x8BED, 0x83AC,
  0x83AC, 0x8BAC, 0x838C, 0x838C, 0x838C, 0x838C, 0xB512, 0xB512, 0xB512, 0xB532, 0xBD33, 0xBD53, 0xBD53, 0xBD53, 0xBD53, 0xBD53,
  0xBD53, 0xBD53, 0xBD53, 0xBD53, 0xBD53, 0xBD53, 0xBD74, 0xBD74, 0xBD73, 0xBD73, 0xBD73, 0xBD73, 0xBD53, 0xBD53, 0xBD53, 0xBD53,
  0xBD53, 0xBD33, 0xB512, 0xB512, 0xB4F1, 0xACD1, 0xACB0, 0xA490, 0x9C70, 0xA470, 0xA490, 0xA470, 0x9C4F, 0x9C4F, 0x9C4F, 0x9C4F,
  0x9C4F, 0x9C4F, 0x9C2F, 0x9C4F, 0x9C4F, 0x9C2F, 0x9C2E, 0x9C2F, 0x940E, 0x940E, 0x942E, 0x942E, 0x942E, 0x9C2E, 0x9C2F, 0x940E,
  0x93EE, 0x93EE, 0x940E, 0x940E, 0x93EE, 0x93EE, 0x940E, 0x9C2E, 0x9C2F, 0x9C2E, 0x940E, 0x940E, 0x940E, 0x942E, 0x9C2F, 0x9C4F,
  0x9C4F, 0x9C2F, 0x9C4F, 0x9C2E, 0x940E, 0x940E, 0x940E, 0x940E, 0x93ED, 0x8BCD, 0x8BED, 0x93ED, 0x8BCD, 0x8BCD, 0x8BCD, 0x8BAD,
  0xACF2, 0xB4F2, 0xACF1, 0xACF1, 0xB4F2, 0xB512, 0xB512, 0xB532, 0xB532, 0xB532, 0xB533, 0xB532, 0xB532, 0xB533, 0xB533, 0xBD53,
  0xBD53, 0xBD53, 0xBD53, 0xBD33, 0xBD33, 0xBD53, 0xBD53, 0xBD33, 0xBD33, 0xBD53, 0xBD53, 0xBD53, 0xBD53, 0xBD73, 0xC574, 0xC574,
  0xC574, 0xC574, 0xC574, 0xC594, 0xC574, 0xBD74, 0xBD74, 0xBD53, 0xBD53, 0xBD53, 0xBD33, 0xBD33, 0xBD53, 0xBD53, 0xB512, 0xACF1,
  0xACF1, 0xACF1, 0xACD1, 0xB512, 0xBD53, 0xBD53, 0xBD33, 0xB512, 0xACF1, 0xACB1, 0x9C6F, 0x940E, 0x940E, 0x93EE, 0x8BED, 0x93EE,
  0x940E, 0x940E, 0x93EE, 0x940E, 0x93EE, 0x940E, 0x9C2E, 0x940E, 0x940E, 0x940E, 0x942E, 0x942E, 0x940E, 0x940E, 0x940E, 0x93EE,
  0x93EE, 0x93EE, 0x93ED, 0x8BCD, 0x93EE, 0x93EE, 0x93EE, 0x8BCD, 0x8BAD, 0x8BAD, 0xA4B1, 0xA4B1, 0xA4B1, 0xA4B1, 0xA4B1, 0xA4B1,
  0xA4B1, 0xA4B1, 0xA4B1, 0xACD2, 0xB512, 0xB512, 0xB512, 0xB532, 0xB533, 0xB533, 0xB533, 0xB512, 0xB512, 0xB532, 0xB532, 0xBD33,
  0xBD33, 0xBD32, 0xBD33, 0xBD53, 0xBD53, 0xBD33, 0xBD32, 0xBD33, 0xBD33, 0xBD53, 0xBD53, 0xBD33, 0xBD33, 0xBD53, 0xBD53, 0xBD74,
  0xBD74, 0xC573, 0xC574, 0xC574, 0xC573, 0xC573, 0xC574, 0xC574, 0xC594, 0xC574, 0xC574, 0xC574, 0xBD53, 0xBD53, 0xBD53, 0xBD73,
  0xBD73, 0xBD73, 0xBD73, 0xC574, 0xC574, 0xBD53, 0xBD32, 0xB512, 0xB4F1, 0xACD1, 0xACF1, 0xB4F1, 0xACD1, 0xA490, 0x9C4F, 0x9C2E,
  0x9C2E, 0x940E, 0x93EE, 0x93EE, 0x93ED, 0x8BED, 0x93EE, 0x93EE, 0x8BED, 0x8BCD, 0x93ED, 0x940E, 0x93ED, 0x8BCD, 0x8BCD, 0x8BCD,
  0x8BCD, 0x8BCD, 0x8BAD, 0x8BCD, 0xA4B1, 0xA4B1, 0xA4B1, 0xA4D1, 0xA4D1, 0xA4D1, 0xA4D1, 0xA4B1, 0xACD2, 0xA4B1, 0xA4B1, 0xA4B1,
  0xA4B1, 0xACD1, 0xACF2, 0xACF2, 0xACF2, 0xACF2, 0xACF1, 0xACF1, 0xB4F2, 0xB512, 0xB512, 0xB512, 0xB532, 0xB512, 0xBD32, 0xBD33,
  0xBD33, 0xBD53, 0xBD33, 0xBD53, 0xBD53, 0xBD33, 0xBD33, 0xB533, 0xBD33, 0xBD33, 0xBD33, 0xBD32, 0xBD33, 0xBD53, 0xBD53, 0xBD53,
  0xBD53, 0xBD53, 0xBD53, 0xBD53, 0xBD53, 0xBD53, 0xBD53, 0xBD53, 0xBD33, 0xBD53, 0xBD53, 0xBD53, 0xBD53, 0xBD73, 0xBD73, 0xBD73,
  0xC573, 0xC573, 0xBD53, 0xBD73, 0xC574, 0xBD73, 0xC573, 0xC573, 0xBD53, 0xBD33, 0xB532, 0xB512, 0xACD1, 0xACD1, 0xA4B0, 0xA490,
  0xA490, 0x9C4F, 0x942E, 0x940E, 0x940E, 0x9C2E, 0x940E, 0x93EE, 0x93EE, 0x93EE, 0x93EE, 0x8BCD, 0x8BCD, 0x8BCD, 0x9C91, 0x9C91,
  0xA4B1, 0xA4B1, 0xA4B1, 0xA4B1, 0xA4B1, 0xA4B1, 0xA4B1, 0xA4B1, 0xA4B1, 0xA4B1, 0xACD1, 0xACD1, 0xACD1, 0xACD1, 0xACD1, 0xACD1,
  0xACD1, 0xACB1, 0xA4B0, 0xACD1, 0xACB1, 0xACD1, 0xACD1, 0xACF1, 0xACF1, 0xB4F2, 0xB4F2, 0xB512, 0xB512, 0xB512, 0xB512, 0xB4F2,
  0xB4F2, 0xB4F2, 0xACF2, 0xB4F2, 0xB4F2, 0xB512, 0xB512, 0xB512, 0xB512, 0xB512, 0xB512, 0xB512, 0xB512, 0xB512, 0xAD12, 0xB512,
  0xBD33, 0xBD33, 0xBD33, 0xBD33, 0xB532, 0xB553, 0xBD53, 0xB553, 0xB532, 0xB553, 0xB512, 0xB512, 0xBD33, 0xBD53, 0xBD33, 0xBD53,
  0xBD53, 0xBD32, 0xBD53, 0xBD33, 0xB532, 0xBD32, 0xBD33, 0xBD32, 0xBD53, 0xBD53, 0xBD53, 0xBD33, 0xB532, 0xBD33, 0xBD33, 0xBD33,
  0xBD32, 0xB512, 0xB512, 0xB512, 0xB4F2, 0xB4F2, 0xB4F2, 0xACF1, 0x9CB1, 0x9CB1, 0x9C91, 0x9C91, 0x9C91, 0x9C91, 0xA4B1, 0xA4B1,
  0xA491, 0xA4B1, 0xA4B1, 0xA4B1, 0xA4B1, 0xA4B1, 0xA4B1, 0xA4B1, 0xA4B1, 0xA4B1, 0xA4D1, 0xACD2, 0xACD2, 0xACD2, 0xACF2, 0xACF2,
  0xACD2, 0xACD1, 0xACD2, 0xACD1, 0xACD1, 0xACD1, 0xACD1, 0xACD1, 0xACB1, 0xACB1, 0xA4B1, 0xACB1, 0xACB1, 0xACD1, 0xACD1, 0xACD1,
  0xACD1, 0xACD1, 0xA4B1, 0xA4B1, 0xACD1, 0xACD1, 0xACD1, 0xACF1, 0xACD1, 0xACD1, 0xACD1, 0xACD1, 0xACF2, 0xACF1, 0xACF1, 0xB4F1,
  0xB4F1, 0xB4F1, 0xACD1, 0xACF1, 0xB512, 0xB4F2, 0xB4F2, 0xB512, 0xB512, 0xB4F1, 0xACD1, 0xB4D1, 0xACD1, 0xB4F1, 0xB4F1, 0xB511,
  0xB512, 0xB512, 0xB512, 0xB512, 0xB512, 0xB512, 0xB512, 0xB512, 0xB512, 0xB512, 0xB512, 0xB512, 0xB532, 0xB512, 0xB512, 0xB512,
  0xB512, 0xB512, 0x9C91, 0x9C91, 0x9C91, 0x9C91, 0x9C91, 0x9C91, 0x9C91, 0x9C91, 0x9C91, 0x9C91, 0x9C91, 0x9C91, 0x9C91, 0x9C91,
  0x9C91, 0x9C91, 0xA491, 0xA491, 0xA491, 0x9C91, 0xA4B1, 0xA491, 0xA491, 0xA491, 0xA4B1, 0xA4B1, 0xA4B1, 0xA4B1, 0xA4B1, 0xA4B1,
  0xA4B1, 0xACD1, 0xACD1, 0xA4D1, 0xA4B1, 0xA4B1, 0xA4B1, 0xA4B1, 0xACD1, 0xACD1, 0xACD1, 0xACD1, 0xA4B1, 0xA4B1, 0xACD1, 0xACD1,
  0xACB1, 0xACB1, 0xA4B1, 0xA491, 0xA491, 0xA470, 0xA491, 0xA470, 0x9C4F, 0x9C4F, 0xA490, 0xA4B0, 0xA490, 0xA470, 0xACB1, 0xA4B0,
  0x9C6F, 0x9C4F, 0xA470, 0xA490, 0xACB1, 0xACD1, 0xACD1, 0xACD1, 0xACF1, 0xACD1, 0xA490, 0xA4B0, 0xA4B0, 0xA4B0, 0xACD1, 0xB512,
  0xB4F1, 0xACD1, 0xACD1, 0xACD1, 0xACD1, 0xB4F1, 0xACD1, 0xACD1, 0xACF1, 0xACF1, 0xACF1, 0xACF1, 0x9470, 0x9470, 0x9471, 0x9471,
  0x9471, 0x9C71, 0x9C91, 0x9C91, 0x9C91, 0x9C71, 0x9C71, 0x9C91, 0x9C71, 0x9C71, 0x9C71, 0x9C91, 0x9C91, 0x9C91, 0x9C91, 0x9C91,
  0x9C91, 0x9C91, 0x9C71, 0x9C90, 0x9C91, 0x9C91, 0x9C91, 0x9C91, 0x9C91, 0x9C90, 0x9C90, 0xA4B1, 0xA4B1, 0xA4B1, 0xA491, 0xA491,
  0xA4B1, 0xA491, 0xA491, 0xA491, 0xA491, 0xA491, 0xA4B1, 0xA4B1, 0xA4B1, 0xA4B1, 0xA491, 0xA491, 0xA4B1, 0xA491, 0xA4B1, 0xACD2,
  0xACF2, 0xACD2, 0xACD1, 0xACD1, 0xACB1, 0xACB1, 0xA4B1, 0xA4B1, 0xA4B1, 0xA490, 0xA470, 0xA470, 0x9C4F, 0x9C4F, 0xA490, 0xA490,
  0xA490, 0xA470, 0x9C6F, 0x9C6F, 0x9C6F, 0x9C6F, 0xA490, 0xACB1, 0xACB1, 0xACD1, 0xACD1, 0xACD1, 0xACD1, 0xACD1, 0xACD1, 0xACD1,
  0xACD1, 0xB4F2, 0xACF1, 0xACF1, 0xB4F2, 0xACF1, 0x9450, 0x9470, 0x9450, 0x9471, 0x9471, 0x9471, 0x9471, 0x9C91, 0x9470, 0x9491,
  0x9470, 0x9470, 0x9471, 0x9C71, 0x9C71, 0x9C71, 0x9C91, 0x9C71, 0x9C71, 0x9C71, 0x9C71, 0x9C71, 0x9C91, 0x9C91, 0x9C91, 0x9C91,
  0x9C91, 0x9C91, 0x9C91, 0x9C91, 0x9C91, 0x9C71, 0x9C91, 0x9C91, 0x9C91, 0x9C91, 0x9C91, 0x9C91, 0x9C91, 0xA491, 0xA491, 0xA491,
  0xA491, 0xA491, 0xA491, 0xA491, 0xA491, 0xA491, 0xA491, 0xA491, 0xA491, 0xA4B1, 0xA4B1, 0xA4B1, 0xA4B1, 0xA4B1, 0xA491, 0xA491,
  0xA491, 0xA491, 0xA490, 0xA4B1, 0xACB1, 0xACB1, 0xACD1, 0xACD1, 0xA4B1, 0xA491, 0xA4B1, 0xA4B1, 0xA4B1, 0xA4B1, 0xA4B0, 0xA4B1,
  0xA4B1, 0xACB1, 0xA490, 0x9C4F, 0xA490, 0xACD1, 0xACD1, 0xB4F2, 0xB4F1, 0xB4F1, 0xACD1, 0xACB1, 0xACD1, 0xACD1, 0xACF1, 0xACF1
};

#endif
